# set_id x y
0 0.855475 -0.936179
0 0.389889 0.094895
0 0.530723 -0.372659
0 0.976527 -0.474819
0 0.186483 0.487315
0 0.301401 1.465008
0 0.031070 0.275837
0 0.391838 0.742391
0 0.200183 0.858705
0 0.680035 -0.956782
0 0.181321 1.197696
0 0.674813 -0.900173
0 0.263475 1.155626
0 0.355218 0.730514
0 0.348861 0.710558
0 0.716752 -1.400333
0 0.466509 -0.384446
0 0.361299 0.686817
0 0.852623 -0.782272
0 0.571951 -0.822676
0 0.213831 0.963945
0 0.900091 -0.571195
0 0.342650 0.188486
0 0.038979 -0.032064
0 0.494600 0.156100
0 0.123938 0.818491
0 0.238466 0.651273
0 0.747111 -0.952301
0 0.130752 1.038916
0 0.806944 -0.703551
1 0.504219 -0.007698
1 0.531824 -0.166365
1 0.314582 0.983325
1 0.773939 -0.756947
1 0.764757 -0.829161
1 0.844272 -0.816377
1 0.895505 -0.853137
1 0.434349 0.421198
1 0.766876 -1.002789
1 0.806399 -0.879913
1 0.308460 1.595253
1 0.929242 -0.587214
1 0.094342 0.685343
1 0.994269 0.284539
1 0.770091 -0.962643
1 0.093271 1.254418
1 0.656230 -0.944810
1 0.034179 0.310335
1 0.770187 -1.231609
1 0.799223 -1.058011
1 0.602410 -0.525289
1 0.856860 -0.529046
1 0.097883 0.672702
1 0.275924 1.364498
1 0.414178 0.484993
1 0.042458 0.163968
1 0.448216 1.130853
1 0.265213 1.113706
1 0.392735 0.408245
1 0.425103 0.245137
2 0.597856 -0.476321
2 0.815901 -0.899982
2 0.067527 0.555979
2 0.512243 0.075470
2 0.258557 1.179457
2 0.662924 -0.966053
2 0.118677 1.314809
2 0.937051 -0.314956
2 0.894729 -1.172999
2 0.185974 0.619456
2 0.323266 0.373749
2 0.587635 -0.518021
2 0.718062 -1.016475
2 0.442656 0.212030
2 0.156291 1.434892
2 0.104151 0.773381
2 0.999765 0.216355
2 0.455352 -0.002456
2 0.872532 -1.017731
2 0.482376 0.121550
2 0.922358 -0.416818
2 0.087759 -0.033006
2 0.114019 0.602585
2 0.929632 -0.423648
2 0.947493 -0.388504
2 0.314717 0.674441
2 0.355165 0.627659
2 0.452450 0.241281
2 0.416162 0.529985
2 0.190045 1.111319
3 0.966203 -0.487807
3 0.521980 -0.450850
3 0.909798 -0.548630
3 0.793673 -0.989645
3 0.058719 0.089875
3 0.429099 0.339404
3 0.698318 -0.578926
3 0.986712 -0.325193
3 0.458376 -0.159543
3 0.092785 0.833299
3 0.562009 -0.232143
3 0.126564 0.527865
3 0.751520 -1.474605
3 0.507677 -0.271604
3 0.723431 -1.002510
3 0.869362 -0.382006
3 0.628948 -1.035403
3 0.612439 -0.674514
3 0.754570 -0.797044
3 0.842455 -1.550343
3 0.869054 -0.422890
3 0.036430 -0.127831
3 0.556190 -0.246166
3 0.216269 1.051630
3 0.860346 -0.443750
3 0.648398 -0.637781
3 0.420222 -0.232659
3 0.188104 0.689892
3 0.339024 0.889061
3 0.703778 -1.016617
4 0.352120 1.150597
4 0.287473 1.250732
4 0.174537 1.661438
4 0.764076 -1.221092
4 0.496289 -0.128904
4 0.919246 -0.577738
4 0.032592 0.056289
4 0.066978 0.141517
4 0.403274 -0.257781
4 0.080277 0.352870
4 0.262730 1.107611
4 0.986030 -0.235632
4 0.208960 1.547551
4 0.198118 0.951348
4 0.573641 -0.059055
4 0.497998 0.091003
4 0.580438 -0.236243
4 0.376735 0.783128
4 0.826762 -0.475289
4 0.138581 0.781580
4 0.428393 0.583732
4 0.689762 -0.819325
4 0.868236 -0.822995
4 0.369572 0.852303
4 0.567746 0.257396
4 0.069140 0.339764
4 0.170319 1.003110
4 0.069138 0.798207
4 0.727881 -0.648282
4 0.288060 0.975057
5 0.365047 0.394359
5 0.149941 0.152868
5 0.872104 -0.674830
5 0.602119 -0.501309
5 0.133786 1.107826
5 0.693859 -0.467028
5 0.847666 -0.346548
5 0.237536 0.697528
5 0.150601 0.705550
5 0.008617 0.198218
5 0.047250 1.052112
5 0.762251 -0.553009
5 0.987186 0.255395
5 0.044880 0.161933
5 0.748071 -1.264886
5 0.071862 0.673009
5 0.592133 -0.877292
5 0.756075 -1.070802
5 0.359204 0.739257
5 0.010935 0.546524
5 0.595189 -0.669476
5 0.991245 -0.786759
5 0.257617 1.150188
5 0.189491 0.718889
5 0.123926 0.715108
5 0.555256 -0.366260
5 0.596445 -0.651681
5 0.792271 -0.727834
5 0.753073 -1.459673
5 0.892541 -0.780143
6 0.697274 -1.456457
6 0.956972 -0.699479
6 0.587522 -0.189624
6 0.664345 -0.451610
6 0.437128 0.161347
6 0.756121 -1.188886
6 0.997667 0.170215
6 0.160389 0.147506
6 0.202405 0.397260
6 0.539438 -0.329487
6 0.481375 0.581722
6 0.571570 -0.565402
6 0.049074 0.333760
6 0.404276 0.905974
6 0.582978 0.133999
6 0.585191 -0.683130
6 0.657334 -0.840285
6 0.720216 -0.435924
6 0.641547 -1.233333
6 0.790243 -0.659928
6 0.624761 -1.011537
6 0.537508 -0.202750
6 0.606196 -0.691615
6 0.101193 0.306431
6 0.273157 0.694503
6 0.527400 -0.088384
6 0.872987 -0.417331
6 0.679052 -0.941195
6 0.090408 0.559024
6 0.592275 -0.376488
7 0.552253 -0.224126
7 0.211741 1.146496
7 0.819451 -1.178576
7 0.498600 0.019740
7 0.033878 -0.398229
7 0.683015 -0.849216
7 0.950496 -0.077405
7 0.829150 -0.962886
7 0.277198 1.530392
7 0.053325 0.064446
7 0.940351 -0.300839
7 0.937063 -0.395968
7 0.532415 -0.232356
7 0.642317 -0.814009
7 0.462600 0.264965
7 0.419765 0.737433
7 0.119448 1.095338
7 0.096753 0.570483
7 0.232732 1.238715
7 0.836641 -1.065979
7 0.145832 1.023136
7 0.226699 0.760704
7 0.548614 0.026475
7 0.215131 1.639289
7 0.163207 0.818327
7 0.563316 -1.045180
7 0.368093 0.572695
7 0.626159 -0.342676
7 0.912205 -0.358153
7 0.150993 0.887343
8 0.463720 0.570463
8 0.030995 0.356176
8 0.617669 -0.600395
8 0.678311 -0.856602
8 0.746732 -1.052280
8 0.516575 0.209739
8 0.603945 -0.867257
8 0.396065 0.121027
8 0.041253 0.440640
8 0.099952 0.776912
8 0.654996 -0.682994
8 0.995555 0.094395
8 0.015803 0.002969
8 0.557583 -0.117721
8 0.751009 -1.013647
8 0.826775 -1.032023
8 0.545205 -0.373795
8 0.619916 -0.077970
8 0.696725 -1.464990
8 0.858966 -0.624701
8 0.122290 0.191229
8 0.926182 -0.479830
8 0.026017 0.032657
8 0.836200 -1.482389
8 0.076740 0.580418
8 0.194628 0.826075
8 0.003894 -0.605297
8 0.445257 0.589090
8 0.334359 1.293286
8 0.165993 1.310938
9 0.902150 -0.826784
9 0.877477 -0.048419
9 0.959596 -0.110199
9 0.228336 1.204650
9 0.931824 -0.897836
9 0.571213 -0.679475
9 0.422495 0.839322
9 0.560374 -0.284240
9 0.342602 0.261320
9 0.288553 1.282291
9 0.241314 0.835376
9 0.082428 0.918461
9 0.496565 -0.004769
9 0.887762 -0.586785
9 0.630152 -0.375936
9 0.520976 -0.400660
9 0.428593 0.135908
9 0.464402 0.162861
9 0.209277 1.215596
9 0.822936 -1.296083
9 0.198383 0.447457
9 0.716623 -0.730974
9 0.759985 -1.178926
9 0.574869 -0.570925
9 0.862926 -1.315706
9 0.291050 0.763227
9 0.881617 -0.679375
9 0.729410 -0.712530
9 0.798750 -1.184824
9 0.664580 -0.362182
10 0.341378 0.927017
10 0.800577 -0.232127
10 0.853651 -1.112539
10 0.153492 0.252374
10 0.582682 -0.110477
10 0.285312 0.727445
10 0.739172 -1.003899
10 0.238785 0.821743
10 0.671404 -0.800072
10 0.255125 0.714321
10 0.511144 -0.123943
10 0.948646 -0.182149
10 0.381308 0.376043
10 0.875738 -0.913843
10 0.986945 -0.186153
10 0.874851 -1.136414
10 0.165866 0.736731
10 0.819658 -0.870100
10 0.032149 0.080765
10 0.393302 0.539890
10 0.870733 -0.731777
10 0.688752 -1.123585
10 0.532740 0.003052
10 0.387864 1.078501
10 0.812297 -1.063681
10 0.709558 -0.822330
10 0.468405 0.125329
10 0.892484 -0.515673
10 0.229948 1.461808
10 0.170392 1.030087
11 0.093109 0.642896
11 0.844409 -0.863170
11 0.174978 0.875755
11 0.764812 -0.783713
11 0.360565 0.745814
11 0.782761 -1.320951
11 0.206273 0.920073
11 0.186662 0.942119
11 0.497026 0.053166
11 0.032936 0.254045
11 0.225297 1.299790
11 0.724012 -1.312509
11 0.837383 -0.800312
11 0.080785 0.873051
11 0.882078 -1.195356
11 0.797517 -0.901867
11 0.869684 -0.905939
11 0.698429 -1.059172
11 0.674153 -1.160020
11 0.525093 -0.207878
11 0.652787 -0.266809
11 0.919110 -0.865977
11 0.100522 0.239553
11 0.315764 0.525256
11 0.072455 0.957911
11 0.944805 -0.478591
11 0.445265 0.329476
11 0.675344 -1.012822
11 0.841120 -1.123863
11 0.991000 -0.127062
12 0.998228 0.514664
12 0.492463 0.295053
12 0.061304 0.606699
12 0.595858 -0.276216
12 0.119024 0.853077
12 0.244765 0.926160
12 0.328780 0.830845
12 0.731030 -1.121174
12 0.183808 1.705177
12 0.165753 1.029914
12 0.044964 0.139635
12 0.873240 -0.575234
12 0.693505 -1.240919
12 0.039946 0.699716
12 0.028292 -0.021490
12 0.558674 -0.210042
12 0.282534 1.298972
12 0.596726 -0.455591
12 0.434604 0.427770
12 0.923313 -0.460171
12 0.287809 0.954983
12 0.679145 -1.075537
12 0.054054 0.198296
12 0.955861 0.170082
12 0.980757 -0.153171
12 0.739075 -1.233384
12 0.465212 0.061951
12 0.219993 1.312391
12 0.812516 -0.721158
12 0.736354 -0.828228
13 0.525283 0.394454
13 0.317722 1.488176
13 0.104250 0.109871
13 0.414852 1.258020
13 0.123857 0.427442
13 0.410441 0.827685
13 0.556934 -0.058995
13 0.930711 -0.720439
13 0.036222 0.373612
13 0.621458 -0.723458
13 0.457735 0.428746
13 0.020261 0.196163
13 0.249548 1.358898
13 0.118485 0.700198
13 0.216794 0.927952
13 0.274570 1.316926
13 0.401306 0.755244
13 0.529039 0.038095
13 0.000990 -0.193156
13 0.161869 0.536984
13 0.093566 0.384294
13 0.549673 -0.493311
13 0.329075 1.114952
13 0.548398 -0.006632
13 0.221823 0.937830
13 0.024229 0.580926
13 0.941367 0.050415
13 0.108308 0.702217
13 0.126859 0.468749
13 0.146547 1.268687
14 0.007483 0.200454
14 0.161046 0.890327
14 0.674144 -1.007711
14 0.059991 0.268338
14 0.589790 -0.779980
14 0.684000 -0.788756
14 0.588146 -0.554161
14 0.365185 0.550391
14 0.697282 -1.144315
14 0.594294 -0.921531
14 0.207637 1.258437
14 0.563136 -0.362784
14 0.881907 -0.934603
14 0.666833 -0.623984
14 0.471792 0.008178
14 0.321584 0.478594
14 0.085886 0.820193
14 0.244627 0.838301
14 0.011187 -0.052439
14 0.986626 -0.071579
14 0.222482 1.327867
14 0.814876 -0.912053
14 0.168645 0.512438
14 0.283601 1.140959
14 0.418277 0.345713
14 0.324406 1.459073
14 0.798351 -0.954543
14 0.957693 -0.933211
14 0.875294 -0.598588
14 0.153578 1.405404
15 0.606251 -0.139083
15 0.066353 0.531675
15 0.241293 1.216313
15 0.060707 0.723033
15 0.548888 -0.653265
15 0.160338 1.071923
15 0.610407 -0.727764
15 0.790865 -1.722046
15 0.821881 -1.538183
15 0.309544 0.625393
15 0.548955 -0.143396
15 0.563011 -0.351507
15 0.472887 0.224842
15 0.655114 -0.242200
15 0.210087 0.587992
15 0.979243 -0.138279
15 0.098080 0.669313
15 0.829221 -1.099536
15 0.594096 -0.548878
15 0.244855 0.519493
15 0.745675 -0.576659
15 0.084481 0.301747
15 0.774418 -0.378834
15 0.589985 -0.545491
15 0.110750 0.949465
15 0.079506 0.463038
15 0.750836 -1.009209
15 0.292936 0.788622
15 0.889302 -0.605061
15 0.762073 -0.901725
16 0.749515 -1.464345
16 0.975404 -0.233533
16 0.460981 0.103960
16 0.642526 -1.372637
16 0.918665 -0.170991
16 0.248675 0.918846
16 0.886558 -0.432048
16 0.097545 1.283167
16 0.648448 -0.909221
16 0.782838 -1.105136
16 0.614606 -0.623855
16 0.495535 0.324226
16 0.617347 -0.842316
16 0.151664 0.625829
16 0.215571 1.293850
16 0.269899 1.105786
16 0.597779 -1.189859
16 0.441901 -0.010625
16 0.244476 1.449768
16 0.882809 -0.550995
16 0.373922 0.483222
16 0.446032 0.281509
16 0.409701 0.541383
16 0.181943 1.130677
16 0.731627 -1.400823
16 0.448458 0.065931
16 0.016257 0.183856
16 0.964014 -0.254137
16 0.815764 -0.744281
16 0.723559 -1.355084
17 0.646427 -0.744466
17 0.186692 0.834905
17 0.937705 -0.380251
17 0.301793 1.024462
17 0.255187 1.130045
17 0.711163 -0.347361
17 0.656449 -1.085759
17 0.451299 0.558959
17 0.632446 -0.677079
17 0.159493 0.371288
17 0.673328 -0.654979
17 0.270611 1.371914
17 0.272836 0.732571
17 0.162180 0.848908
17 0.332377 0.351407
17 0.331251 0.494851
17 0.454179 0.598350
17 0.190420 0.790819
17 0.193008 0.603926
17 0.541739 -0.190417
17 0.128877 0.567398
17 0.688897 -1.068449
17 0.943947 -0.123157
17 0.426796 0.095389
17 0.901105 -0.853762
17 0.098317 0.625419
17 0.042958 0.557468
17 0.721369 -0.612414
17 0.761022 -1.197122
17 0.843058 -0.552663
18 0.188560 1.090241
18 0.076639 0.535933
18 0.604134 -0.441615
18 0.986591 -0.096956
18 0.671985 -0.758378
18 0.710762 -1.187605
18 0.984585 0.014208
18 0.678012 -0.698912
18 0.040182 0.048890
18 0.867006 -0.726169
18 0.364678 0.564366
18 0.004364 -0.130538
18 0.507234 -0.382917
18 0.937015 -0.005765
18 0.257331 1.318645
18 0.491513 0.214529
18 0.173777 1.479150
18 0.057693 0.297833
18 0.080545 1.394280
18 0.727011 -1.057845
18 0.864074 -0.677386
18 0.143299 0.664225
18 0.288319 1.082854
18 0.195029 1.191628
18 0.026856 0.133765
18 0.553431 0.203568
18 0.699922 -0.879161
18 0.647877 -0.719961
18 0.388054 0.374100
18 0.555010 -0.213249
19 0.648094 -0.632445
19 0.483512 0.310442
19 0.439350 -0.038464
19 0.112123 0.353316
19 0.518304 -0.331726
19 0.099932 0.480247
19 0.164253 0.449729
19 0.132546 0.313211
19 0.954108 -0.530918
19 0.284865 1.001978
19 0.355204 0.435189
19 0.322081 0.864443
19 0.898250 -0.279077
19 0.562966 -0.775920
19 0.919160 -0.548306
19 0.299925 1.258629
19 0.114835 0.535052
19 0.556218 -0.518032
19 0.345537 1.174228
19 0.801907 -1.039147
19 0.879423 -0.355835
19 0.472574 0.300164
19 0.971359 -0.281840
19 0.553013 -0.183058
19 0.270920 1.087508
19 0.488976 0.375478
19 0.037310 0.067783
19 0.804001 -0.930626
19 0.101435 0.576601
19 0.308748 1.143887
20 0.090172 0.280931
20 0.433374 0.484366
20 0.352745 0.876234
20 0.720459 -0.837287
20 0.579027 -0.375298
20 0.491566 -0.200174
20 0.486982 -0.323257
20 0.966297 0.051521
20 0.756294 -0.943468
20 0.496980 0.363790
20 0.479223 0.116758
20 0.026479 -0.255943
20 0.942509 -0.063581
20 0.319174 0.795914
20 0.255939 1.101905
20 0.999409 -0.197952
20 0.718690 -0.487421
20 0.047364 0.030253
20 0.061885 0.277884
20 0.025502 0.191781
20 0.599619 -0.913501
20 0.071565 0.533809
20 0.933388 0.077152
20 0.936907 -0.533264
20 0.546054 -0.166802
20 0.616639 -1.493832
20 0.291894 0.953876
20 0.063973 0.297302
20 0.737460 -1.242447
20 0.101786 0.921262
21 0.773850 -0.370253
21 0.392710 0.906038
21 0.032868 0.497846
21 0.116099 1.593031
21 0.038723 0.395696
21 0.328944 1.024878
21 0.495491 0.239529
21 0.356317 0.482365
21 0.560599 -0.504795
21 0.480609 -0.030316
21 0.677943 -0.704964
21 0.666962 -0.919205
21 0.318064 0.951406
21 0.346214 1.149004
21 0.585148 -0.250895
21 0.596432 -0.618021
21 0.314700 0.717503
21 0.330318 1.215925
21 0.694045 -0.706664
21 0.647411 -1.281225
21 0.135051 0.656376
21 0.441042 0.411685
21 0.892706 -0.390583
21 0.036306 0.499172
21 0.855164 -0.704351
21 0.163178 1.030433
21 0.507249 -0.026288
21 0.424336 0.255546
21 0.010129 -0.014778
21 0.915397 -0.501196
22 0.505976 -0.054320
22 0.100811 -0.085862
22 0.658846 -0.775769
22 0.133977 0.467349
22 0.511173 0.075563
22 0.054382 -0.049474
22 0.299512 0.961001
22 0.232080 0.908719
22 0.620032 -0.593761
22 0.786787 -0.935997
22 0.057303 0.275767
22 0.850284 -1.268850
22 0.860768 -1.210592
22 0.342269 0.661437
22 0.659004 -0.843442
22 0.402613 0.391950
22 0.154191 1.011776
22 0.528662 -0.262886
22 0.086360 0.226872
22 0.878472 -0.774942
22 0.924290 -0.390204
22 0.821613 -0.803000
22 0.562528 0.180667
22 0.557599 -0.554727
22 0.984607 -0.118608
22 0.247902 1.127750
22 0.075948 0.452265
22 0.561941 -0.529621
22 0.328786 0.415180
22 0.322339 0.745222
23 0.310363 0.963475
23 0.966764 0.076011
23 0.439212 0.413703
23 0.447126 0.694661
23 0.552333 -0.320525
23 0.409502 0.503864
23 0.552672 -0.005643
23 0.432335 0.118924
23 0.826715 -0.041729
23 0.909051 -0.428274
23 0.932110 -0.299496
23 0.564296 -0.235557
23 0.442149 0.918681
23 0.705240 -0.722961
23 0.838324 -1.331442
23 0.562982 0.035560
23 0.699981 -1.053289
23 0.749729 -0.967852
23 0.676394 -1.278724
23 0.746134 -0.841844
23 0.208645 0.771019
23 0.498375 0.040264
23 0.588269 -0.611840
23 0.002478 0.593073
23 0.855963 -0.191756
23 0.610025 -0.623589
23 0.129136 0.744436
23 0.816357 -1.026368
23 0.717057 -0.646853
23 0.758300 -1.097317
24 0.837617 -1.493505
24 0.484384 0.031113
24 0.048722 0.642760
24 0.016491 0.108951
24 0.473475 0.016207
24 0.164379 1.125552
24 0.705126 -0.668089
24 0.795323 -0.566713
24 0.228297 1.253019
24 0.592177 -0.222913
24 0.154445 1.044987
24 0.303583 1.023519
24 0.888795 -0.616384
24 0.544098 -0.344723
24 0.885889 -1.020824
24 0.225248 0.701337
24 0.330024 0.791629
24 0.470952 0.253937
24 0.480080 0.557078
24 0.997648 -0.027317
24 0.114445 0.959736
24 0.851965 -0.477904
24 0.863682 -0.824996
24 0.553199 -0.149660
24 0.344037 0.757407
24 0.519226 0.276133
24 0.292468 1.155364
24 0.799107 -1.309920
24 0.498279 0.059270
24 0.925842 0.045164
25 0.779358 -0.841661
25 0.292595 0.563684
25 0.803883 -0.661979
25 0.328071 0.781601
25 0.805991 -0.679827
25 0.086800 0.274495
25 0.044397 0.328467
25 0.997675 0.090996
25 0.869457 -0.777509
25 0.882848 -0.550032
25 0.951280 -0.381278
25 0.438316 0.183222
25 0.286836 1.454981
25 0.130025 1.043762
25 0.501209 -0.235857
25 0.220048 1.152877
25 0.935551 -0.616773
25 0.004003 -0.330255
25 0.143197 1.093303
25 0.246476 0.488525
25 0.198957 1.227067
25 0.225778 0.912625
25 0.656048 -0.894226
25 0.327512 1.006655
25 0.615024 -0.487067
25 0.890258 -0.884077
25 0.602557 -0.385388
25 0.694533 -0.905871
25 0.365503 0.371200
25 0.159738 0.792484
26 0.247068 1.134273
26 0.859178 -0.886772
26 0.297330 1.703929
26 0.210193 0.840617
26 0.309250 0.760161
26 0.203150 0.424502
26 0.317655 1.329829
26 0.082936 0.788311
26 0.158530 1.564685
26 0.417053 0.081040
26 0.879467 -0.249534
26 0.057291 0.373285
26 0.212675 1.214456
26 0.908346 -1.038907
26 0.890015 -0.196928
26 0.679451 -0.667397
26 0.240474 0.986536
26 0.419811 0.676330
26 0.211221 0.740814
26 0.128589 0.549037
26 0.379998 0.545521
26 0.575822 -1.014402
26 0.359933 1.029310
26 0.610825 -0.283929
26 0.296255 0.747661
26 0.345851 0.928526
26 0.790674 -1.047184
26 0.878315 -0.593745
26 0.322034 0.711038
26 0.571516 -0.699405
27 0.867598 -0.523489
27 0.758372 -0.811629
27 0.992247 0.055687
27 0.754361 -1.069480
27 0.852179 -0.226263
27 0.832366 -1.141128
27 0.730266 -0.991030
27 0.801802 -0.943031
27 0.934683 -0.278242
27 0.475207 0.026306
27 0.638287 -0.669184
27 0.514940 -0.144384
27 0.851037 -1.279756
27 0.431360 0.420900
27 0.819727 -1.235726
27 0.799355 -1.472618
27 0.961886 -0.196132
27 0.248921 1.146342
27 0.709620 -0.809976
27 0.756919 -0.828904
27 0.936278 -0.969540
27 0.906902 -0.960462
27 0.573526 0.146338
27 0.579153 -0.791247
27 0.167291 1.051233
27 0.974963 -0.362747
27 0.255017 1.023405
27 0.724736 -1.177404
27 0.795795 -0.790426
27 0.441216 0.402045
28 0.939872 -0.344689
28 0.961261 -0.475548
28 0.680684 -1.164853
28 0.817816 -0.679840
28 0.792425 -0.831199
28 0.491304 0.191204
28 0.704458 -0.875082
28 0.078259 0.486000
28 0.758021 -0.789807
28 0.961833 0.043014
28 0.084975 0.782273
28 0.836116 -0.887386
28 0.932980 0.007334
28 0.226189 1.057368
28 0.524811 0.034450
28 0.927858 -0.353290
28 0.960226 -0.173212
28 0.127882 0.499071
28 0.349004 1.023084
28 0.698145 -0.093801
28 0.221558 0.871637
28 0.324771 0.912958
28 0.023291 0.011959
28 0.153522 0.675418
28 0.562329 0.081641
28 0.653090 -1.022167
28 0.648912 -0.947203
28 0.778360 -1.460413
28 0.415281 0.280235
28 0.273491 0.476607
29 0.475912 -0.252400
29 0.620922 -0.562649
29 0.413742 0.679654
29 0.470182 0.513398
29 0.290309 0.687202
29 0.439853 0.097052
29 0.685592 -0.781256
29 0.039942 0.226986
29 0.795027 -1.525974
29 0.282980 1.091140
29 0.682560 -1.467285
29 0.642725 -1.064892
29 0.652628 -0.413108
29 0.608129 -0.080858
29 0.959102 -0.618849
29 0.508344 -0.151221
29 0.732319 -0.981049
29 0.705449 -0.426709
29 0.236268 0.848419
29 0.283306 0.835118
29 0.424017 0.924102
29 0.277698 0.872458
29 0.366743 0.959484
29 0.390961 0.189619
29 0.603865 -0.658624
29 0.219890 0.484279
29 0.804292 -1.259009
29 0.437536 0.634233
29 0.706244 -0.977417
29 0.081442 0.393944
30 0.663315 -1.145553
30 0.515859 0.543551
30 0.523168 -0.198403
30 0.924619 -0.688553
30 0.620081 -0.255588
30 0.311064 1.011838
30 0.400067 0.760893
30 0.133496 0.702414
30 0.192314 0.839428
30 0.143350 0.732883
30 0.810291 -1.343923
30 0.704873 -0.986450
30 0.530345 -0.100700
30 0.374368 1.265049
30 0.668494 -0.845910
30 0.812905 -1.623155
30 0.881233 -0.707074
30 0.547016 0.530718
30 0.819885 -0.645224
30 0.511306 -0.314244
30 0.474530 0.336682
30 0.865432 -0.970918
30 0.386374 0.248670
30 0.395913 0.503855
30 0.304911 0.968527
30 0.518702 -0.678883
30 0.544850 -0.622834
30 0.660461 -0.842776
30 0.430502 0.300469
30 0.217837 1.098094
31 0.959026 -0.472368
31 0.944369 -0.707115
31 0.714917 -1.399858
31 0.068939 -0.282187
31 0.593340 -0.870331
31 0.989078 0.119677
31 0.946916 -0.806935
31 0.106002 0.207435
31 0.395967 1.145363
31 0.315537 0.725461
31 0.129728 0.824112
31 0.694798 -0.747756
31 0.273848 1.187552
31 0.344866 0.370860
31 0.090359 0.468411
31 0.497968 -0.472698
31 0.158168 1.571999
31 0.432090 -0.064604
31 0.143342 0.469376
31 0.953850 -0.598103
31 0.144983 0.341090
31 0.521887 0.268690
31 0.196980 1.671756
31 0.076362 0.318873
31 0.202309 0.559312
31 0.054774 -0.333675
31 0.139397 0.694862
31 0.493484 -0.053981
31 0.651816 -1.011058
31 0.087340 0.588053
32 0.172367 0.866739
32 0.929768 -0.439125
32 0.043003 0.048823
32 0.565148 0.317157
32 0.548264 -0.318482
32 0.250609 0.877673
32 0.452772 0.300197
32 0.087738 -0.077072
32 0.721270 -1.211712
32 0.221697 1.279201
32 0.193385 0.748712
32 0.314878 0.669395
32 0.902370 -0.182816
32 0.796467 -0.555606
32 0.946892 -0.172430
32 0.651962 -0.952738
32 0.662922 -0.925862
32 0.480031 -0.116105
32 0.905186 -0.859547
32 0.510877 -0.381615
32 0.355060 0.604507
32 0.640375 -1.082429
32 0.546139 -0.754971
32 0.124020 0.768559
32 0.392725 0.694515
32 0.313325 1.432120
32 0.846834 -1.021051
32 0.378843 0.778661
32 0.821555 -0.806810
32 0.442390 0.277972
33 0.419659 0.232227
33 0.174819 1.240376
33 0.029072 0.290128
33 0.406598 0.630688
33 0.649209 -0.600000
33 0.573984 0.068554
33 0.156241 0.882726
33 0.450693 0.270958
33 0.369471 1.183856
33 0.274202 1.278725
33 0.729271 -1.087824
33 0.309652 0.932135
33 0.540142 -0.190939
33 0.923224 -0.355363
33 0.539276 -0.651261
33 0.617023 -1.133538
33 0.073246 0.177927
33 0.178134 0.610352
33 0.100951 0.399463
33 0.764813 -0.805259
33 0.835921 -0.908460
33 0.186455 0.980266
33 0.219272 0.614129
33 0.323207 0.757571
33 0.591078 -0.365354
33 0.621796 -0.514245
33 0.686754 -1.139448
33 0.905193 -0.512583
33 0.295040 1.619878
33 0.658759 -0.845404
34 0.427429 0.193107
34 0.510326 -0.087263
34 0.509300 -0.086602
34 0.020368 -0.536954
34 0.503046 -0.085014
34 0.855971 -0.833597
34 0.709274 -1.015527
34 0.795709 -0.534268
34 0.390485 0.270334
34 0.528973 -0.428427
34 0.033484 -0.574824
34 0.382998 0.526420
34 0.474416 0.041364
34 0.255209 0.846471
34 0.031241 0.527338
34 0.690408 -0.672532
34 0.435088 0.419999
34 0.415678 0.394185
34 0.249987 1.307857
34 0.537830 -0.241391
34 0.438027 0.134142
34 0.473984 -0.352141
34 0.580871 -0.618938
34 0.006325 0.266122
34 0.907696 0.134968
34 0.071087 0.450434
34 0.450925 0.073879
34 0.207373 0.608857
34 0.523782 0.016713
34 0.280230 0.452630
35 0.552359 -0.020058
35 0.835885 -0.949191
35 0.279796 0.918370
35 0.519141 -0.413149
35 0.117480 0.978071
35 0.884610 -0.893104
35 0.175005 0.995952
35 0.102362 0.578333
35 0.205051 0.644547
35 0.806231 -1.120963
35 0.105815 1.031805
35 0.614427 -0.598112
35 0.746181 -1.302457
35 0.751081 -0.908378
35 0.190061 0.886083
35 0.061624 1.413806
35 0.448806 0.401678
35 0.202485 0.841578
35 0.699271 -0.523622
35 0.356693 0.231281
35 0.449354 0.341171
35 0.113485 1.252470
35 0.567550 -0.446662
35 0.185524 0.399067
35 0.678986 -1.020870
35 0.071169 0.868768
35 0.975895 -0.038059
35 0.684527 -1.168227
35 0.181730 0.703828
35 0.014095 -0.079467
36 0.530756 -0.200730
36 0.846182 -0.707585
36 0.070651 0.549333
36 0.030481 0.080070
36 0.465168 -0.001160
36 0.956187 0.364684
36 0.279010 1.284396
36 0.959171 -0.007153
36 0.887681 -0.475695
36 0.283135 0.677411
36 0.816948 -0.529566
36 0.685867 -1.172845
36 0.511822 0.010772
36 0.422916 -0.026200
36 0.815503 -1.528753
36 0.793079 -0.868103
36 0.756936 -1.241780
36 0.998256 -0.607708
36 0.478512 0.296783
36 0.806923 -0.300695
36 0.862478 -0.343626
36 0.211603 0.893843
36 0.042066 0.263898
36 0.404748 0.829702
36 0.856737 -0.446782
36 0.289103 0.866908
36 0.700010 -0.940823
36 0.007348 0.136338
36 0.355364 0.954912
36 0.615517 -0.703667
37 0.819739 -1.160083
37 0.003061 -0.295345
37 0.619677 -0.908679
37 0.934757 -0.331908
37 0.787860 -0.979926
37 0.853634 -0.730782
37 0.396955 0.753401
37 0.824239 -1.081364
37 0.550832 0.125716
37 0.618540 -0.758146
37 0.058915 0.231751
37 0.201552 1.098740
37 0.550964 -0.865727
37 0.058801 0.123950
37 0.741447 -0.704234
37 0.840057 -1.365363
37 0.920362 -0.144485
37 0.101768 1.050079
37 0.939720 -0.480595
37 0.067620 0.499745
37 0.474056 0.498015
37 0.840251 -0.983519
37 0.070311 0.687880
37 0.018231 -0.087046
37 0.024948 0.012829
37 0.511270 -0.310555
37 0.811597 -0.823242
37 0.127427 1.065196
37 0.124610 0.650139
37 0.568547 -0.798875
38 0.590537 -0.209832
38 0.169697 0.658680
38 0.723595 -1.164687
38 0.195242 0.944468
38 0.896285 -0.606426
38 0.026209 0.241818
38 0.521997 0.489727
38 0.320105 1.005421
38 0.225077 0.274347
38 0.471603 0.275369
38 0.842020 -0.826097
38 0.915277 -0.494506
38 0.303249 1.018335
38 0.154244 0.815796
38 0.720140 -0.998236
38 0.581999 -0.308807
38 0.201016 0.790386
38 0.760296 -1.282214
38 0.518930 0.788471
38 0.653395 -1.036128
38 0.359339 0.803197
38 0.439098 -0.075307
38 0.180342 0.940681
38 0.756516 -1.279130
38 0.157011 0.701376
38 0.778303 -0.670710
38 0.798008 -0.813247
38 0.746601 -0.829249
38 0.019423 -0.409627
38 0.273133 1.540524
39 0.567361 -0.309017
39 0.828738 -0.991011
39 0.236290 0.817381
39 0.296387 0.301903
39 0.301785 1.238152
39 0.040870 0.388474
39 0.314688 0.864782
39 0.877914 -0.735211
39 0.911988 -0.304397
39 0.109635 0.169244
39 0.458059 0.083522
39 0.381349 0.337453
39 0.489359 0.598261
39 0.554720 -0.074383
39 0.020259 -0.533862
39 0.842242 -1.290824
39 0.973664 -0.204423
39 0.653405 -0.963138
39 0.660452 -1.243162
39 0.527980 0.408530
39 0.334273 0.956819
39 0.148978 0.947670
39 0.584063 -0.711571
39 0.044941 0.495320
39 0.824503 -1.006551
39 0.420912 0.391723
39 0.414754 0.693671
39 0.327171 0.396032
39 0.969354 0.287741
39 0.174917 0.945486
40 0.357598 1.009647
40 0.478918 -0.294446
40 0.493910 -0.170447
40 0.856195 -1.086697
40 0.770559 -0.773408
40 0.018852 0.169367
40 0.455022 -0.138294
40 0.618074 -0.732298
40 0.460396 -0.201952
40 0.130645 0.715791
40 0.397474 0.103939
40 0.411656 0.685663
40 0.187716 1.037787
40 0.756307 -0.426830
40 0.321401 1.155407
40 0.588987 -0.657318
40 0.515730 0.146746
40 0.877427 -1.115541
40 0.122015 0.404979
40 0.114263 0.757774
40 0.300320 0.302959
40 0.431215 0.407711
40 0.298542 0.647768
40 0.763187 -0.966177
40 0.245266 0.676237
40 0.084775 0.635097
40 0.413800 0.521316
40 0.773379 -0.569120
40 0.850562 -0.804916
40 0.733345 -1.225122
41 0.769750 -1.004886
41 0.724107 -0.857479
41 0.024483 0.222044
41 0.703737 -0.940321
41 0.990146 -0.254182
41 0.242625 1.507057
41 0.274239 0.673299
41 0.813527 -0.793101
41 0.160397 0.749589
41 0.660584 -0.318423
41 0.755026 -1.270546
41 0.037161 0.010793
41 0.553762 -0.622355
41 0.575877 -0.361855
41 0.303443 0.532235
41 0.876345 -0.844666
41 0.162750 0.207749
41 0.364195 0.825574
41 0.848669 -0.963970
41 0.190643 0.484839
41 0.821374 -0.575434
41 0.079069 0.084320
41 0.489229 0.306707
41 0.075331 0.245528
41 0.677904 -0.418669
41 0.790601 -0.742771
41 0.849859 -1.111953
41 0.981262 -0.392586
41 0.672016 -0.700680
41 0.769062 -1.071550
42 0.136027 0.961532
42 0.549318 0.012411
42 0.446597 0.410982
42 0.512186 -0.632334
42 0.215357 0.686366
42 0.938611 -0.206814
42 0.638591 -0.758481
42 0.899601 -1.398014
42 0.109271 1.006738
42 0.622851 -0.656498
42 0.849462 -1.056722
42 0.330921 1.171992
42 0.195143 0.737923
42 0.265021 0.789014
42 0.272934 1.097142
42 0.447199 0.860018
42 0.325964 1.375318
42 0.271274 1.098993
42 0.648512 -0.664772
42 0.053032 0.564530
42 0.340364 0.466006
42 0.689752 -0.735957
42 0.175850 0.673196
42 0.220928 1.078906
42 0.200667 0.884102
42 0.000926 0.156181
42 0.473768 0.199508
42 0.038959 -0.679561
42 0.272940 1.043298
42 0.994803 0.160001
43 0.874635 -0.481589
43 0.944115 -0.083353
43 0.046561 0.180499
43 0.760072 -0.898906
43 0.737152 -0.642585
43 0.996909 0.547720
43 0.347871 1.039590
43 0.285509 0.988456
43 0.453082 0.274320
43 0.856575 -0.616831
43 0.728594 -1.025670
43 0.471624 0.234242
43 0.244563 0.682054
43 0.727016 -0.600473
43 0.854527 -1.134029
43 0.399951 0.458400
43 0.668585 -0.842712
43 0.400212 1.184003
43 0.478493 0.007914
43 0.524910 -0.355683
43 0.775726 -1.152210
43 0.977506 0.356805
43 0.444366 -0.501222
43 0.342315 0.535624
43 0.373591 1.532726
43 0.133889 0.922741
43 0.296939 0.625029
43 0.086447 0.504273
43 0.427894 0.457950
43 0.167357 1.122024
44 0.225638 1.031955
44 0.779139 -1.008434
44 0.285925 0.714355
44 0.071587 0.455931
44 0.036432 0.040611
44 0.443178 0.066007
44 0.617129 -1.158115
44 0.868885 -0.841328
44 0.110804 0.811401
44 0.196673 0.735991
44 0.529801 0.570062
44 0.364108 1.019510
44 0.482537 0.500799
44 0.924125 -0.220311
44 0.544892 0.277522
44 0.415121 0.272288
44 0.989440 -0.834524
44 0.065216 0.264553
44 0.932113 -0.246261
44 0.501662 0.035014
44 0.503756 0.059042
44 0.921964 -0.074629
44 0.507324 0.068616
44 0.438407 0.617086
44 0.272489 0.708165
44 0.658817 -1.168939
44 0.569645 0.060474
44 0.214345 1.005282
44 0.709413 -1.154628
44 0.644087 -0.973044
45 0.046065 0.110353
45 0.462630 0.723577
45 0.814775 -0.657740
45 0.729682 -1.099265
45 0.408601 0.629443
45 0.594703 -0.514100
45 0.436247 -0.433736
45 0.579016 -0.748269
45 0.517505 -0.125021
45 0.680967 -1.014380
45 0.507709 0.025714
45 0.940611 -0.025708
45 0.428028 0.340496
45 0.015916 -0.217458
45 0.236374 1.093793
45 0.500607 -0.101800
45 0.540572 -0.298987
45 0.552385 -0.410765
45 0.714552 -0.302748
45 0.274648 0.315820
45 0.664904 -0.976934
45 0.704032 -0.959686
45 0.411281 0.294672
45 0.402169 0.846653
45 0.178925 1.145907
45 0.413987 0.500181
45 0.786816 -1.054566
45 0.908973 -0.574851
45 0.593613 -0.586291
45 0.299370 0.928760
46 0.271439 1.187125
46 0.775191 -1.058607
46 0.662213 -0.637195
46 0.115271 0.407580
46 0.293375 0.571297
46 0.237864 0.975661
46 0.442528 0.362782
46 0.635334 -0.856014
46 0.433420 0.774428
46 0.244537 0.744349
46 0.695879 -0.848787
46 0.584471 -0.485787
46 0.519314 -0.588070
46 0.554420 -0.731014
46 0.221901 0.988028
46 0.680431 -0.311617
46 0.387501 0.823226
46 0.363468 0.238752
46 0.149734 -0.125112
46 0.596837 -0.351678
46 0.602664 -0.630110
46 0.340301 1.185694
46 0.859850 -1.035329
46 0.845458 -0.720396
46 0.109054 0.886686
46 0.695038 -1.075202
46 0.393835 0.490850
46 0.999715 0.005787
46 0.225024 1.150514
46 0.280524 0.977365
47 0.474382 -0.083212
47 0.341353 0.355397
47 0.216112 0.757173
47 0.484960 -0.510057
47 0.716665 -1.283543
47 0.286692 1.333669
47 0.757717 -0.877748
47 0.629788 -0.671815
47 0.787563 -1.273112
47 0.250910 0.539158
47 0.631028 -1.075122
47 0.153735 0.809625
47 0.363797 1.015541
47 0.724360 -0.716341
47 0.631668 -0.546921
47 0.187861 0.703477
47 0.858343 -0.769744
47 0.053351 0.232569
47 0.595216 -0.623561
47 0.983821 0.509655
47 0.531505 -0.725260
47 0.800672 -1.020147
47 0.595181 -0.199499
47 0.783088 -1.418234
47 0.655594 -1.022297
47 0.691132 -1.091083
47 0.227811 0.923310
47 0.741821 -1.477467
47 0.237910 1.175702
47 0.980640 0.078545
48 0.307201 0.686027
48 0.332805 0.611229
48 0.633106 -0.769274
48 0.189646 1.113349
48 0.919397 -0.108523
48 0.103099 0.695881
48 0.006878 -0.090501
48 0.854945 -1.415039
48 0.703770 -0.936932
48 0.355360 0.796498
48 0.595500 -0.509799
48 0.223544 1.618088
48 0.168390 1.243566
48 0.471149 0.415802
48 0.353188 0.508459
48 0.615230 -0.816294
48 0.218149 0.951588
48 0.662928 -1.086663
48 0.766862 -0.844254
48 0.166636 0.973002
48 0.043858 -0.054397
48 0.439587 0.729579
48 0.774024 -0.957936
48 0.650780 -1.330609
48 0.701882 -0.970046
48 0.402839 0.657621
48 0.234946 1.287367
48 0.531779 -0.299591
48 0.204366 1.207556
48 0.726229 -0.932724
49 0.245785 0.453062
49 0.998892 0.329966
49 0.229652 1.611346
49 0.830635 -0.850353
49 0.159118 0.203842
49 0.980245 0.058859
49 0.225523 0.716971
49 0.421689 0.273425
49 0.558564 -0.171748
49 0.120286 0.762221
49 0.816820 -1.059586
49 0.274686 0.793114
49 0.549270 -0.266900
49 0.549634 -0.429668
49 0.602641 -0.933898
49 0.055486 0.241840
49 0.168619 0.973971
49 0.161192 0.794887
49 0.302051 0.522942
49 0.144914 1.086544
49 0.921921 -1.292783
49 0.512954 -0.215215
49 0.623575 -0.886808
49 0.357488 0.824931
49 0.276246 1.154932
49 0.503177 0.318068
49 0.294323 0.747750
49 0.343646 1.007807
49 0.452751 0.351279
49 0.505734 -0.549480
50 0.825469 -0.387336
50 0.450540 0.411261
50 0.164706 0.734028
50 0.288082 0.691328
50 0.509989 -0.215853
50 0.836681 -1.212489
50 0.171753 1.146584
50 0.612150 -0.880799
50 0.753369 -0.671716
50 0.936048 -0.511288
50 0.116704 0.356298
50 0.926392 -0.574073
50 0.601468 -1.382470
50 0.766702 -1.030730
50 0.053775 0.280449
50 0.506148 0.208802
50 0.622630 -1.262389
50 0.306834 1.285475
50 0.431650 0.662555
50 0.554298 0.041028
50 0.552548 -0.340019
50 0.041862 0.564171
50 0.439482 -0.070223
50 0.213818 1.188184
50 0.916695 -0.731194
50 0.976580 -0.642042
50 0.299647 0.614498
50 0.175185 0.893194
50 0.219504 0.734409
50 0.477752 0.252154
51 0.733491 -0.420489
51 0.366372 0.661180
51 0.746282 -0.628072
51 0.124150 0.715034
51 0.331813 0.995389
51 0.716433 -0.956854
51 0.625683 -0.455778
51 0.837210 -1.059250
51 0.046857 -0.005038
51 0.174392 0.697692
51 0.048495 0.329921
51 0.192114 0.868339
51 0.004283 0.239989
51 0.504210 0.364968
51 0.528314 -0.469719
51 0.657892 -1.057341
51 0.384912 0.230853
51 0.003208 0.629265
51 0.673891 -0.796421
51 0.054291 0.478484
51 0.866170 -1.147290
51 0.022654 0.141508
51 0.530475 -0.037538
51 0.894918 -0.689142
51 0.572490 -0.117169
51 0.608417 0.063822
51 0.681611 -1.193209
51 0.122409 0.388875
51 0.674927 -1.154125
51 0.880355 -0.201060
52 0.442282 0.358670
52 0.137635 0.350822
52 0.004449 -0.133908
52 0.192974 0.839509
52 0.235892 1.120118
52 0.800248 -0.812168
52 0.915438 -0.681064
52 0.405944 0.697827
52 0.405027 0.507321
52 0.712481 -1.833228
52 0.626922 -0.861005
52 0.184140 1.239292
52 0.107689 0.121628
52 0.437612 0.415841
52 0.564828 0.079420
52 0.138708 0.537128
52 0.293273 0.963908
52 0.305943 0.547652
52 0.261298 1.485651
52 0.460761 0.219054
52 0.653064 -0.806193
52 0.509390 0.347326
52 0.201457 1.152288
52 0.102939 0.339935
52 0.821870 -1.093944
52 0.479305 0.278146
52 0.062139 0.193352
52 0.258121 0.363525
52 0.804034 -0.958892
52 0.751726 -1.444005
53 0.112286 0.680372
53 0.784962 -0.822549
53 0.554825 -0.239425
53 0.307131 1.107321
53 0.608450 -0.206109
53 0.332101 1.150960
53 0.448358 0.340202
53 0.862664 -1.111263
53 0.668166 -1.050700
53 0.762402 -1.062855
53 0.583494 -0.425168
53 0.991398 -0.197521
53 0.241410 0.717824
53 0.262291 0.640560
53 0.092559 0.053979
53 0.554020 -0.403420
53 0.613359 -1.094443
53 0.725962 -1.288773
53 0.335446 0.741142
53 0.012257 -0.323840
53 0.632230 -0.624561
53 0.998695 0.213871
53 0.294549 0.796252
53 0.183934 0.783967
53 0.281767 1.141375
53 0.425415 0.237464
53 0.250913 0.765163
53 0.346960 1.179045
53 0.638207 -0.498026
53 0.345028 1.007447
54 0.069417 0.159682
54 0.723410 -1.015193
54 0.748738 -0.572070
54 0.666179 -0.351628
54 0.203781 1.401627
54 0.913216 -0.283099
54 0.753158 -1.376501
54 0.657756 -0.690542
54 0.650944 -1.184910
54 0.904358 -1.011658
54 0.928307 -0.363632
54 0.595637 -0.408431
54 0.416669 0.770998
54 0.363734 0.904489
54 0.819079 -0.747800
54 0.644605 -1.084029
54 0.077266 0.435137
54 0.142186 0.327060
54 0.900186 -1.187851
54 0.884498 -0.441481
54 0.951832 -0.523984
54 0.427851 0.699707
54 0.784061 -0.644683
54 0.828225 -1.067420
54 0.315697 1.093100
54 0.145338 0.593107
54 0.997026 -0.572446
54 0.030219 0.225727
54 0.597336 -0.715424
54 0.650212 -0.941827
55 0.729350 -0.777674
55 0.354656 0.496743
55 0.163417 0.545544
55 0.226506 1.136703
55 0.818113 -0.962994
55 0.267649 0.985929
55 0.774703 -0.666219
55 0.331199 1.100362
55 0.188733 1.325777
55 0.727309 -1.569314
55 0.468545 0.272373
55 0.031277 0.403665
55 0.959942 -0.707016
55 0.147753 0.604171
55 0.353407 0.544105
55 0.384795 0.668789
55 0.489430 0.554721
55 0.785444 -0.368528
55 0.006090 -0.206029
55 0.932472 -0.253707
55 0.645989 -0.626311
55 0.950649 -0.188849
55 0.817390 -0.791995
55 0.927838 -0.346907
55 0.601001 -0.086589
55 0.357309 1.111920
55 0.442914 0.032994
55 0.658032 -0.598923
55 0.426932 0.710854
55 0.731673 -0.898887
56 0.809769 -0.928712
56 0.796149 -0.423686
56 0.141393 1.001125
56 0.518381 -0.023100
56 0.096625 0.550812
56 0.632571 -0.927145
56 0.062930 0.407916
56 0.944481 -0.072597
56 0.207731 0.961006
56 0.682895 -1.007408
56 0.128291 0.646343
56 0.209596 1.265692
56 0.450950 0.670885
56 0.573096 -0.643445
56 0.998863 -0.207719
56 0.025926 0.275987
56 0.000314 0.460235
56 0.350367 1.151456
56 0.366156 0.369731
56 0.883837 -0.745997
56 0.912583 -0.801237
56 0.880525 -0.762393
56 0.143179 1.264413
56 0.412105 0.097834
56 0.745885 -1.485325
56 0.312611 0.675046
56 0.663238 -0.768861
56 0.237143 1.182965
56 0.323419 1.026706
56 0.860430 -0.416084
57 0.343138 1.135518
57 0.841432 -0.153238
57 0.518814 -0.570183
57 0.346752 0.915444
57 0.839612 -1.171594
57 0.752165 -0.694264
57 0.297875 0.673534
57 0.606679 -0.823601
57 0.369390 0.554805
57 0.001052 -0.016250
57 0.961816 -0.140664
57 0.549629 -0.161689
57 0.598433 -0.581520
57 0.599891 -0.986201
57 0.550641 -0.094512
57 0.290048 0.952621
57 0.971576 0.170876
57 0.621668 -0.904473
57 0.670921 -1.359763
57 0.454793 0.270034
57 0.287861 1.360623
57 0.064349 0.441673
57 0.350230 0.748265
57 0.176097 0.633012
57 0.662088 -0.323956
57 0.879004 -0.997977
57 0.302755 0.727947
57 0.332883 1.038448
57 0.670365 -1.434214
57 0.149271 1.188695
58 0.426730 0.148517
58 0.791133 -1.183425
58 0.584613 -0.583298
58 0.009436 -0.647113
58 0.569840 -0.487097
58 0.633604 -0.907652
58 0.915261 -0.272500
58 0.413722 0.621664
58 0.574468 -0.631217
58 0.474997 0.333439
58 0.531656 0.019385
58 0.067304 0.179828
58 0.897284 -0.749414
58 0.910412 -1.201246
58 0.548060 -0.624597
58 0.556556 -0.570658
58 0.057556 0.376054
58 0.597951 -0.860934
58 0.429152 0.276560
58 0.709044 -1.334670
58 0.047125 0.343121
58 0.710888 -0.842241
58 0.286894 1.093962
58 0.651705 -0.811560
58 0.627126 -1.178811
58 0.226841 0.803446
58 0.440452 0.243288
58 0.835633 -0.979698
58 0.605592 -0.593346
58 0.068738 0.846255
59 0.590774 -0.438677
59 0.360382 0.467450
59 0.288741 1.186107
59 0.202920 0.909159
59 0.911872 -0.357703
59 0.799466 -1.141941
59 0.133261 0.690961
59 0.746725 -0.950544
59 0.418531 0.563706
59 0.015397 0.244706
59 0.528367 -0.351053
59 0.130046 0.326183
59 0.209934 1.455916
59 0.696041 -0.196300
59 0.257142 1.133220
59 0.891888 -1.025436
59 0.657170 -1.066625
59 0.832283 -0.716569
59 0.615190 -0.259870
59 0.868850 -1.097765
59 0.361685 0.726423
59 0.549141 -0.245097
59 0.515890 0.159697
59 0.903791 -0.671432
59 0.164915 0.391327
59 0.578061 -0.284681
59 0.754431 -0.662174
59 0.370050 0.703977
59 0.867582 -0.617714
59 0.373015 0.573524
60 0.686048 -0.851512
60 0.104143 0.749504
60 0.198298 1.224097
60 0.826246 -1.095072
60 0.996757 -0.225300
60 0.098339 1.014569
60 0.100329 0.820752
60 0.763387 -1.113696
60 0.064354 0.361258
60 0.068560 0.386762
60 0.888816 -0.633664
60 0.800450 -0.808374
60 0.881563 0.083143
60 0.650513 -0.753982
60 0.322536 1.096706
60 0.906313 -1.061183
60 0.298724 0.808034
60 0.275511 1.355826
60 0.886400 -0.533991
60 0.680823 -2.223750
60 0.895672 -0.407358
60 0.155901 1.405700
60 0.952297 -0.894033
60 0.612742 -0.194788
60 0.668035 -1.701879
60 0.914061 -0.232713
60 0.380753 0.678496
60 0.719575 -1.686775
60 0.640341 -0.638034
60 0.787753 -0.626746
61 0.037556 0.039759
61 0.707825 -0.808231
61 0.548981 -0.469491
61 0.723927 -0.870767
61 0.087623 0.531633
61 0.995526 -0.119287
61 0.994349 -0.133944
61 0.465000 0.065708
61 0.866059 -1.239436
61 0.243569 1.114052
61 0.737566 -0.927486
61 0.879226 -0.433184
61 0.814666 -1.078022
61 0.811774 -0.357000
61 0.463027 0.116306
61 0.819990 -1.167387
61 0.690705 -1.229503
61 0.132451 0.219249
61 0.114184 1.117248
61 0.771922 -0.579209
61 0.625464 -0.528942
61 0.519376 -0.390270
61 0.907262 -0.006893
61 0.659590 -0.948462
61 0.396147 0.526490
61 0.413932 0.945985
61 0.605244 -0.416446
61 0.760275 -0.337586
61 0.564353 -0.318799
61 0.508761 -0.174128
62 0.096393 0.913517
62 0.873992 -1.112210
62 0.512613 -0.726436
62 0.473361 0.176292
62 0.198439 1.359204
62 0.376994 0.710908
62 0.332825 0.766781
62 0.270736 0.433978
62 0.567407 -0.275303
62 0.462275 0.433200
62 0.889198 -1.175820
62 0.941344 -0.019900
62 0.219473 1.211371
62 0.100105 0.928016
62 0.785338 -0.800394
62 0.994861 0.163824
62 0.863600 -0.599683
62 0.023697 0.408887
62 0.251264 0.454341
62 0.043342 -0.181344
62 0.820779 -1.123534
62 0.581407 -0.528428
62 0.513719 0.030352
62 0.554450 -0.238079
62 0.252451 1.335013
62 0.601638 -0.251534
62 0.030667 -0.070219
62 0.646012 -0.722462
62 0.734434 -1.249570
62 0.673026 -0.941782
63 0.777153 -1.203876
63 0.116604 1.081263
63 0.840778 -0.503715
63 0.529176 -0.173850
63 0.061129 0.241955
63 0.833245 -0.528823
63 0.027314 -0.127220
63 0.138371 0.881557
63 0.797825 -0.273394
63 0.464871 0.280540
63 0.881389 -0.910843
63 0.635429 -0.628781
63 0.623529 -0.841543
63 0.292235 0.546761
63 0.133681 0.954914
63 0.961172 0.093802
63 0.104798 0.518630
63 0.529011 -0.294442
63 0.272569 0.701493
63 0.264141 0.951075
63 0.594586 -0.728642
63 0.797934 -1.258297
63 0.777179 -0.417803
63 0.868802 -0.594154
63 0.292903 1.135605
63 0.465751 0.478553
63 0.009335 0.289928
63 0.746858 -1.123738
63 0.302343 1.028170
63 0.561494 -0.457543
64 0.546052 -0.114422
64 0.075284 0.444566
64 0.668056 -0.567623
64 0.308863 1.254286
64 0.014435 0.285142
64 0.155596 0.392790
64 0.497560 -0.237106
64 0.310402 0.846388
64 0.694383 -0.705674
64 0.240653 0.991872
64 0.772796 -0.648699
64 0.286477 1.368421
64 0.620864 -0.328742
64 0.799216 -0.590904
64 0.385556 0.347589
64 0.046805 0.434654
64 0.535446 -0.403133
64 0.995409 -0.523562
64 0.968992 -0.279841
64 0.221022 1.380892
64 0.755697 -0.861137
64 0.344952 1.432593
64 0.160272 0.898413
64 0.665915 -0.129313
64 0.500869 0.047798
64 0.539231 -0.237260
64 0.827393 -1.267898
64 0.336544 1.188933
64 0.667095 -1.018005
64 0.366191 0.551025
65 0.743849 -1.071167
65 0.948772 -0.300560
65 0.978976 -0.391326
65 0.893284 -0.406401
65 0.132926 1.151434
65 0.878383 -0.204570
65 0.838637 -0.787876
65 0.871086 -0.551975
65 0.151686 0.769132
65 0.116792 0.828120
65 0.923809 -0.366456
65 0.173827 0.905115
65 0.368622 0.776195
65 0.455985 0.408620
65 0.124443 0.616380
65 0.020634 0.056537
65 0.994090 0.475086
65 0.876657 0.113458
65 0.912338 -0.884677
65 0.284563 0.598671
65 0.220102 0.695261
65 0.425867 0.418146
65 0.453319 0.557850
65 0.005599 0.212551
65 0.779253 -0.931546
65 0.996667 0.137741
65 0.528691 -0.386921
65 0.388259 0.572579
65 0.392752 0.617978
65 0.096077 0.092403
66 0.068678 0.990540
66 0.856158 -0.419267
66 0.191894 0.694648
66 0.033059 0.180730
66 0.572704 -0.404779
66 0.083289 0.957651
66 0.095762 0.697291
66 0.800377 -0.897434
66 0.491610 -0.007270
66 0.241508 0.983410
66 0.348626 1.205437
66 0.729241 -0.990394
66 0.066354 0.286443
66 0.116481 0.498909
66 0.616262 -0.833369
66 0.606972 -1.043278
66 0.972462 -0.397276
66 0.374549 1.158632
66 0.065078 0.335616
66 0.537537 -0.022351
66 0.638347 -1.507478
66 0.139603 0.939413
66 0.552862 -0.374474
66 0.197767 0.802196
66 0.844730 -0.773745
66 0.835161 -1.008973
66 0.429629 -0.209276
66 0.966743 0.069233
66 0.979774 -0.053837
66 0.129251 0.631557
67 0.445035 0.522605
67 0.189306 0.527240
67 0.156708 0.982657
67 0.095880 0.593349
67 0.640171 -0.964325
67 0.612082 -0.391048
67 0.650163 -1.470295
67 0.773300 -0.885299
67 0.326358 1.372931
67 0.918424 -0.058426
67 0.733205 -0.877495
67 0.804709 -1.032004
67 0.720962 -1.174143
67 0.358456 0.685784
67 0.283032 1.141681
67 0.422517 0.225662
67 0.097030 0.799816
67 0.451281 0.941303
67 0.043141 0.249191
67 0.003946 -0.378528
67 0.931499 -0.820662
67 0.689337 -0.695265
67 0.561847 -0.396813
67 0.341102 1.103647
67 0.570538 -0.588926
67 0.891576 -0.380577
67 0.652380 -0.865206
67 0.602482 -0.820081
67 0.460205 0.127146
67 0.345697 0.465495
68 0.989769 -0.499010
68 0.505920 -0.280908
68 0.498324 -0.650323
68 0.558794 -0.252429
68 0.186004 0.589866
68 0.147164 0.476515
68 0.677355 -1.309380
68 0.395767 0.842299
68 0.289907 1.182168
68 0.031392 0.739573
68 0.846050 -1.029065
68 0.032329 0.267380
68 0.749983 -1.386801
68 0.381989 0.574874
68 0.598688 -0.736749
68 0.247678 1.139229
68 0.155400 1.133596
68 0.533388 0.089072
68 0.695618 -1.195032
68 0.195493 1.241467
68 0.436359 0.376072
68 0.444655 0.243398
68 0.215979 0.764687
68 0.565049 -0.565414
68 0.145936 1.316439
68 0.509749 0.031006
68 0.113432 0.706271
68 0.485542 0.012041
68 0.311599 1.659825
68 0.452246 0.687067
69 0.245328 0.958627
69 0.884916 -0.227395
69 0.138403 1.266483
69 0.054310 0.441270
69 0.704429 -0.370685
69 0.453286 0.276434
69 0.838365 -0.563797
69 0.074630 0.316547
69 0.801076 -1.103325
69 0.037335 0.029183
69 0.028070 -0.442703
69 0.461316 0.626802
69 0.221291 0.791285
69 0.593719 -0.795838
69 0.025817 -0.192489
69 0.035390 0.159223
69 0.727148 -0.460662
69 0.210165 1.596974
69 0.656417 -1.330313
69 0.749922 -1.106334
69 0.059331 0.053907
69 0.769754 -0.695806
69 0.268421 1.079287
69 0.389546 0.448649
69 0.086639 0.539651
69 0.838630 -0.992135
69 0.560729 0.111896
69 0.504665 0.134779
69 0.968555 0.004654
69 0.334506 0.062243
70 0.378507 0.554640
70 0.865240 -0.790785
70 0.109903 0.891474
70 0.597575 -0.409144
70 0.184287 0.691362
70 0.846540 -0.780595
70 0.579044 -0.029349
70 0.403049 0.322771
70 0.249825 1.043549
70 0.436845 0.328536
70 0.957612 -0.282094
70 0.509209 -0.547029
70 0.469490 0.613760
70 0.746274 -1.232032
70 0.379047 0.996721
70 0.427424 0.253955
70 0.336948 0.666797
70 0.150920 1.176337
70 0.713809 -0.676092
70 0.873031 -0.653201
70 0.905593 -0.330655
70 0.880803 -0.767427
70 0.451784 0.295828
70 0.284066 0.778693
70 0.637924 -0.490913
70 0.954705 -0.488795
70 0.727051 -0.544075
70 0.494849 -0.062388
70 0.688809 -0.920842
70 0.772538 -0.762372
71 0.877408 -0.630497
71 0.275719 1.264939
71 0.128378 0.373869
71 0.976244 -0.145004
71 0.201640 0.619873
71 0.136652 0.461861
71 0.626021 -0.880558
71 0.318863 1.050981
71 0.133349 0.646605
71 0.601121 -0.787995
71 0.758985 -0.982940
71 0.793198 -1.307479
71 0.155513 0.957528
71 0.556867 -0.010336
71 0.813678 -0.944782
71 0.161087 0.787173
71 0.207682 1.076891
71 0.002411 -0.593390
71 0.524634 0.006882
71 0.194682 1.870767
71 0.724243 -1.023736
71 0.962214 -0.270931
71 0.208755 1.189691
71 0.649097 -0.312069
71 0.211834 1.263876
71 0.018007 -0.533783
71 0.758554 -0.829536
71 0.434005 1.174459
71 0.946787 -0.141421
71 0.534286 -0.560143
72 0.153123 0.843863
72 0.690097 -0.764921
72 0.468642 0.724025
72 0.683713 -0.329984
72 0.760627 -1.016362
72 0.295314 0.800029
72 0.284650 0.700400
72 0.490832 0.350664
72 0.273549 0.577541
72 0.667295 -0.943766
72 0.746730 -0.968982
72 0.472039 0.023881
72 0.723800 -0.902534
72 0.510438 0.703820
72 0.712872 -1.009392
72 0.224968 0.857035
72 0.738843 -0.692944
72 0.715124 -0.904211
72 0.266606 1.426363
72 0.555971 -0.295066
72 0.855312 -0.863480
72 0.249523 0.464878
72 0.735980 -1.482043
72 0.953967 -0.835929
72 0.866242 -0.631126
72 0.401520 0.171357
72 0.607208 -0.247135
72 0.991770 -0.042613
72 0.568437 -0.490131
72 0.115028 0.408285
73 0.942791 0.284346
73 0.046647 0.153781
73 0.588758 -0.491340
73 0.575354 -0.654172
73 0.786390 -0.930984
73 0.148443 0.270999
73 0.179370 1.108622
73 0.752107 -0.902870
73 0.149505 0.789918
73 0.469445 0.073695
73 0.731648 -1.261786
73 0.651242 -0.595265
73 0.210604 0.618193
73 0.303960 1.096642
73 0.968975 0.428631
73 0.448671 0.762606
73 0.044457 -0.175822
73 0.219585 0.820774
73 0.342435 0.962466
73 0.999489 -0.024293
73 0.302692 0.525873
73 0.026396 0.280686
73 0.512922 -0.084105
73 0.083605 1.075777
73 0.274068 0.912619
73 0.992383 0.302561
73 0.704639 -1.339784
73 0.050667 0.004595
73 0.448687 0.533353
73 0.171638 1.206336
74 0.575268 -0.082847
74 0.501716 -0.089476
74 0.616578 -0.940051
74 0.898342 -0.537049
74 0.699312 -1.010543
74 0.532480 0.258875
74 0.645186 -0.688684
74 0.606394 -0.558108
74 0.433121 0.678148
74 0.624764 -0.378196
74 0.443570 0.582261
74 0.757614 -0.573017
74 0.968912 -0.011484
74 0.959865 -0.199214
74 0.820736 -0.531097
74 0.601759 -0.623959
74 0.749332 -0.990017
74 0.178048 1.416011
74 0.479018 0.618027
74 0.257305 0.996494
74 0.003495 -0.114108
74 0.966738 0.231476
74 0.863849 -0.514750
74 0.513699 0.008710
74 0.254152 0.903098
74 0.692975 -0.836986
74 0.434801 0.391782
74 0.803350 -1.143644
74 0.999518 0.035685
74 0.349083 0.892019
75 0.641813 -1.008112
75 0.583014 -0.729002
75 0.201590 1.257252
75 0.699946 -1.076887
75 0.677255 -1.225757
75 0.060464 0.357889
75 0.880847 -0.645257
75 0.579413 -1.070332
75 0.792467 -0.976836
75 0.262914 1.257104
75 0.122048 0.829238
75 0.702450 -0.286761
75 0.793883 -0.586896
75 0.386034 1.091107
75 0.023692 0.988340
75 0.818254 -0.681997
75 0.206094 1.011110
75 0.339032 1.139694
75 0.628231 -0.889086
75 0.099955 0.619861
75 0.071996 0.242774
75 0.025704 0.280196
75 0.916640 -0.695719
75 0.311383 0.720465
75 0.660659 -0.722497
75 0.989235 -0.108899
75 0.669451 -1.452895
75 0.525095 -0.593690
75 0.520920 -0.475246
75 0.376917 0.433646
76 0.942132 -1.205909
76 0.885975 -0.943787
76 0.557953 -0.354474
76 0.475488 -0.172268
76 0.451067 0.225136
76 0.058790 0.323221
76 0.892377 -0.823151
76 0.818150 -0.890376
76 0.456251 0.459878
76 0.279440 0.912061
76 0.342921 0.698395
76 0.123161 0.649158
76 0.721790 -0.986563
76 0.556670 -0.870687
76 0.234103 1.133482
76 0.623006 -0.833491
76 0.979230 0.248330
76 0.122395 0.872756
76 0.458485 0.608918
76 0.494159 -0.266608
76 0.166797 0.755019
76 0.531580 -0.569862
76 0.605977 -0.829305
76 0.157345 1.210902
76 0.154724 1.272351
76 0.856349 -1.129373
76 0.311387 0.789049
76 0.630333 -0.753260
76 0.626773 -0.539259
76 0.839171 -1.375051
77 0.610890 -0.454629
77 0.525865 -0.350333
77 0.455463 -0.473785
77 0.691921 -1.258663
77 0.016826 0.087211
77 0.270983 1.010487
77 0.777393 -0.480101
77 0.909977 -0.361124
77 0.438337 0.402281
77 0.081484 0.480186
77 0.798729 -0.622239
77 0.885170 -0.837541
77 0.413660 0.474184
77 0.243355 0.672351
77 0.043972 0.698452
77 0.591083 -0.423809
77 0.909869 -0.748776
77 0.677888 -0.933434
77 0.317249 1.064947
77 0.642888 -0.857169
77 0.832068 -1.030313
77 0.475830 -0.045001
77 0.819748 -0.803810
77 0.391910 0.520717
77 0.348506 0.678373
77 0.582989 -0.898942
77 0.464686 0.243358
77 0.977112 -0.197682
77 0.516389 -0.199290
77 0.385172 0.720132
78 0.950053 -0.342470
78 0.424365 0.184268
78 0.788073 -1.023179
78 0.167936 1.024422
78 0.285792 0.619702
78 0.338086 0.356842
78 0.105821 1.214797
78 0.501805 -0.204068
78 0.192260 0.893704
78 0.634186 -0.866057
78 0.190092 1.094416
78 0.123506 1.232276
78 0.969087 -0.019035
78 0.658240 -1.293862
78 0.936451 -0.804002
78 0.489888 -0.056195
78 0.033402 0.127867
78 0.574371 -0.967052
78 0.558329 -0.112540
78 0.014976 -0.231940
78 0.861242 -0.317525
78 0.619971 -0.138223
78 0.744691 -1.073920
78 0.493921 0.169877
78 0.618402 -1.046780
78 0.257470 1.186002
78 0.973758 -0.313596
78 0.400720 0.257949
78 0.162327 0.765270
78 0.055915 0.204420
79 0.648570 -0.254312
79 0.563479 -0.906448
79 0.680966 -0.631951
79 0.567258 -0.440280
79 0.437904 0.281024
79 0.350142 0.397541
79 0.226435 1.167783
79 0.500068 0.202416
79 0.026052 0.698501
79 0.328241 1.183993
79 0.677872 -1.077223
79 0.108717 0.330033
79 0.062891 -0.025594
79 0.652179 -0.375020
79 0.397775 0.365587
79 0.801825 -0.503382
79 0.937311 -0.226257
79 0.957040 -0.167686
79 0.425593 0.358608
79 0.264327 1.194153
79 0.608614 -0.635330
79 0.628193 -0.831913
79 0.622345 -0.486411
79 0.321779 0.856821
79 0.063752 0.150437
79 0.210005 1.148539
79 0.154419 0.805829
79 0.123900 0.848877
79 0.926283 -0.582949
79 0.013848 -0.275839
80 0.241478 0.562175
80 0.723071 -1.172566
80 0.573903 -0.224517
80 0.696870 -1.057416
80 0.643958 -0.679417
80 0.706749 -1.180301
80 0.905547 -0.539686
80 0.563469 0.187966
80 0.067849 0.308965
80 0.270825 1.106780
80 0.708219 -1.435398
80 0.494075 0.493253
80 0.548552 -0.443513
80 0.596580 -0.255109
80 0.382629 0.635457
80 0.773896 -0.805276
80 0.723535 -0.784903
80 0.714299 -1.110679
80 0.715310 -0.648768
80 0.890358 -0.863385
80 0.595393 -0.330743
80 0.967072 -0.322480
80 0.119193 0.785708
80 0.631959 -0.875937
80 0.716927 -0.963493
80 0.477220 -0.179768
80 0.288208 1.045588
80 0.550037 -0.295984
80 0.364748 0.589112
80 0.909124 -0.556974
81 0.257652 0.079984
81 0.906955 -0.170154
81 0.518633 0.252272
81 0.796892 -0.390708
81 0.838312 -0.855223
81 0.734943 -1.383319
81 0.391385 0.504819
81 0.863859 -0.751404
81 0.742050 -1.300864
81 0.743151 -0.504502
81 0.901574 0.092097
81 0.598663 -0.437487
81 0.528574 -0.181835
81 0.890163 -1.025127
81 0.454462 0.746167
81 0.811571 -0.903206
81 0.053846 0.245160
81 0.001290 0.152457
81 0.528292 -0.352546
81 0.073612 0.490265
81 0.976543 -0.579592
81 0.005501 0.360684
81 0.718150 -1.011366
81 0.243385 1.346777
81 0.967552 -0.262808
81 0.381542 0.636594
81 0.027283 -0.193107
81 0.026936 0.396363
81 0.553373 -0.591856
81 0.986712 -0.229321
82 0.125064 0.719160
82 0.382825 0.687357
82 0.856731 -0.085102
82 0.140361 0.961085
82 0.584022 -0.681614
82 0.406637 0.759061
82 0.170537 1.519379
82 0.012336 -0.411458
82 0.273343 0.736519
82 0.061829 0.307715
82 0.376768 0.574080
82 0.810210 -1.029117
82 0.719685 -1.373184
82 0.947384 0.096578
82 0.427015 0.015889
82 0.707801 -1.025119
82 0.665342 -0.548084
82 0.217046 0.969585
82 0.303583 0.650042
82 0.529830 -0.590932
82 0.796657 -1.026336
82 0.461813 0.010533
82 0.227742 1.051806
82 0.993466 -0.461480
82 0.115579 0.907946
82 0.955889 -0.238959
82 0.809046 -0.875015
82 0.838894 -0.415710
82 0.794918 -1.091777
82 0.208171 0.747916
83 0.806533 -1.310095
83 0.896380 0.113180
83 0.382711 0.998167
83 0.690025 -0.867074
83 0.229887 1.419550
83 0.651855 -1.166403
83 0.399156 0.505485
83 0.006782 0.475872
83 0.955528 -0.835923
83 0.868442 -0.567499
83 0.290837 1.126915
83 0.997757 0.576677
83 0.317128 0.437477
83 0.458844 0.738607
83 0.851259 -0.972183
83 0.304596 0.807634
83 0.450540 -0.060815
83 0.665587 -1.188970
83 0.130468 0.852033
83 0.422350 0.135061
83 0.309410 1.153220
83 0.676774 -1.094902
83 0.135969 0.390215
83 0.232731 0.835777
83 0.711376 -0.869685
83 0.156224 0.748174
83 0.422019 0.480860
83 0.712881 -0.764063
83 0.765468 -0.670554
83 0.094881 0.468437
84 0.358397 1.164163
84 0.005731 0.095094
84 0.115486 0.584914
84 0.973061 -0.016476
84 0.922333 -0.522991
84 0.325093 1.394833
84 0.258853 1.021994
84 0.436416 0.267273
84 0.689940 -1.067522
84 0.356828 0.419154
84 0.067294 0.577301
84 0.402795 0.327484
84 0.260589 1.327232
84 0.324930 0.503326
84 0.162957 0.892310
84 0.658840 -0.495333
84 0.526631 -0.812221
84 0.270863 1.596900
84 0.553862 -0.459590
84 0.492708 0.088131
84 0.795975 -0.787132
84 0.955984 -0.055208
84 0.130671 0.814011
84 0.883913 -0.367202
84 0.704797 -0.804216
84 0.692554 -0.407299
84 0.374301 0.866904
84 0.343908 1.420308
84 0.005639 0.305750
84 0.982205 -0.653302
85 0.605849 -0.825037
85 0.781945 -1.170494
85 0.364576 1.003225
85 0.625971 -0.724052
85 0.482060 -0.201372
85 0.846495 -1.327222
85 0.569042 -0.170774
85 0.289892 0.804719
85 0.703587 -0.858663
85 0.820064 -0.532742
85 0.465441 -0.177237
85 0.987197 -0.093897
85 0.879097 -0.739881
85 0.196955 1.058893
85 0.786756 -0.601703
85 0.600951 -0.991446
85 0.534811 -0.046047
85 0.513939 0.221990
85 0.853411 -0.852147
85 0.610873 -0.682874
85 0.537706 -0.109169
85 0.048860 0.405641
85 0.448303 0.493846
85 0.908042 -0.377791
85 0.711737 -1.265831
85 0.050954 0.611792
85 0.883992 -0.316013
85 0.826667 -0.830377
85 0.546684 -0.737384
85 0.022405 0.105889
86 0.646179 -0.311925
86 0.983895 0.068900
86 0.687055 -0.630908
86 0.079233 0.608004
86 0.907850 -0.680519
86 0.643080 -0.599296
86 0.456311 0.633836
86 0.659692 -0.802870
86 0.879044 -0.148419
86 0.477127 0.398366
86 0.531321 -0.131936
86 0.452447 0.369802
86 0.072591 0.481626
86 0.787070 -1.348369
86 0.126412 0.686329
86 0.394570 0.681396
86 0.386823 0.527852
86 0.280041 1.083542
86 0.402507 0.581361
86 0.618009 -0.443267
86 0.311387 1.125466
86 0.172512 0.933947
86 0.869368 -1.141847
86 0.970833 0.354977
86 0.458584 0.214731
86 0.327020 0.860908
86 0.047482 0.191176
86 0.036852 0.082958
86 0.392882 1.086585
86 0.930242 -0.008590
87 0.488960 0.456282
87 0.384324 0.893934
87 0.708420 -1.174058
87 0.141259 0.787483
87 0.276130 0.896518
87 0.655902 -1.168716
87 0.479064 0.184459
87 0.770093 -1.116689
87 0.897110 -0.888140
87 0.823373 -1.339342
87 0.184208 0.446625
87 0.091470 0.432176
87 0.169441 0.849080
87 0.783531 -1.240479
87 0.913831 -0.320128
87 0.925449 -0.471140
87 0.298216 1.127527
87 0.840341 -0.898050
87 0.536236 -0.461848
87 0.822792 -0.862984
87 0.548365 -0.678032
87 0.145893 0.955414
87 0.079220 0.196306
87 0.957219 0.009895
87 0.425803 0.347955
87 0.350521 1.125850
87 0.356303 0.448323
87 0.378934 0.486081
87 0.944997 -0.224476
87 0.062705 0.735020
88 0.206091 0.800202
88 0.877635 -0.510519
88 0.461481 0.798413
88 0.096524 0.711485
88 0.105621 0.785893
88 0.197804 1.148350
88 0.282751 0.540609
88 0.496406 0.160648
88 0.748751 -1.304997
88 0.186726 0.745041
88 0.992652 0.602429
88 0.161522 0.773435
88 0.599378 -0.806671
88 0.928940 -0.086019
88 0.832507 -1.152912
88 0.647889 -0.935376
88 0.715493 -0.601872
88 0.134206 0.759631
88 0.009663 -0.407802
88 0.434149 0.565248
88 0.089519 0.414332
88 0.357753 1.241393
88 0.223743 0.804566
88 0.916347 -0.186372
88 0.880056 -0.151581
88 0.818943 -1.162918
88 0.713944 -1.032412
88 0.154072 0.940376
88 0.048367 0.042041
88 0.653888 -0.742044
89 0.424556 0.705594
89 0.908337 -0.148907
89 0.502894 0.398133
89 0.916386 -0.299628
89 0.550127 -0.445637
89 0.768817 -1.304194
89 0.293591 1.306749
89 0.790413 -0.948563
89 0.264322 1.744161
89 0.019550 0.012998
89 0.160729 1.438642
89 0.021653 0.088592
89 0.947063 0.074299
89 0.999977 0.508863
89 0.762230 -1.303934
89 0.108128 0.482819
89 0.898945 -0.903027
89 0.743776 -1.368219
89 0.332245 1.069546
89 0.502278 -0.073301
89 0.661759 -0.834489
89 0.024050 0.317411
89 0.501541 -0.566898
89 0.732395 -0.607859
89 0.188225 0.820886
89 0.443791 0.505598
89 0.532530 -0.016759
89 0.735565 -0.584651
89 0.964454 -0.252949
89 0.848276 -1.452429
90 0.129266 0.595654
90 0.268079 1.320727
90 0.946546 -0.378068
90 0.383552 0.877009
90 0.648406 -0.742126
90 0.976127 -0.570059
90 0.550788 -0.340918
90 0.305346 0.569455
90 0.531948 -0.231829
90 0.054637 0.113053
90 0.112370 0.763415
90 0.007171 -0.357664
90 0.884210 -0.660616
90 0.671280 -0.708429
90 0.298330 1.226526
90 0.221161 0.754378
90 0.683077 -0.907563
90 0.919532 -0.429084
90 0.299139 1.416852
90 0.321559 0.456214
90 0.854241 -1.066401
90 0.893376 0.220400
90 0.914037 -0.596172
90 0.293154 0.396166
90 0.120313 0.511212
90 0.439998 -0.462523
90 0.295765 1.031218
90 0.883867 -0.423701
90 0.036635 -0.045342
90 0.633880 -0.886658
91 0.599999 -0.921860
91 0.998153 -0.044449
91 0.984525 0.229661
91 0.512619 -0.015871
91 0.573863 -0.073388
91 0.897322 -0.261235
91 0.985636 -0.087810
91 0.778608 -1.684911
91 0.065184 0.066480
91 0.322640 1.126641
91 0.896562 -1.070197
91 0.768353 -1.091367
91 0.742233 -0.897265
91 0.667923 -0.429075
91 0.415264 0.335108
91 0.403241 0.378142
91 0.808932 -0.947958
91 0.293780 1.067677
91 0.684832 -0.963609
91 0.726209 -0.674067
91 0.844556 -1.068389
91 0.319886 0.941181
91 0.741889 -0.865138
91 0.106490 0.500207
91 0.138062 1.014606
91 0.417336 0.541041
91 0.055226 0.576726
91 0.947698 -0.264507
91 0.901896 -0.465186
91 0.048934 0.112921
92 0.422708 0.450388
92 0.991486 0.015679
92 0.654070 -1.041722
92 0.935202 -0.947371
92 0.145350 0.551174
92 0.450873 0.079167
92 0.771608 -1.222726
92 0.367858 1.029134
92 0.632508 -1.103748
92 0.511702 0.016833
92 0.991929 -0.003198
92 0.173873 1.175905
92 0.935349 -0.435076
92 0.401571 0.817111
92 0.467993 0.148087
92 0.528602 -0.048427
92 0.265367 0.544460
92 0.963657 -1.017851
92 0.911487 -0.414650
92 0.972905 -0.040066
92 0.996920 0.123297
92 0.669800 -1.033181
92 0.451685 0.745845
92 0.850734 -0.944261
92 0.023805 0.275277
92 0.834404 -0.684251
92 0.497286 0.532674
92 0.673220 -0.980982
92 0.374046 0.515374
92 0.368623 0.285420
93 0.863484 -0.862530
93 0.056781 0.201580
93 0.399223 0.154290
93 0.856615 -0.979343
93 0.393177 0.701786
93 0.117875 1.054539
93 0.265950 1.161300
93 0.600029 -1.367795
93 0.152036 1.008861
93 0.654935 -0.994298
93 0.438162 0.514762
93 0.334390 0.858448
93 0.240925 0.940569
93 0.823330 -0.926392
93 0.396674 0.597835
93 0.738479 -0.594060
93 0.440355 0.360151
93 0.091867 0.871356
93 0.440506 0.647139
93 0.507688 0.151829
93 0.457842 -0.274187
93 0.816242 -0.579638
93 0.910851 -0.668673
93 0.786779 -0.758700
93 0.582782 -0.788756
93 0.541450 -0.613026
93 0.644616 -0.195757
93 0.287830 0.684788
93 0.811847 -0.581610
93 0.856848 -0.747458
94 0.294656 1.059690
94 0.504915 -0.280441
94 0.222989 0.986985
94 0.378930 0.781988
94 0.965134 -0.723409
94 0.693138 -0.993650
94 0.846614 -0.912254
94 0.540600 0.056083
94 0.239040 0.444281
94 0.712880 -1.087376
94 0.500568 -0.148095
94 0.176849 1.184241
94 0.412430 0.509810
94 0.634840 -0.210618
94 0.735332 -0.797092
94 0.243221 0.876026
94 0.875997 -0.630764
94 0.379551 0.580380
94 0.271137 1.249013
94 0.195120 0.541477
94 0.804171 -1.189740
94 0.354165 0.930068
94 0.483399 0.471845
94 0.222820 0.324862
94 0.686091 -0.508114
94 0.781033 -1.023090
94 0.339425 0.281095
94 0.945079 -1.238787
94 0.030611 -0.267667
94 0.132943 0.735591
95 0.268827 1.152681
95 0.069864 0.389161
95 0.599868 -1.146425
95 0.107071 0.399298
95 0.276664 0.530179
95 0.507186 0.028080
95 0.286360 1.125013
95 0.214996 1.052876
95 0.703185 -1.193272
95 0.546999 -0.216976
95 0.839761 -0.986165
95 0.581240 -0.830032
95 0.483447 0.326396
95 0.261256 1.242908
95 0.792066 -0.680605
95 0.196871 0.762293
95 0.242228 1.352617
95 0.841589 -0.987012
95 0.741193 -0.802419
95 0.612873 -0.804505
95 0.038921 0.174920
95 0.127258 -0.009288
95 0.499957 -0.090307
95 0.746339 -0.972408
95 0.464101 0.100638
95 0.017293 0.635298
95 0.184270 0.567184
95 0.588767 -0.698342
95 0.694217 -1.210665
95 0.033428 0.039362
96 0.623630 -0.530622
96 0.945166 -0.951688
96 0.662688 -0.721345
96 0.954773 -1.020918
96 0.187591 0.856044
96 0.618810 -0.422804
96 0.828879 -0.692990
96 0.509024 -0.446195
96 0.362174 0.410837
96 0.984759 -0.302220
96 0.140987 0.830318
96 0.410930 -0.078693
96 0.873374 -0.718262
96 0.900481 -0.491910
96 0.980382 -0.207862
96 0.884848 -0.504434
96 0.050957 0.381847
96 0.929766 -0.589603
96 0.428167 -0.144686
96 0.651619 -0.774931
96 0.394276 0.330573
96 0.813668 -1.094549
96 0.575919 -0.315392
96 0.845545 -0.399952
96 0.193771 0.926820
96 0.184983 1.083932
96 0.440377 -0.067422
96 0.004752 0.103507
96 0.692853 -0.954197
96 0.296054 1.327194
97 0.710152 -1.229643
97 0.160769 1.015596
97 0.814131 -0.628861
97 0.510287 -0.108429
97 0.848457 -1.227722
97 0.087285 0.112102
97 0.042830 0.523802
97 0.636990 -1.136501
97 0.150024 0.926713
97 0.524949 -0.121814
97 0.014109 0.201672
97 0.779929 -0.840895
97 0.899530 -0.870272
97 0.838883 -1.140727
97 0.958353 -0.044223
97 0.903096 -0.760742
97 0.444018 -0.480508
97 0.398348 0.790776
97 0.896184 -0.917892
97 0.926939 -0.302962
97 0.972836 0.247997
97 0.768317 -0.988356
97 0.201989 1.253573
97 0.944954 -0.292870
97 0.947141 0.150181
97 0.666131 -1.182971
97 0.857280 -0.783757
97 0.561176 -0.173039
97 0.944127 -0.401018
97 0.093936 0.902209
98 0.413181 0.827129
98 0.244988 0.669080
98 0.487108 -0.231424
98 0.387016 0.344490
98 0.729529 -1.099838
98 0.962116 -0.604367
98 0.591737 -0.559583
98 0.591147 -0.591546
98 0.364834 0.514846
98 0.564631 -0.132889
98 0.319329 0.888764
98 0.001092 0.325656
98 0.866096 -0.804054
98 0.429444 0.421679
98 0.492088 -0.119146
98 0.083501 0.498798
98 0.837111 -0.640247
98 0.170337 0.753925
98 0.410621 0.688051
98 0.840266 -1.087257
98 0.457783 0.489873
98 0.931152 -0.593189
98 0.209314 1.223007
98 0.715233 -0.957942
98 0.977999 0.318487
98 0.549614 -0.652928
98 0.692184 -1.377593
98 0.393227 0.436808
98 0.751337 -1.415348
98 0.908874 -0.956607
99 0.577442 0.213278
99 0.125921 0.705180
99 0.818662 -0.573755
99 0.939575 -0.619598
99 0.172987 0.382709
99 0.462712 0.126458
99 0.102043 0.118805
99 0.339140 0.851613
99 0.065098 0.163575
99 0.264547 0.409545
99 0.990224 0.459420
99 0.044603 0.115328
99 0.858968 -1.265915
99 0.077453 0.737118
99 0.528997 -0.399771
99 0.452120 0.623373
99 0.931555 -0.636939
99 0.199050 0.786925
99 0.179682 1.007424
99 0.748714 -0.822002
99 0.725719 -0.757840
99 0.699182 -0.976378
99 0.026127 0.322010
99 0.259960 1.221731
99 0.839895 -0.784510
99 0.600858 -0.634936
99 0.602195 -1.032475
99 0.295917 1.138423
99 0.260173 1.010610
99 0.946555 -0.453615
100 0.338015 0.997680
100 0.604825 -0.932610
100 0.583565 -0.437119
100 0.255712 1.001566
100 0.206424 0.706794
100 0.826358 -0.779699
100 0.092723 0.594082
100 0.512823 -0.102257
100 0.520561 -0.149402
100 0.574137 -0.476154
100 0.885650 -0.768552
100 0.623914 -0.660315
100 0.973634 -0.358081
100 0.871353 0.073920
100 0.214740 0.552759
100 0.241183 0.823045
100 0.344774 0.676155
100 0.391514 1.242212
100 0.552995 -0.722899
100 0.232513 1.121746
100 0.222345 1.059460
100 0.381390 0.778235
100 0.672023 -0.511457
100 0.688126 -0.560628
100 0.976117 -0.284787
100 0.202415 1.013842
100 0.392859 0.064249
100 0.964677 -0.190392
100 0.690009 -1.167994
100 0.592279 -0.603774
101 0.370622 1.218868
101 0.397762 0.456880
101 0.335047 0.898768
101 0.637400 -0.533051
101 0.960936 -0.863305
101 0.428635 0.276893
101 0.973327 -0.057455
101 0.667797 -1.738654
101 0.607136 -0.916500
101 0.237104 1.326976
101 0.062921 0.686023
101 0.851935 -0.689517
101 0.573981 -0.183618
101 0.414414 0.576739
101 0.811967 -0.758537
101 0.310580 0.833732
101 0.783617 -0.943031
101 0.327964 0.692687
101 0.920881 -0.097850
101 0.267967 1.450103
101 0.137554 1.174601
101 0.698097 -1.069726
101 0.162847 0.567646
101 0.949363 0.070271
101 0.655555 -0.665864
101 0.230861 1.091353
101 0.208819 0.776621
101 0.923875 -0.332578
101 0.607858 -0.952580
101 0.893736 -0.428944
102 0.194608 0.779664
102 0.731212 -0.997864
102 0.349305 1.344982
102 0.487517 0.452500
102 0.156965 0.786309
102 0.974779 -0.520287
102 0.726137 -0.587571
102 0.266908 0.979646
102 0.371472 0.204657
102 0.422483 0.681754
102 0.747534 -0.692174
102 0.925697 -1.177855
102 0.321440 0.653571
102 0.472500 0.138792
102 0.593208 -0.332380
102 0.393344 0.466371
102 0.504181 -0.275912
102 0.105708 0.834565
102 0.167674 0.728677
102 0.401101 0.744790
102 0.914939 -0.842826
102 0.349358 0.405681
102 0.249793 1.226580
102 0.742862 -0.923239
102 0.949130 -0.037473
102 0.459124 0.094242
102 0.008605 -0.184491
102 0.688149 -0.517217
102 0.415061 0.051825
102 0.673646 -0.511672
103 0.568020 -0.937482
103 0.801358 -0.937775
103 0.475652 0.092872
103 0.191772 0.761477
103 0.639843 -0.294506
103 0.080280 0.136450
103 0.584588 -0.294894
103 0.212705 1.628682
103 0.684936 -0.594416
103 0.828043 -0.891625
103 0.109525 0.294900
103 0.400269 0.177801
103 0.733522 -1.118110
103 0.163703 0.650465
103 0.566524 -0.621780
103 0.671839 -0.979709
103 0.354794 0.760275
103 0.831982 -0.724675
103 0.510658 -0.438256
103 0.626995 -0.920587
103 0.140873 0.726096
103 0.023160 0.086361
103 0.050749 0.864414
103 0.903920 -0.498008
103 0.882642 -1.156427
103 0.807591 -0.809786
103 0.199612 1.114000
103 0.525459 -0.196819
103 0.796117 -1.322331
103 0.674669 -0.362645
104 0.429382 0.099289
104 0.565937 -0.151517
104 0.669077 -0.715977
104 0.434953 0.021267
104 0.447710 0.136929
104 0.701401 -1.224860
104 0.060863 0.906054
104 0.540081 0.022623
104 0.547328 -0.419260
104 0.756752 -0.826242
104 0.982645 -0.515686
104 0.795755 -1.160754
104 0.503789 0.007657
104 0.169453 1.010316
104 0.588261 -0.555807
104 0.834299 -0.788572
104 0.932414 -0.388505
104 0.825310 -0.939193
104 0.188969 0.838528
104 0.712576 -1.100361
104 0.880155 -0.614256
104 0.681017 -0.784285
104 0.685752 -0.860113
104 0.500162 -0.354599
104 0.636976 -1.057943
104 0.294381 1.081037
104 0.088810 0.971001
104 0.827715 -0.837408
104 0.943144 -0.473186
104 0.856822 -0.715783
105 0.110415 0.547312
105 0.792254 -1.262839
105 0.941903 -0.451279
105 0.090935 0.754365
105 0.152948 0.941814
105 0.974097 -0.041059
105 0.197856 0.882503
105 0.078940 0.363764
105 0.952193 -0.349843
105 0.892623 -0.407298
105 0.655725 -0.577416
105 0.551431 -0.619428
105 0.919233 -0.257270
105 0.655520 -1.024129
105 0.658397 -0.698211
105 0.843686 -0.889284
105 0.653246 -0.351098
105 0.503677 -0.148523
105 0.389721 0.692355
105 0.503134 0.162288
105 0.522479 -0.402956
105 0.360832 0.745314
105 0.448118 0.240263
105 0.801872 -1.101500
105 0.416513 0.368917
105 0.025560 0.493512
105 0.283019 0.798991
105 0.231742 1.163349
105 0.793582 -0.868363
105 0.449293 -0.105856
106 0.946315 0.051694
106 0.860170 -0.795196
106 0.288043 1.321532
106 0.528814 -0.208912
106 0.500633 -0.470032
106 0.960023 0.202412
106 0.394029 0.956365
106 0.562228 -0.390503
106 0.928707 -0.800674
106 0.162811 0.677799
106 0.550486 -0.858261
106 0.105673 0.899767
106 0.617499 -1.154000
106 0.365683 0.833315
106 0.967636 -0.455058
106 0.415409 0.078816
106 0.136188 0.826531
106 0.834000 -0.964063
106 0.820867 -0.651038
106 0.694860 -1.320863
106 0.748812 -1.227167
106 0.264715 0.279436
106 0.642054 -1.433977
106 0.038020 0.776078
106 0.196890 1.569917
106 0.932279 -0.384959
106 0.739235 -1.244862
106 0.230673 0.903101
106 0.111383 0.906168
106 0.948919 -0.469784
107 0.794039 -0.816907
107 0.627904 -0.835652
107 0.943694 -0.547981
107 0.802508 -0.796473
107 0.400207 0.243620
107 0.950812 -0.073011
107 0.524575 -0.297297
107 0.022577 0.489111
107 0.260013 0.880200
107 0.621730 -0.502856
107 0.156815 0.887305
107 0.584068 -0.280822
107 0.361598 0.797058
107 0.534385 -0.713393
107 0.001875 0.314418
107 0.848421 -0.841112
107 0.361925 0.999600
107 0.140158 0.978221
107 0.437916 0.148279
107 0.486177 -0.187697
107 0.637403 -0.563402
107 0.524562 -0.244693
107 0.043524 0.551000
107 0.871512 -0.775891
107 0.456509 0.576897
107 0.076988 0.592074
107 0.772828 -0.903338
107 0.660154 -0.957051
107 0.649438 -0.737207
107 0.426914 0.801098
108 0.508659 -0.137859
108 0.516978 -0.007475
108 0.005216 0.255791
108 0.637104 -0.928721
108 0.107814 0.291948
108 0.478748 0.248877
108 0.260317 0.837883
108 0.392383 0.669645
108 0.537077 -0.633860
108 0.014464 0.015101
108 0.284584 1.190970
108 0.989612 0.116556
108 0.057399 0.116374
108 0.319393 0.555964
108 0.321421 0.905717
108 0.379386 0.855664
108 0.684781 -0.795655
108 0.247744 0.846252
108 0.460269 0.336398
108 0.644864 -0.338923
108 0.322322 0.960062
108 0.948773 -0.806287
108 0.979673 -0.066414
108 0.119674 1.296238
108 0.343820 0.445008
108 0.207972 0.974253
108 0.186790 0.854262
108 0.490980 0.085410
108 0.563827 -0.332098
108 0.425652 0.792328
109 0.505991 0.240367
109 0.326633 0.315431
109 0.011429 -0.523990
109 0.035327 0.221136
109 0.792623 -0.935515
109 0.489706 0.185899
109 0.149722 0.646297
109 0.358506 0.501087
109 0.165305 0.859522
109 0.112882 0.518796
109 0.276308 1.451691
109 0.549509 -0.403347
109 0.210007 0.952638
109 0.343671 1.574370
109 0.477931 0.079792
109 0.420030 0.648437
109 0.128628 0.916932
109 0.038866 0.461201
109 0.035459 0.307801
109 0.350179 0.866508
109 0.718802 -0.950749
109 0.131255 0.561547
109 0.786980 -0.875472
109 0.715674 -0.368238
109 0.003943 0.387980
109 0.026748 0.258447
109 0.195033 1.197700
109 0.056121 0.084603
109 0.531343 -0.273818
109 0.039627 0.530776
110 0.722694 -1.544201
110 0.413915 0.640606
110 0.789026 -1.510907
110 0.829052 -0.869642
110 0.137294 1.251421
110 0.238031 1.499204
110 0.269989 0.450351
110 0.166082 0.953705
110 0.392535 0.328380
110 0.193033 0.578682
110 0.595539 -0.598924
110 0.101615 0.964454
110 0.269919 1.172076
110 0.665521 -1.076945
110 0.398545 0.806666
110 0.421463 -0.199433
110 0.797925 -1.180888
110 0.984512 -0.344331
110 0.565068 -0.374043
110 0.079067 0.415761
110 0.102903 0.560002
110 0.968501 -0.249042
110 0.679235 -0.896048
110 0.752469 -0.837840
110 0.675764 -0.848376
110 0.179618 0.818496
110 0.448362 0.439312
110 0.798080 -0.706877
110 0.866363 -0.911228
110 0.237336 0.979015
111 0.823017 -1.092242
111 0.992216 0.018713
111 0.586402 -0.451599
111 0.962588 -0.034462
111 0.948844 -0.240693
111 0.313239 0.700338
111 0.863434 -0.492491
111 0.792473 -0.445106
111 0.775799 -1.162032
111 0.896281 -1.157098
111 0.384190 0.814917
111 0.400055 0.488152
111 0.640052 -0.810054
111 0.737805 -0.830212
111 0.879737 -0.822668
111 0.875845 -0.783997
111 0.721340 -1.013865
111 0.956893 0.173375
111 0.178629 0.910146
111 0.950340 -0.677688
111 0.064191 0.033717
111 0.555622 -0.300643
111 0.090197 0.198043
111 0.568001 -0.883072
111 0.390110 0.827553
111 0.081609 0.695940
111 0.648117 -0.912447
111 0.731198 -0.904932
111 0.174185 0.945108
111 0.694437 -0.758950
112 0.549454 -0.395145
112 0.874755 -0.756507
112 0.016275 -0.032354
112 0.773999 -0.745228
112 0.022658 0.334283
112 0.304290 1.292353
112 0.879663 -0.785396
112 0.690414 -0.569973
112 0.171997 0.473082
112 0.490785 -0.358645
112 0.721904 -1.348599
112 0.937343 -0.380829
112 0.634321 -0.386570
112 0.024675 -0.026223
112 0.499702 -0.141135
112 0.152962 0.755009
112 0.047780 0.467567
112 0.598511 -0.723476
112 0.776922 -1.145752
112 0.036061 -0.178977
112 0.783589 -1.149328
112 0.706388 -0.609452
112 0.751987 -0.972644
112 0.244728 0.777495
112 0.393595 0.990699
112 0.119751 0.507841
112 0.238891 1.423552
112 0.302790 1.366576
112 0.319437 0.923132
112 0.175040 0.441555
113 0.610515 -1.187076
113 0.281254 0.980078
113 0.141350 1.367041
113 0.961541 -0.448894
113 0.809530 -0.671720
113 0.958500 -0.401781
113 0.217833 0.996217
113 0.017809 0.476070
113 0.437262 0.280282
113 0.933609 -0.612185
113 0.138325 1.189185
113 0.117186 0.685217
113 0.068953 0.747178
113 0.765018 -1.201126
113 0.785927 -0.552628
113 0.695376 -0.859590
113 0.053292 0.459057
113 0.723288 -0.946460
113 0.448629 0.165557
113 0.157894 0.836661
113 0.295126 0.827295
113 0.501147 0.280658
113 0.329651 0.816442
113 0.969749 -0.637881
113 0.474742 -0.345790
113 0.372151 0.201637
113 0.673165 -0.700323
113 0.650545 -1.156477
113 0.002439 0.105352
113 0.618474 -0.636553
114 0.882050 -0.831813
114 0.180523 1.471277
114 0.141338 0.902474
114 0.365431 0.907733
114 0.428195 0.963680
114 0.933394 -0.541107
114 0.836120 -0.883670
114 0.464090 -0.152275
114 0.972975 -0.220693
114 0.642278 -1.226237
114 0.873659 -0.488686
114 0.246057 1.125692
114 0.488964 -0.013836
114 0.029717 0.155509
114 0.008880 0.284207
114 0.705453 -1.301823
114 0.118294 0.737943
114 0.547808 -0.086038
114 0.696007 -1.477688
114 0.032235 0.406635
114 0.448741 -0.185691
114 0.684152 -0.950904
114 0.889731 -0.987743
114 0.299230 1.381914
114 0.974217 -0.508431
114 0.844541 -1.323753
114 0.650635 -0.771350
114 0.391926 0.503945
114 0.711110 -1.421676
114 0.816193 -0.757007
115 0.089195 0.965446
115 0.581115 -0.049125
115 0.919640 -1.046809
115 0.786696 -0.808603
115 0.836218 -0.893185
115 0.928232 -0.745802
115 0.636544 -0.677965
115 0.994923 -0.436775
115 0.033282 0.067657
115 0.834840 -1.100796
115 0.857011 -0.932286
115 0.916700 -0.521260
115 0.478169 -0.167934
115 0.787756 -0.500040
115 0.195080 1.089037
115 0.603130 -0.065213
115 0.358645 0.727888
115 0.596174 -0.732804
115 0.675561 -0.365075
115 0.347069 0.646287
115 0.216238 0.924097
115 0.321688 1.116275
115 0.663957 -1.228706
115 0.676874 -0.682902
115 0.741317 -0.823508
115 0.126537 1.094698
115 0.818517 -0.641741
115 0.688148 -0.535436
115 0.030505 0.157371
115 0.335598 0.600023
116 0.364787 1.017650
116 0.497667 -0.410775
116 0.474526 -0.138668
116 0.433664 0.306207
116 0.845631 -0.340719
116 0.155275 1.144336
116 0.567665 -0.904710
116 0.618602 -0.272712
116 0.851221 -0.399657
116 0.609200 -0.985746
116 0.960020 -1.005004
116 0.872168 -0.741244
116 0.348740 1.150372
116 0.859906 -0.293509
116 0.958478 -0.519190
116 0.257197 1.524571
116 0.610209 -1.306814
116 0.281804 0.869685
116 0.649567 -0.932579
116 0.093643 0.900711
116 0.734188 -0.605578
116 0.419820 0.769012
116 0.587307 -0.926630
116 0.025862 0.420570
116 0.695441 -0.789104
116 0.495991 -0.476186
116 0.625251 -1.328325
116 0.315668 1.227477
116 0.145820 0.739273
116 0.435429 0.009118
117 0.024768 0.376009
117 0.160177 0.029904
117 0.902608 -0.708956
117 0.997543 0.412302
117 0.487590 0.080056
117 0.495370 0.297982
117 0.773399 -1.481752
117 0.036190 -0.255165
117 0.427021 0.873810
117 0.099828 0.617275
117 0.400926 0.614049
117 0.983822 -0.436921
117 0.753633 -0.969505
117 0.985046 -0.437603
117 0.746049 -0.643631
117 0.608110 0.190120
117 0.754221 -0.854466
117 0.659092 -1.031740
117 0.464066 -0.536231
117 0.292546 0.459141
117 0.520178 0.340015
117 0.258493 0.689819
117 0.486676 -0.027633
117 0.146135 0.991105
117 0.565395 0.045262
117 0.245284 0.939685
117 0.293608 0.841297
117 0.499028 0.027593
117 0.162526 0.664435
117 0.962380 -0.406325
118 0.597158 -0.793805
118 0.909339 -0.928283
118 0.115963 0.568262
118 0.305123 0.658544
118 0.360656 0.908144
118 0.683280 -0.777802
118 0.787745 -1.110960
118 0.961020 0.353012
118 0.295407 0.738943
118 0.493636 0.004144
118 0.028961 0.372713
118 0.252988 1.267440
118 0.374004 1.094793
118 0.593806 -0.427315
118 0.470845 0.497434
118 0.364475 0.552756
118 0.624078 -0.427574
118 0.828616 -0.609045
118 0.241681 1.452500
118 0.342876 0.333978
118 0.704924 -1.232315
118 0.777941 -0.737687
118 0.825397 -1.685281
118 0.209331 1.115131
118 0.539267 0.073715
118 0.900011 -0.760641
118 0.391950 0.498877
118 0.429883 0.104203
118 0.984823 -0.251680
118 0.113053 0.504314
119 0.703406 -0.992723
119 0.082456 0.658619
119 0.159907 1.093419
119 0.392308 0.769416
119 0.101375 0.503795
119 0.934041 -0.122671
119 0.652292 -1.079317
119 0.094823 0.165007
119 0.788057 -1.930132
119 0.368406 0.714746
119 0.244871 0.753017
119 0.569985 -0.306367
119 0.013372 -0.507447
119 0.465398 0.021551
119 0.843805 -0.690197
119 0.928058 -0.745741
119 0.342555 0.958396
119 0.642437 -0.947288
119 0.226823 0.979573
119 0.560213 -0.190822
119 0.254028 1.285519
119 0.571357 -0.405728
119 0.171722 0.637265
119 0.941233 -0.498325
119 0.886917 -0.461140
119 0.336918 0.548168
119 0.776663 -1.039420
119 0.095504 0.448935
119 0.740361 -1.029175
119 0.282459 0.676490
120 0.726885 -0.712552
120 0.686066 -1.237805
120 0.310588 0.886632
120 0.983039 -0.045311
120 0.648708 -0.956502
120 0.605780 0.090569
120 0.069880 0.495198
120 0.279319 0.964537
120 0.446974 0.684298
120 0.630626 -0.841218
120 0.512764 0.222118
120 0.763033 -1.496969
120 0.262568 0.860788
120 0.702157 -0.640436
120 0.816597 -0.442664
120 0.765050 -1.227521
120 0.770847 -1.258380
120 0.888507 -0.474390
120 0.084179 0.317682
120 0.697192 -1.026029
120 0.968678 0.067389
120 0.573651 -0.609651
120 0.217316 0.389360
120 0.998754 -0.398155
120 0.174677 0.893071
120 0.335558 0.299926
120 0.172062 0.793327
120 0.464513 -0.196500
120 0.418876 0.979912
120 0.491241 0.704550
121 0.961915 -0.482210
121 0.860201 -1.114699
121 0.561049 -0.500291
121 0.401653 0.709093
121 0.736825 -0.960363
121 0.527728 0.418962
121 0.975851 -0.814287
121 0.055123 0.480265
121 0.034286 0.215687
121 0.568611 -0.173165
121 0.203279 1.172161
121 0.604304 -0.658944
121 0.781423 -0.928777
121 0.138110 0.539668
121 0.440608 0.548673
121 0.688667 -1.490324
121 0.833864 -0.631307
121 0.496344 0.016017
121 0.206154 0.816172
121 0.585799 -0.583117
121 0.454517 0.234145
121 0.771925 -0.601335
121 0.555576 0.627907
121 0.279423 1.348922
121 0.754393 -1.169217
121 0.517747 0.077658
121 0.177547 1.100155
121 0.563072 -0.663551
121 0.948320 -0.697278
121 0.705516 -0.980178
122 0.082415 0.184564
122 0.364868 0.979970
122 0.975016 -0.157205
122 0.547247 -0.498350
122 0.754726 -0.939612
122 0.321496 0.395950
122 0.719339 -1.472099
122 0.966181 -0.546950
122 0.357761 0.884263
122 0.999059 -0.006887
122 0.638410 -0.449413
122 0.748591 -1.275958
122 0.252167 1.172308
122 0.643091 -0.816907
122 0.511006 -0.352013
122 0.956403 -0.154925
122 0.904675 -0.583574
122 0.396673 0.415834
122 0.946870 -0.315062
122 0.884813 -0.701054
122 0.590384 -0.583968
122 0.082118 0.369594
122 0.160790 0.455493
122 0.076874 0.486881
122 0.107993 0.386843
122 0.976952 -0.450406
122 0.212167 0.899670
122 0.690855 -0.711532
122 0.636528 -0.700742
122 0.631145 -0.893217
123 0.493812 0.041001
123 0.917316 -0.579917
123 0.354857 0.607319
123 0.857437 -0.303724
123 0.235826 1.120609
123 0.707480 -1.079338
123 0.088612 0.572201
123 0.986050 -0.395582
123 0.953936 -0.416434
123 0.442214 0.259134
123 0.523935 -0.523861
123 0.597775 -0.460211
123 0.275038 0.835968
123 0.674471 -0.996134
123 0.698562 -1.118842
123 0.525076 0.730818
123 0.147741 0.601807
123 0.919186 -1.106833
123 0.115045 0.181545
123 0.629172 -0.497607
123 0.103089 1.004309
123 0.146101 0.589836
123 0.020538 0.512373
123 0.363364 0.979346
123 0.639583 -0.825683
123 0.521544 -0.213087
123 0.674539 -0.835427
123 0.675019 -0.627824
123 0.140174 0.890397
123 0.057337 0.149476
124 0.637310 -1.301680
124 0.493305 -0.026644
124 0.484729 -0.374751
124 0.181362 1.363918
124 0.345917 0.364886
124 0.727124 -1.300994
124 0.540944 -0.130342
124 0.529306 -0.359007
124 0.195246 0.485887
124 0.690362 -0.318623
124 0.392034 0.327035
124 0.182753 0.853180
124 0.943785 -0.408670
124 0.506799 0.170388
124 0.528037 -0.036544
124 0.981372 -0.364817
124 0.366406 0.646491
124 0.943021 -0.418489
124 0.694925 -0.716034
124 0.633096 -1.092641
124 0.234418 1.600645
124 0.051756 0.091734
124 0.437784 0.378410
124 0.010171 -0.284134
124 0.071003 0.042023
124 0.595327 -0.826109
124 0.724472 -1.278321
124 0.167948 0.745747
124 0.732500 -1.287651
124 0.949726 -0.101989
125 0.048093 -0.132527
125 0.931169 0.132367
125 0.395885 0.552657
125 0.360977 0.344743
125 0.759515 -1.223876
125 0.263972 0.500907
125 0.834748 -0.665450
125 0.076052 0.148380
125 0.740711 -0.947697
125 0.965789 0.126966
125 0.995769 -0.228187
125 0.923804 -0.541102
125 0.870762 -1.116691
125 0.278880 0.867074
125 0.966648 0.564183
125 0.927897 -0.204320
125 0.534373 -0.293713
125 0.402078 0.393668
125 0.109267 0.621080
125 0.590634 -0.500171
125 0.700546 -1.077832
125 0.403997 0.726304
125 0.406030 0.270687
125 0.573311 -0.732028
125 0.027784 0.284746
125 0.957866 -0.612247
125 0.289906 1.187436
125 0.140891 0.769785
125 0.005488 -0.513895
125 0.856892 -0.749965
126 0.086233 0.446384
126 0.846196 -0.538152
126 0.007950 0.026236
126 0.730164 -1.143511
126 0.988192 -0.014598
126 0.482020 -0.295083
126 0.371241 0.793426
126 0.605833 -1.079689
126 0.804698 -1.249840
126 0.240252 0.392517
126 0.250701 0.947455
126 0.607178 -0.140772
126 0.939880 -0.403950
126 0.298440 1.147115
126 0.376755 1.404962
126 0.993333 0.079341
126 0.176222 0.664903
126 0.076968 0.276703
126 0.589755 -0.534330
126 0.024267 -0.037985
126 0.180433 0.738557
126 0.622209 -0.399023
126 0.659512 -0.534835
126 0.510425 -0.559525
126 0.383748 0.421741
126 0.576198 -0.599883
126 0.643386 -0.604171
126 0.803482 -0.601146
126 0.792751 -0.153550
126 0.664801 -0.999806
127 0.693334 -0.765453
127 0.814527 -0.888537
127 0.181037 1.229138
127 0.516772 -0.123018
127 0.660831 -0.830300
127 0.223700 1.139157
127 0.516928 -0.304955
127 0.638445 -0.976111
127 0.214450 1.117485
127 0.375563 0.695813
127 0.216339 0.855523
127 0.902943 -0.597561
127 0.236799 1.474930
127 0.120835 0.555455
127 0.035155 0.077490
127 0.044953 -0.233523
127 0.191586 0.920693
127 0.608209 -0.431646
127 0.017650 0.361530
127 0.286744 1.005933
127 0.058167 0.644142
127 0.403659 0.788402
127 0.048577 0.634385
127 0.607542 -0.330157
127 0.688424 -0.455093
127 0.731338 -1.044041
127 0.224343 0.588917
127 0.868500 -0.536272
127 0.690288 -0.696276
127 0.056650 0.819474
128 0.594869 -0.731406
128 0.212134 1.123347
128 0.184585 1.150850
128 0.639444 -1.107436
128 0.210069 0.582386
128 0.553087 -0.041054
128 0.834812 -1.273883
128 0.389820 0.802543
128 0.378472 1.176586
128 0.036140 0.710900
128 0.254085 1.221032
128 0.698191 -0.734841
128 0.360391 1.444516
128 0.158299 0.138234
128 0.105768 0.477411
128 0.095053 0.816908
128 0.659133 -0.942584
128 0.612621 -0.278095
128 0.518521 -0.127915
128 0.500326 0.037472
128 0.153137 0.738042
128 0.500604 -0.160550
128 0.059938 0.203628
128 0.925858 -0.367828
128 0.058028 0.124204
128 0.423530 0.748161
128 0.000571 0.199556
128 0.786150 -0.644490
128 0.166170 0.525784
128 0.924916 -0.964304
129 0.501395 0.169178
129 0.599161 -0.593251
129 0.708542 -0.803532
129 0.547428 -0.215230
129 0.787693 -0.865299
129 0.318867 0.845773
129 0.858990 -0.985018
129 0.107676 0.525586
129 0.634004 -1.250901
129 0.890133 -0.384198
129 0.252694 0.629308
129 0.326835 0.820420
129 0.305442 1.134350
129 0.564264 -0.141079
129 0.412872 -0.011890
129 0.107959 0.599938
129 0.891287 -0.493248
129 0.204677 0.975330
129 0.534080 0.190724
129 0.594805 -0.807611
129 0.040752 -0.361450
129 0.095712 0.808877
129 0.971690 -0.338068
129 0.664512 -1.386740
129 0.033565 0.161783
129 0.794199 -0.592518
129 0.508543 -0.432626
129 0.075200 1.155906
129 0.680752 -1.158193
129 0.499352 0.030176
130 0.976489 -0.205691
130 0.015492 0.427836
130 0.010073 0.340601
130 0.373441 0.348081
130 0.620376 -0.774386
130 0.179653 0.142988
130 0.533194 -0.083157
130 0.722772 -1.550400
130 0.094061 0.896335
130 0.984422 0.257097
130 0.336701 0.712944
130 0.642415 -0.623715
130 0.110720 0.575773
130 0.709486 -0.895203
130 0.840456 -1.186966
130 0.105285 0.801069
130 0.125863 0.218576
130 0.281047 0.432054
130 0.011936 0.038346
130 0.986051 -0.150903
130 0.598384 -0.497851
130 0.607589 -0.820533
130 0.958962 0.310707
130 0.832029 -0.821912
130 0.814243 -0.849769
130 0.339502 0.905169
130 0.334863 1.162052
130 0.291738 1.138615
130 0.346696 0.953650
130 0.369509 0.951873
131 0.996435 -0.154422
131 0.214572 0.578922
131 0.129207 0.472001
131 0.925691 -0.423437
131 0.161931 0.815424
131 0.879280 0.231580
131 0.650457 -1.214439
131 0.576861 -0.501910
131 0.751339 -1.427084
131 0.725999 -1.104987
131 0.110526 0.535840
131 0.999466 0.250109
131 0.941890 -0.491959
131 0.896592 -0.662369
131 0.622289 -0.824056
131 0.522791 -0.563029
131 0.536279 -0.421607
131 0.014937 -0.020867
131 0.499470 0.025481
131 0.623770 -0.533935
131 0.658706 -0.910323
131 0.332139 0.794099
131 0.471282 -0.336783
131 0.636311 -0.593611
131 0.428306 0.226619
131 0.962135 -0.011537
131 0.705442 -0.566133
131 0.001274 -0.048371
131 0.023279 -0.161245
131 0.690300 -0.935479
132 0.957255 0.351983
132 0.655813 -0.759562
132 0.809241 -1.123049
132 0.696971 -1.011494
132 0.829474 -0.735893
132 0.162491 0.383716
132 0.496950 -0.152589
132 0.667125 -0.436993
132 0.103390 0.291169
132 0.149957 0.584151
132 0.633983 -0.741910
132 0.868706 -0.649568
132 0.660416 -1.033227
132 0.036205 0.248614
132 0.970433 -0.002327
132 0.139507 1.356970
132 0.232562 0.956130
132 0.974967 -0.169027
132 0.771033 -0.533045
132 0.936577 -0.552787
132 0.806620 -1.334691
132 0.651734 -0.740300
132 0.284553 1.299378
132 0.326881 0.993892
132 0.947271 -0.354383
132 0.860626 -1.202520
132 0.359490 0.755039
132 0.373267 1.084709
132 0.297694 0.585198
132 0.326130 0.814336
133 0.518551 0.054390
133 0.920833 -0.719861
133 0.008481 -0.344017
133 0.056144 0.038816
133 0.417045 0.582940
133 0.675966 -0.922701
133 0.476100 -0.490203
133 0.897548 -0.715274
133 0.044085 0.624232
133 0.340141 0.708465
133 0.351348 0.754367
133 0.340127 1.156797
133 0.487686 0.315941
133 0.790577 -0.661150
133 0.317883 0.078645
133 0.744483 -0.479342
133 0.146465 0.986685
133 0.560725 0.366088
133 0.375088 0.472018
133 0.539211 -0.772919
133 0.107750 0.628632
133 0.953463 -0.370864
133 0.906214 -0.359658
133 0.826396 -0.564511
133 0.892783 -0.650043
133 0.146688 0.724398
133 0.503722 0.133433
133 0.317909 0.833444
133 0.887386 -0.751987
133 0.189438 1.239611
134 0.701662 -0.901349
134 0.568427 -0.147077
134 0.511539 -0.514117
134 0.205558 0.875677
134 0.258108 1.247449
134 0.358497 0.796177
134 0.009284 0.498503
134 0.417363 0.023427
134 0.002768 -0.489607
134 0.565015 -0.166331
134 0.704029 -0.698831
134 0.562149 -0.438618
134 0.693520 -0.817572
134 0.000013 0.223645
134 0.059442 0.120703
134 0.698462 -1.160081
134 0.802900 -0.888350
134 0.717702 -0.708252
134 0.663012 -1.204104
134 0.707383 -1.023747
134 0.739590 -1.071133
134 0.724377 -0.861681
134 0.738008 -0.999772
134 0.074020 0.284729
134 0.063272 0.761727
134 0.361120 0.604232
134 0.527597 -0.260157
134 0.762619 -1.474308
134 0.334708 0.647587
134 0.275117 1.142396
135 0.473130 0.271109
135 0.291472 0.726089
135 0.790450 -1.631103
135 0.223244 1.111906
135 0.696517 -1.213380
135 0.851768 -0.595718
135 0.603698 -0.833257
135 0.354159 0.497013
135 0.187891 0.970769
135 0.134346 1.454698
135 0.744175 -0.774621
135 0.469132 0.233602
135 0.046320 0.394599
135 0.983840 -0.626700
135 0.671303 -1.216924
135 0.844183 -1.583235
135 0.438189 0.897644
135 0.955439 0.181872
135 0.199525 1.067976
135 0.185136 0.958628
135 0.890335 -1.101279
135 0.891717 -0.694864
135 0.499019 0.543878
135 0.125786 0.750017
135 0.305216 0.771025
135 0.754152 -1.527081
135 0.845992 -0.409470
135 0.347655 0.796565
135 0.061234 -0.151700
135 0.665727 -1.140337
136 0.370921 0.421991
136 0.888597 -0.754203
136 0.387853 0.407205
136 0.845188 -0.586397
136 0.555613 -0.833993
136 0.007615 -0.354459
136 0.188737 0.749361
136 0.931278 -0.213616
136 0.604173 -0.238877
136 0.929547 -0.014191
136 0.310120 1.088439
136 0.716562 -1.002878
136 0.772025 -0.752052
136 0.975700 -0.495442
136 0.018176 -0.439439
136 0.952237 -0.164627
136 0.391590 0.327990
136 0.837992 -0.870612
136 0.544713 -0.241370
136 0.564650 -0.320690
136 0.359378 1.054336
136 0.828473 -0.631267
136 0.264014 1.054626
136 0.492241 -0.083875
136 0.560174 -0.336815
136 0.742521 -1.177759
136 0.471635 0.118350
136 0.680283 -0.120130
136 0.485294 0.146925
136 0.659321 -0.706960
137 0.683206 -0.787583
137 0.933552 -0.841771
137 0.576284 -0.611101
137 0.567813 -0.444015
137 0.646682 -0.475565
137 0.440578 0.464399
137 0.054172 -0.021208
137 0.396504 0.459171
137 0.900252 -0.320687
137 0.804947 -1.301226
137 0.927424 -0.463964
137 0.152832 0.816610
137 0.505958 -0.153160
137 0.584728 0.301155
137 0.209926 0.844647
137 0.200970 1.087852
137 0.782033 -1.209704
137 0.671852 -0.723528
137 0.647188 -0.537268
137 0.266987 0.817920
137 0.506769 -0.058931
137 0.023070 -0.124138
137 0.129946 0.385415
137 0.518251 0.196616
137 0.309672 0.764332
137 0.965670 -0.938118
137 0.471485 0.707817
137 0.083564 0.260627
137 0.017842 0.037960
137 0.725258 -0.495669
138 0.895289 -0.452504
138 0.790079 -0.743986
138 0.197632 0.807590
138 0.372080 0.659256
138 0.780240 -1.017621
138 0.527092 -0.184807
138 0.174492 1.239940
138 0.396055 -0.096497
138 0.625936 -0.702091
138 0.973226 -0.191285
138 0.661812 -1.261824
138 0.016195 0.303112
138 0.705008 -1.177658
138 0.250865 0.892875
138 0.862159 -0.207161
138 0.383890 0.969520
138 0.199615 1.122652
138 0.467947 0.314268
138 0.255198 0.950063
138 0.235821 1.595848
138 0.573262 -0.203582
138 0.767346 -1.218931
138 0.834954 -1.280919
138 0.397670 0.769618
138 0.066804 0.390763
138 0.483975 -0.328163
138 0.433781 0.532739
138 0.196979 0.864312
138 0.896145 -0.448008
138 0.974148 -0.029196
139 0.782712 -1.319434
139 0.162788 0.611704
139 0.407423 0.477116
139 0.919169 -0.287659
139 0.171598 1.258793
139 0.061527 -0.029787
139 0.653467 -1.000833
139 0.594536 -0.667030
139 0.952031 -0.058443
139 0.906468 -0.712862
139 0.749430 -1.128913
139 0.019157 -0.303520
139 0.480387 0.267943
139 0.896102 -0.655841
139 0.433651 0.208698
139 0.962146 -0.313463
139 0.652488 -0.480008
139 0.109457 0.333326
139 0.509272 -0.310723
139 0.695617 -0.566511
139 0.065369 0.422007
139 0.344650 1.029243
139 0.717081 -0.858160
139 0.157071 0.823725
139 0.348340 0.710614
139 0.689910 -0.680102
139 0.775541 -0.638450
139 0.518512 0.209206
139 0.956858 -0.623406
139 0.925331 -0.060664
140 0.514510 -0.118547
140 0.423306 0.771767
140 0.400671 1.071222
140 0.817966 -1.478528
140 0.677501 -1.138448
140 0.773690 -1.245213
140 0.421084 0.519490
140 0.261437 0.631487
140 0.086865 1.023773
140 0.776656 -0.972950
140 0.415276 0.470602
140 0.509224 0.419893
140 0.469343 0.186619
140 0.431138 0.539391
140 0.683900 -1.140226
140 0.608734 -1.042426
140 0.972054 -0.357799
140 0.138904 1.422198
140 0.573519 -0.255775
140 0.063240 0.469336
140 0.807918 -1.227424
140 0.616311 -0.394095
140 0.428379 0.027666
140 0.802236 -1.416739
140 0.455003 0.111309
140 0.227786 1.576623
140 0.472501 0.741293
140 0.070832 0.295131
140 0.897861 -0.800864
140 0.730958 -1.484960
141 0.634424 -0.845635
141 0.636112 -1.456084
141 0.072164 0.976572
141 0.968992 -0.014520
141 0.892783 -0.814555
141 0.547782 -0.628630
141 0.309389 1.239619
141 0.698055 -1.281301
141 0.833374 -1.171364
141 0.786121 -1.204139
141 0.977047 -0.109490
141 0.636855 -0.571530
141 0.321225 1.259324
141 0.497928 0.326512
141 0.816317 -0.914204
141 0.265343 1.301514
141 0.231408 0.791885
141 0.724835 -1.533785
141 0.444427 0.140781
141 0.816570 -1.155669
141 0.143684 0.595462
141 0.335696 0.570694
141 0.268100 0.855207
141 0.697868 -0.760827
141 0.759329 -0.483705
141 0.456003 -0.244668
141 0.478029 -0.248713
141 0.132032 0.500215
141 0.701828 -0.724821
141 0.992318 -0.109735
142 0.111154 1.141359
142 0.469800 0.026263
142 0.604852 -0.321941
142 0.878347 -0.609117
142 0.847114 -0.728423
142 0.764278 -1.031213
142 0.407694 0.311663
142 0.142249 0.488884
142 0.669649 -0.356703
142 0.181289 0.942433
142 0.561314 -0.038211
142 0.980678 0.294368
142 0.550310 -0.434122
142 0.645557 -0.665243
142 0.677575 -0.884733
142 0.830388 -1.222293
142 0.434981 0.341615
142 0.497510 0.191897
142 0.175972 0.744054
142 0.614680 -0.757255
142 0.295758 0.906944
142 0.507625 0.585569
142 0.766557 -1.544808
142 0.017570 0.260664
142 0.563916 -0.466887
142 0.173445 0.694332
142 0.279383 0.899643
142 0.034713 0.416598
142 0.169463 1.092033
142 0.986629 -0.028106
143 0.465967 0.641028
143 0.839661 -1.112559
143 0.484999 0.046356
143 0.929804 -0.547804
143 0.900469 -0.790528
143 0.185288 0.991858
143 0.686166 -1.309267
143 0.214625 0.942109
143 0.823304 -0.740995
143 0.635723 -0.817636
143 0.294118 0.661764
143 0.249124 1.309040
143 0.429578 0.647256
143 0.800723 -1.261999
143 0.796162 -1.346464
143 0.033376 -0.077402
143 0.302287 1.110100
143 0.422851 0.548652
143 0.585582 -0.275161
143 0.149527 0.709422
143 0.335283 0.582415
143 0.885597 -0.382839
143 0.476548 -0.019211
143 0.744143 -0.943359
143 0.484779 -0.369484
143 0.464983 0.047307
143 0.621926 -0.390497
143 0.259365 0.783387
143 0.249802 1.244350
143 0.989354 -0.766148
144 0.726668 -1.227595
144 0.265001 1.085517
144 0.355047 0.743984
144 0.957261 -0.132412
144 0.104330 0.790093
144 0.183147 1.240636
144 0.430038 0.085924
144 0.282099 1.046216
144 0.649009 -0.914382
144 0.690602 -0.960752
144 0.526388 0.094280
144 0.611197 -0.351265
144 0.433421 0.825767
144 0.760387 -0.870194
144 0.042098 0.228434
144 0.312891 0.847072
144 0.684430 -1.436753
144 0.329645 1.279299
144 0.078535 0.377099
144 0.345013 0.978802
144 0.711495 -0.767177
144 0.121985 0.319990
144 0.724631 -1.264327
144 0.775456 -0.523130
144 0.635301 -0.664229
144 0.244234 0.825168
144 0.805295 -0.978155
144 0.214443 1.301018
144 0.905821 -0.277515
144 0.706646 -1.402952
145 0.496005 -0.053325
145 0.335381 1.108804
145 0.779472 -0.563800
145 0.105816 0.777296
145 0.857003 -0.203958
145 0.767337 -0.843266
145 0.861364 -0.674359
145 0.894994 -0.540821
145 0.229778 0.606290
145 0.521006 0.155199
145 0.849922 -1.542944
145 0.377388 0.520542
145 0.060408 0.377383
145 0.291634 0.729050
145 0.241920 0.863185
145 0.870063 -0.176887
145 0.463846 0.556419
145 0.683544 -1.119832
145 0.962119 -0.376641
145 0.299188 0.569520
145 0.761200 -0.786027
145 0.022764 0.067621
145 0.104116 0.018570
145 0.161865 0.880784
145 0.312418 1.055769
145 0.402987 0.861440
145 0.477016 0.121906
145 0.245331 0.887768
145 0.066215 1.000024
145 0.677523 -0.896116
146 0.918788 -0.385456
146 0.659673 -0.667285
146 0.929239 -0.382382
146 0.474412 0.317390
146 0.454618 0.418868
146 0.937239 -0.662619
146 0.959791 -0.138040
146 0.960767 -0.006565
146 0.818897 -0.561213
146 0.462406 0.358851
146 0.210299 0.679474
146 0.383441 0.425233
146 0.938297 -0.508594
146 0.363554 0.812926
146 0.756717 -1.035780
146 0.923004 -0.802246
146 0.970392 -0.523876
146 0.947674 -0.952439
146 0.555058 -1.274921
146 0.491880 0.011462
146 0.987641 0.618490
146 0.218179 1.519113
146 0.187530 0.630483
146 0.963182 -0.184304
146 0.689195 -1.367276
146 0.536304 -0.619765
146 0.132050 0.378483
146 0.513240 -0.150745
146 0.944221 -0.398076
146 0.602891 -0.526574
147 0.802824 -0.955638
147 0.040996 0.303932
147 0.879276 -0.408236
147 0.968566 -0.343338
147 0.742156 -1.399366
147 0.119914 0.832120
147 0.807376 -0.997526
147 0.647489 -1.161902
147 0.338826 0.998419
147 0.884031 -0.236529
147 0.565567 -0.889336
147 0.852928 -0.491370
147 0.670114 -1.637771
147 0.288516 0.850774
147 0.975019 0.395836
147 0.571006 -0.529985
147 0.516755 -0.078100
147 0.403510 0.798663
147 0.136344 0.240728
147 0.686213 -0.899126
147 0.430799 0.440494
147 0.934613 0.159315
147 0.965097 -0.588270
147 0.767641 -1.108325
147 0.242495 0.720382
147 0.715980 -1.287565
147 0.020422 0.466183
147 0.826401 -0.878982
147 0.493619 -0.126585
147 0.936740 -0.542447
148 0.414631 0.383005
148 0.576751 -1.193171
148 0.230261 0.922319
148 0.281012 0.828683
148 0.221845 1.221397
148 0.345186 0.953319
148 0.898506 -0.807646
148 0.431587 0.279169
148 0.417829 0.423277
148 0.386581 1.099616
148 0.964116 -0.470253
148 0.117299 0.456152
148 0.871875 -1.059427
148 0.327161 0.440148
148 0.956512 -0.177757
148 0.315227 0.978058
148 0.082874 0.882329
148 0.520042 0.186828
148 0.227866 1.709480
148 0.752990 -1.021985
148 0.657306 -0.913295
148 0.686469 -1.311449
148 0.193489 1.146597
148 0.708630 -0.930847
148 0.311331 1.122045
148 0.998674 -0.350068
148 0.731768 -0.887964
148 0.590412 -0.476448
148 0.867118 -0.699535
148 0.589312 -0.737150
149 0.676368 -0.229434
149 0.077190 0.468868
149 0.954467 0.045978
149 0.315209 0.737779
149 0.354292 0.715055
149 0.222843 0.989243
149 0.084670 0.275016
149 0.790047 -1.029625
149 0.240490 1.264631
149 0.282688 0.738874
149 0.181796 0.909602
149 0.974885 0.055474
149 0.781035 -1.228388
149 0.929900 -0.097726
149 0.861723 -0.741701
149 0.906297 -0.604862
149 0.479034 -0.471092
149 0.170541 0.765857
149 0.326880 0.997059
149 0.292452 1.488241
149 0.717134 -0.808387
149 0.025673 0.498473
149 0.142042 0.415897
149 0.682885 -0.950443
149 0.123442 1.066377
149 0.048292 0.032472
149 0.109215 0.923183
149 0.690674 -0.711332
149 0.139325 0.850221
149 0.146304 0.696541
150 0.619113 -0.328215
150 0.864598 -0.411911
150 0.065975 0.210436
150 0.397571 1.078597
150 0.940047 -0.354262
150 0.501677 0.004387
150 0.220658 1.012748
150 0.353656 0.816096
150 0.408140 -0.243380
150 0.117290 0.616382
150 0.660792 -1.256169
150 0.592164 -0.059358
150 0.647723 -0.324700
150 0.610792 -0.385667
150 0.016672 0.033022
150 0.174463 0.587065
150 0.165572 0.665292
150 0.097951 1.160116
150 0.735476 -1.203498
150 0.120137 -0.021503
150 0.668194 -0.561734
150 0.178390 1.350625
150 0.118310 1.174534
150 0.162530 1.164243
150 0.508403 0.307680
150 0.645483 -0.776129
150 0.811925 -1.548145
150 0.128562 0.731119
150 0.616187 -0.480415
150 0.773840 -1.029384
151 0.645082 -1.047757
151 0.821689 -1.073502
151 0.463110 0.696086
151 0.236858 0.947244
151 0.490660 0.067693
151 0.250208 0.947468
151 0.528725 0.160401
151 0.462508 0.584938
151 0.780504 -0.647726
151 0.240090 1.006032
151 0.199985 0.689297
151 0.474185 0.739052
151 0.050504 0.568922
151 0.229341 0.854589
151 0.353705 1.222262
151 0.487630 -0.083036
151 0.269437 1.415763
151 0.560636 0.071645
151 0.878415 -0.968219
151 0.543727 -0.096777
151 0.286840 1.207988
151 0.061981 1.164141
151 0.136666 0.534303
151 0.561217 0.054537
151 0.683709 -0.909299
151 0.049668 -0.065377
151 0.185550 0.883125
151 0.319081 0.908009
151 0.319773 0.587766
151 0.958407 -0.164720
152 0.848853 -0.906469
152 0.775319 -0.524628
152 0.577560 -0.376287
152 0.259753 0.073281
152 0.875439 0.021128
152 0.010816 0.122826
152 0.227440 1.092981
152 0.403732 0.894661
152 0.586157 -0.375665
152 0.560879 -0.149183
152 0.175816 0.766205
152 0.104798 0.242966
152 0.222329 1.068994
152 0.348709 1.243243
152 0.014054 -0.106154
152 0.692456 -1.153753
152 0.247727 1.366204
152 0.351404 0.666625
152 0.334902 0.737888
152 0.511830 -0.186204
152 0.859800 -0.790809
152 0.149390 0.334667
152 0.340727 0.680069
152 0.692029 -0.865283
152 0.044231 0.341322
152 0.829979 -0.528973
152 0.961825 0.314251
152 0.607637 -0.172170
152 0.956508 0.004518
152 0.413062 0.474865
153 0.306123 0.813051
153 0.627532 -1.113792
153 0.923314 -0.567723
153 0.171696 1.380873
153 0.800729 -1.363211
153 0.631517 -0.820241
153 0.812947 -0.283110
153 0.170693 1.000836
153 0.434086 0.292092
153 0.128837 0.676883
153 0.960082 -0.119381
153 0.062692 0.892528
153 0.065483 0.240677
153 0.898156 -0.824401
153 0.300762 0.535923
153 0.597020 -0.541607
153 0.287476 0.550700
153 0.648758 -0.943542
153 0.192469 0.662771
153 0.458869 0.577801
153 0.533492 -0.361407
153 0.333643 0.984130
153 0.251701 0.518715
153 0.140207 0.810792
153 0.706144 -1.323223
153 0.168283 0.743363
153 0.292126 1.628535
153 0.336909 1.134228
153 0.454367 0.244286
153 0.702569 0.003763
154 0.077222 0.120995
154 0.692900 -0.575353
154 0.834785 -0.993707
154 0.158841 0.672190
154 0.074149 0.434631
154 0.886523 -0.832716
154 0.132209 0.617606
154 0.035086 0.247804
154 0.721054 -1.110119
154 0.847716 -0.946135
154 0.514473 -0.393861
154 0.539925 -0.594370
154 0.336861 0.872924
154 0.238463 1.089354
154 0.755232 -1.427907
154 0.849284 -0.583669
154 0.321245 1.130684
154 0.273819 1.281229
154 0.267792 1.083725
154 0.050595 0.503697
154 0.281075 1.636507
154 0.025651 0.070016
154 0.788408 -1.284730
154 0.255927 0.539089
154 0.690155 -0.403433
154 0.543188 0.262594
154 0.837464 -1.130139
154 0.960379 -0.464581
154 0.367292 0.643314
154 0.088341 0.894273
155 0.870615 -0.380629
155 0.233194 1.153915
155 0.736651 -0.657472
155 0.104091 0.707499
155 0.026742 0.286082
155 0.028174 -0.358241
155 0.170246 0.781794
155 0.694948 -1.008244
155 0.363306 1.124207
155 0.015942 -0.051867
155 0.988023 0.004273
155 0.533378 -0.140461
155 0.393880 0.965754
155 0.518850 -0.158284
155 0.519971 0.123184
155 0.470237 -0.325539
155 0.612949 -1.135796
155 0.885627 -1.343357
155 0.301714 1.183470
155 0.486969 0.283887
155 0.003644 0.291942
155 0.859814 -0.974465
155 0.305904 0.769878
155 0.271297 0.954746
155 0.997537 0.417636
155 0.584393 0.002394
155 0.123043 0.936502
155 0.265525 1.094552
155 0.353227 1.197550
155 0.986060 -0.164228
156 0.652743 -0.668670
156 0.133624 0.554286
156 0.860123 -0.717136
156 0.576443 -0.863382
156 0.111504 0.605726
156 0.703528 -1.716051
156 0.431113 -0.050991
156 0.204081 0.861974
156 0.961069 0.470359
156 0.719648 -1.522093
156 0.592994 -0.924687
156 0.848867 -0.748148
156 0.543870 0.258662
156 0.441471 0.420169
156 0.189447 1.139134
156 0.153390 0.720073
156 0.431969 0.261365
156 0.455975 0.297761
156 0.733313 -1.191995
156 0.442085 0.573194
156 0.593159 -1.034361
156 0.832519 -0.601578
156 0.993335 -0.030073
156 0.322525 0.833541
156 0.901954 -1.070702
156 0.806051 -1.232560
156 0.068007 0.774009
156 0.334159 0.800840
156 0.219043 1.064662
156 0.664384 -1.122626
157 0.003742 -0.256735
157 0.079162 0.082953
157 0.522736 0.182457
157 0.230893 0.884750
157 0.777552 -1.645721
157 0.857509 -0.967381
157 0.144833 1.063925
157 0.337020 0.625805
157 0.146574 1.245501
157 0.286693 0.716543
157 0.239204 1.148723
157 0.786865 -0.662302
157 0.345480 0.960441
157 0.495565 -0.384485
157 0.673895 -1.170574
157 0.822257 -0.547678
157 0.301209 0.707298
157 0.209221 1.260057
157 0.978453 -0.264054
157 0.320148 0.946863
157 0.671068 -1.295352
157 0.677841 -1.081448
157 0.514029 -0.350627
157 0.228447 1.058525
157 0.141457 0.804277
157 0.487016 0.220284
157 0.510930 -0.215775
157 0.773367 -1.268311
157 0.709833 -0.913504
157 0.912041 -0.833831
158 0.669521 -1.426732
158 0.441508 0.459792
158 0.638098 -0.886473
158 0.474824 0.502440
158 0.776664 -0.999193
158 0.005260 0.407813
158 0.215711 1.129165
158 0.296438 0.919482
158 0.945395 -0.100104
158 0.507046 0.193959
158 0.364352 0.894371
158 0.404312 -0.122038
158 0.451822 0.003339
158 0.867830 -0.323001
158 0.962336 -0.611232
158 0.844165 -0.565281
158 0.841657 -0.626769
158 0.199015 0.731400
158 0.268678 0.394552
158 0.596049 -0.738197
158 0.656137 -0.207672
158 0.202705 0.697188
158 0.746282 -1.238004
158 0.199964 0.651711
158 0.263011 1.361096
158 0.306796 0.864125
158 0.845991 -1.011335
158 0.732084 -0.569628
158 0.530685 -0.017762
158 0.819749 -1.181284
159 0.180970 1.206706
159 0.857972 -0.627779
159 0.377162 0.953670
159 0.964368 -0.109872
159 0.118160 0.727821
159 0.836455 -1.007161
159 0.908338 -0.300713
159 0.822676 -0.590078
159 0.808841 -0.951367
159 0.361310 0.730163
159 0.713343 -0.496171
159 0.579347 -0.484278
159 0.424479 0.479610
159 0.993112 0.102001
159 0.290455 0.938527
159 0.413144 0.272942
159 0.902861 -0.459758
159 0.289008 0.958487
159 0.152681 1.371479
159 0.310000 1.166312
159 0.759312 -1.176934
159 0.859854 -0.552380
159 0.114445 0.751052
159 0.621713 -0.299524
159 0.567287 -0.567630
159 0.668798 -0.816040
159 0.671056 -0.909213
159 0.959467 -0.234386
159 0.346529 0.556082
159 0.299767 1.124282
160 0.188365 0.703467
160 0.716206 -0.757954
160 0.625495 -0.271719
160 0.652291 -0.879305
160 0.175948 0.799720
160 0.669174 -0.730831
160 0.736978 -1.191552
160 0.489410 -0.328557
160 0.340366 1.187410
160 0.166555 0.730389
160 0.289961 0.974179
160 0.763828 -1.179265
160 0.409401 0.922029
160 0.702713 -0.700233
160 0.740091 -1.070284
160 0.674170 -1.242597
160 0.673538 -0.990879
160 0.610808 -0.470283
160 0.518422 -0.058900
160 0.197817 0.979457
160 0.842803 -0.771250
160 0.964264 0.004986
160 0.466484 0.196476
160 0.933239 -0.272275
160 0.997995 -0.308676
160 0.486196 0.852780
160 0.724355 -1.072204
160 0.643790 -0.724396
160 0.237265 1.166740
160 0.047089 0.168337
161 0.126186 0.561095
161 0.251441 0.675567
161 0.367734 0.911943
161 0.892416 -0.427363
161 0.239087 0.609558
161 0.319599 0.816909
161 0.223015 1.542478
161 0.545742 -0.577693
161 0.617087 -0.543098
161 0.532128 -0.168839
161 0.951857 0.029965
161 0.995378 0.059603
161 0.837396 -0.982370
161 0.805296 -0.920220
161 0.366053 0.770131
161 0.579784 -0.508070
161 0.351472 0.407811
161 0.784356 -0.603865
161 0.171831 1.201721
161 0.216672 0.664897
161 0.038694 0.150516
161 0.608940 -0.699802
161 0.688538 -1.273312
161 0.003362 -0.538915
161 0.510786 -0.268895
161 0.376875 0.591809
161 0.792381 -1.397125
161 0.038891 0.295027
161 0.048566 0.649290
161 0.620209 -0.432869
162 0.268975 0.588250
162 0.985421 -0.217166
162 0.816390 -0.884771
162 0.794808 -1.051630
162 0.667579 -0.546685
162 0.983268 -0.197486
162 0.441563 0.288612
162 0.741539 -0.754199
162 0.698811 -0.405508
162 0.732089 -0.571425
162 0.751465 -1.040954
162 0.190756 0.916660
162 0.349051 0.826521
162 0.392254 0.670548
162 0.748000 -1.254125
162 0.716248 -0.696619
162 0.833366 -0.803939
162 0.788519 -0.984312
162 0.596034 -0.948788
162 0.139948 0.788993
162 0.635455 -1.319963
162 0.887059 -0.826046
162 0.643174 -0.952002
162 0.895626 -0.523694
162 0.999053 0.558005
162 0.359202 0.945271
162 0.723290 -0.551430
162 0.539959 -0.054874
162 0.454972 0.616677
162 0.239867 1.555112
163 0.240305 1.008778
163 0.073941 -0.322357
163 0.468739 0.100513
163 0.250251 0.972912
163 0.886046 -1.064150
163 0.517129 0.346551
163 0.233368 0.816207
163 0.451270 0.230171
163 0.195994 0.765313
163 0.178729 0.876929
163 0.300656 1.342217
163 0.108301 1.371070
163 0.188648 1.150306
163 0.938047 -0.053109
163 0.666803 -0.351524
163 0.921103 -0.401010
163 0.256847 1.470150
163 0.857013 -0.544618
163 0.362273 0.804528
163 0.144195 0.892147
163 0.804707 -1.487928
163 0.059650 0.453716
163 0.404853 0.099724
163 0.819315 -1.394233
163 0.617185 -0.613683
163 0.518066 -0.447490
163 0.353634 0.793252
163 0.075056 0.495833
163 0.990972 -0.001779
163 0.174774 0.619124
164 0.867801 -0.876834
164 0.505532 0.063555
164 0.531837 -0.716619
164 0.722408 -0.546217
164 0.577893 -0.315626
164 0.069580 0.163829
164 0.803962 -1.118694
164 0.922836 -0.977007
164 0.053277 0.234347
164 0.121250 0.545431
164 0.701975 -1.352351
164 0.604474 -0.377281
164 0.382517 1.055973
164 0.539249 -0.252323
164 0.703339 -1.049023
164 0.504476 0.102373
164 0.140188 0.765375
164 0.089436 0.208178
164 0.438859 0.178979
164 0.922885 -0.554723
164 0.557779 -0.280659
164 0.358220 0.780395
164 0.908706 -0.479562
164 0.388632 0.186574
164 0.509146 0.142128
164 0.116499 0.669374
164 0.737401 -0.231056
164 0.700303 -1.067933
164 0.794244 -0.864571
164 0.325191 1.739226
165 0.390259 1.071646
165 0.387292 0.934499
165 0.115733 0.535936
165 0.865590 -1.080277
165 0.609154 -1.066465
165 0.146102 0.875907
165 0.423874 0.239095
165 0.416716 0.859539
165 0.600621 -0.794794
165 0.608870 -0.902137
165 0.645222 -0.720922
165 0.697903 -1.152717
165 0.103354 0.607268
165 0.304922 1.236843
165 0.017348 0.143953
165 0.454642 0.317443
165 0.429430 0.490561
165 0.734327 -1.503085
165 0.167117 0.984988
165 0.631494 -0.687385
165 0.306694 1.205091
165 0.381916 0.857463
165 0.719287 -1.042022
165 0.071548 0.744278
165 0.342783 0.747041
165 0.391323 0.705143
165 0.715749 -1.070278
165 0.199224 1.088067
165 0.947413 -0.437382
165 0.997762 0.480204
166 0.103916 0.703161
166 0.845209 -0.855416
166 0.715262 -0.803859
166 0.119967 0.583254
166 0.980689 -0.659617
166 0.022530 0.068934
166 0.628511 -0.799420
166 0.171755 0.403870
166 0.719258 -1.003313
166 0.070406 -0.192046
166 0.081101 0.383498
166 0.466292 0.283294
166 0.994009 -0.008532
166 0.276516 0.862832
166 0.612528 -0.675242
166 0.518599 -0.351815
166 0.842120 -0.833872
166 0.288590 0.988175
166 0.554944 -0.608484
166 0.950624 -0.224979
166 0.332586 0.946800
166 0.439406 0.321732
166 0.888813 0.083163
166 0.332499 0.826424
166 0.380674 0.597685
166 0.304119 0.816024
166 0.809531 -1.222138
166 0.930387 -0.217809
166 0.631099 -0.939552
166 0.623630 -0.871379
167 0.428417 0.329745
167 0.343227 0.595887
167 0.985539 0.010156
167 0.691265 -0.737758
167 0.721360 -0.793666
167 0.515827 -0.093355
167 0.709414 -0.919904
167 0.722571 -0.915575
167 0.066359 0.505888
167 0.222607 1.112690
167 0.012968 0.409723
167 0.509807 -0.044658
167 0.875800 -0.948585
167 0.609555 -0.678552
167 0.500208 0.224830
167 0.925966 -0.984533
167 0.172219 0.348711
167 0.074604 0.727257
167 0.917306 -0.040482
167 0.902782 -0.953116
167 0.682972 -0.882483
167 0.245979 0.879817
167 0.969764 -0.267087
167 0.765346 -0.903696
167 0.673895 -1.275693
167 0.222911 0.653385
167 0.513089 -0.172524
167 0.822576 -0.941429
167 0.860260 -1.107257
167 0.561430 -0.139570
168 0.943635 -0.123744
168 0.664325 -0.538527
168 0.531389 -0.058251
168 0.656631 -0.574679
168 0.040425 0.146175
168 0.950660 0.541866
168 0.956430 -0.636000
168 0.276140 0.828216
168 0.628295 -0.451188
168 0.201915 1.180523
168 0.547472 -0.147654
168 0.770789 -0.788885
168 0.939822 -0.994233
168 0.339217 1.323744
168 0.693505 -0.998825
168 0.716427 -0.604065
168 0.221149 0.373556
168 0.629032 -0.647822
168 0.655421 -0.997616
168 0.764076 -0.824455
168 0.999947 0.094790
168 0.040232 0.359918
168 0.202305 0.637750
168 0.145078 0.773366
168 0.154434 0.771026
168 0.454249 0.432114
168 0.878537 -0.394432
168 0.448723 0.361779
168 0.668480 -1.254519
168 0.376499 0.732689
169 0.726218 -1.099426
169 0.620330 -0.883503
169 0.448268 0.194228
169 0.945859 -0.709344
169 0.101747 0.457125
169 0.880002 -0.754473
169 0.800129 -0.731609
169 0.419739 0.366766
169 0.152867 0.439236
169 0.155867 0.348998
169 0.921806 -0.408909
169 0.233705 1.016551
169 0.874116 -0.877318
169 0.503295 -0.160940
169 0.461735 0.354665
169 0.619511 -0.265141
169 0.215039 0.741927
169 0.428371 0.461691
169 0.938484 -0.089480
169 0.238257 0.764445
169 0.921584 -0.477701
169 0.994210 -0.047772
169 0.051907 -0.072997
169 0.531379 -0.145336
169 0.171819 0.891220
169 0.621714 -0.525834
169 0.989543 -0.421724
169 0.896881 -0.600535
169 0.924848 -0.040318
169 0.213350 1.596852
170 0.592008 -0.369325
170 0.671741 -0.845467
170 0.791841 -1.263612
170 0.650523 -0.578963
170 0.396381 0.186498
170 0.934928 -0.083939
170 0.726332 -1.006173
170 0.527681 -0.853710
170 0.206850 1.016971
170 0.648975 -0.927072
170 0.591721 -0.711978
170 0.683330 -1.134855
170 0.781125 -1.019103
170 0.915050 -0.654330
170 0.949057 -0.871656
170 0.630186 -0.348146
170 0.965956 -0.285584
170 0.911422 -0.747840
170 0.002614 -0.322101
170 0.637617 -0.529665
170 0.178469 0.511161
170 0.295193 1.000151
170 0.297500 0.780698
170 0.483130 -0.051825
170 0.010866 -0.262847
170 0.235796 0.809925
170 0.029121 0.184597
170 0.650559 -0.740481
170 0.889288 -0.876544
170 0.997789 -0.041174
171 0.808109 -0.934242
171 0.352595 0.812398
171 0.125504 1.249040
171 0.079149 -0.061437
171 0.843029 -0.918244
171 0.778616 -0.597445
171 0.288041 0.899039
171 0.116362 0.616305
171 0.247234 0.749871
171 0.212988 0.693299
171 0.733056 -1.542094
171 0.215563 0.787918
171 0.216099 0.680593
171 0.032268 0.236772
171 0.596860 -0.808009
171 0.688980 -1.071274
171 0.653490 -0.957374
171 0.568599 -0.432248
171 0.966075 -0.370104
171 0.472739 -0.148083
171 0.860137 -0.744236
171 0.646010 -0.473783
171 0.084162 0.543042
171 0.810088 -1.112518
171 0.584389 -0.542675
171 0.653526 -1.437028
171 0.180227 0.863614
171 0.437490 0.262635
171 0.880582 -0.961913
171 0.215431 0.750875
172 0.400780 0.743946
172 0.551454 -0.310362
172 0.938637 -0.368854
172 0.239720 0.948353
172 0.666085 -1.121417
172 0.152546 0.918858
172 0.713753 -1.060800
172 0.011341 -0.200243
172 0.655920 -0.526064
172 0.163218 0.884690
172 0.180324 0.837263
172 0.558908 0.040283
172 0.375412 0.154452
172 0.471305 0.561166
172 0.308889 0.668267
172 0.953467 -0.224768
172 0.290656 0.791131
172 0.542047 -0.538029
172 0.854356 -0.398464
172 0.664181 -0.301246
172 0.322777 0.830893
172 0.552437 -0.222899
172 0.082991 0.515234
172 0.545686 0.236022
172 0.431389 -0.216079
172 0.757934 -0.885621
172 0.847903 -1.034830
172 0.199617 0.243520
172 0.081536 0.382029
172 0.390557 1.189138
173 0.159867 0.735029
173 0.178544 1.328718
173 0.603484 -0.601532
173 0.751016 -0.805451
173 0.636460 -0.588833
173 0.329284 0.631183
173 0.059618 0.476054
173 0.470264 0.764252
173 0.504270 0.048660
173 0.770652 -0.721210
173 0.640290 -0.563690
173 0.871259 -0.631417
173 0.782983 -0.922659
173 0.365878 0.910647
173 0.632221 -0.509467
173 0.747287 -1.405504
173 0.956880 -0.193435
173 0.422352 0.413527
173 0.648282 -0.920083
173 0.392664 1.013228
173 0.737828 -1.217021
173 0.911993 -0.943642
173 0.919226 -0.247295
173 0.157088 0.408263
173 0.204097 0.380312
173 0.754929 -0.727040
173 0.631010 -0.685681
173 0.905107 -0.419710
173 0.313801 0.787993
173 0.848021 -1.231586
174 0.569442 -0.483983
174 0.516409 -0.297340
174 0.323777 0.944787
174 0.281509 0.822097
174 0.415297 0.377512
174 0.894909 -0.433387
174 0.135370 1.107010
174 0.324765 1.011155
174 0.192300 1.473295
174 0.427137 0.230332
174 0.133498 0.192446
174 0.760796 -0.783312
174 0.103467 0.373720
174 0.665262 -0.943687
174 0.267710 0.462876
174 0.472190 -0.095915
174 0.199988 0.500365
174 0.730224 -1.122581
174 0.948276 -0.437666
174 0.221745 1.011271
174 0.953153 0.081802
174 0.325274 1.093296
174 0.557847 -0.842165
174 0.701590 -0.771691
174 0.199269 0.983153
174 0.444764 0.310785
174 0.067827 0.406579
174 0.697054 -0.883808
174 0.416616 0.292709
174 0.891645 -0.684134
175 0.718890 -1.151061
175 0.697648 -0.489458
175 0.670058 -1.299207
175 0.382135 0.820318
175 0.828543 -0.361284
175 0.236203 1.201901
175 0.155732 0.430328
175 0.345162 0.442033
175 0.253831 0.774223
175 0.663183 -0.807501
175 0.231018 1.060679
175 0.656490 -1.213815
175 0.513223 -0.344813
175 0.152450 0.574525
175 0.258396 0.944385
175 0.521727 0.459319
175 0.733105 -1.274327
175 0.398252 0.303550
175 0.232833 0.654246
175 0.295078 1.150820
175 0.095117 0.550290
175 0.025150 -0.111506
175 0.973129 -0.276871
175 0.096410 0.331935
175 0.124887 0.795373
175 0.870964 0.080504
175 0.663505 -0.690664
175 0.436073 0.363058
175 0.649023 -1.004888
175 0.934985 -0.800255
176 0.564533 -0.501797
176 0.427949 -0.060979
176 0.719445 -0.988958
176 0.457865 0.531389
176 0.128240 0.738582
176 0.107489 0.952342
176 0.325957 1.062360
176 0.602870 -0.620141
176 0.134841 0.561074
176 0.550134 -0.455698
176 0.269610 0.551266
176 0.695413 -1.021881
176 0.028263 0.220448
176 0.469023 0.708031
176 0.052264 0.481011
176 0.330508 0.615309
176 0.015575 -0.334105
176 0.469099 0.130975
176 0.767016 -0.750761
176 0.100220 0.522718
176 0.735223 -0.833097
176 0.584195 -0.559020
176 0.504605 0.186168
176 0.599483 -1.064333
176 0.335897 1.339114
176 0.710340 -1.302857
176 0.779666 -0.744559
176 0.778224 -1.065972
176 0.269460 0.957786
176 0.653907 -0.895532
177 0.642607 -0.749449
177 0.656921 -0.705859
177 0.838502 -1.047202
177 0.871552 -0.849979
177 0.160059 1.100893
177 0.743041 -0.671956
177 0.134708 0.769118
177 0.373715 0.354246
177 0.515537 -0.186142
177 0.049470 -0.126552
177 0.156764 0.855819
177 0.271116 1.067832
177 0.127542 0.637098
177 0.934096 -0.329839
177 0.288319 1.096226
177 0.501172 0.069697
177 0.996534 -0.382233
177 0.566643 -0.482578
177 0.411496 0.650821
177 0.929792 0.046654
177 0.222498 0.903529
177 0.179501 1.068739
177 0.535364 0.043069
177 0.427302 0.382069
177 0.796986 -0.612215
177 0.042010 0.621555
177 0.617726 -0.259946
177 0.710679 -0.832106
177 0.971917 0.532503
177 0.145763 0.608500
178 0.849052 -0.546659
178 0.322352 0.875491
178 0.236583 1.483268
178 0.892801 -0.832513
178 0.452947 0.349288
178 0.707740 -1.071242
178 0.827164 -0.708363
178 0.277687 0.750431
178 0.119097 1.258621
178 0.624828 -1.213524
178 0.590192 -0.022202
178 0.270200 1.018953
178 0.584707 -0.341727
178 0.790357 -0.567665
178 0.350011 1.066275
178 0.242318 0.779827
178 0.725001 -0.807663
178 0.785872 -0.414465
178 0.954289 -0.549463
178 0.147586 1.435537
178 0.889264 -0.525269
178 0.765099 -1.125472
178 0.701900 -1.222664
178 0.313054 0.855557
178 0.022193 -0.447593
178 0.507550 -0.171997
178 0.285769 0.895973
178 0.289821 0.646538
178 0.927139 -0.217624
178 0.152969 0.754210
179 0.475173 0.294634
179 0.266975 0.855754
179 0.515905 -0.273066
179 0.262412 1.304628
179 0.843570 -1.334849
179 0.388864 0.300048
179 0.129108 0.650926
179 0.239968 1.403328
179 0.534581 -0.327931
179 0.916288 -0.377216
179 0.300561 0.958279
179 0.264386 1.384795
179 0.406560 0.078534
179 0.967754 0.019568
179 0.845220 -0.885974
179 0.149668 1.085254
179 0.613753 -0.901200
179 0.791864 -0.958286
179 0.768010 -1.024356
179 0.488845 -0.230702
179 0.731831 -1.377615
179 0.583587 -0.675501
179 0.201445 0.992802
179 0.056054 0.117886
179 0.369500 0.632095
179 0.061939 -0.186315
179 0.395013 0.501646
179 0.828879 -0.572602
179 0.844294 -0.618011
179 0.034074 0.186384
180 0.399721 0.072403
180 0.452998 0.616347
180 0.605318 -1.082906
180 0.986849 0.502452
180 0.260686 0.778633
180 0.231953 1.514783
180 0.176887 0.786811
180 0.689444 -1.398341
180 0.449095 0.699556
180 0.388606 1.064706
180 0.204090 0.686868
180 0.891138 -0.731392
180 0.443173 0.077777
180 0.607693 -0.662348
180 0.112530 0.681938
180 0.107972 0.522141
180 0.067355 -0.134986
180 0.367346 0.566018
180 0.472887 0.380591
180 0.244578 0.936750
180 0.349678 0.711974
180 0.006260 -0.239910
180 0.351088 0.621963
180 0.119171 1.103427
180 0.128384 0.380049
180 0.004506 0.244556
180 0.696381 -0.929667
180 0.931284 -0.345024
180 0.621546 -0.911301
180 0.096202 0.462781
181 0.625369 -0.737959
181 0.661018 -0.717236
181 0.145734 0.894804
181 0.552525 -0.451827
181 0.243199 0.561468
181 0.016452 -0.360555
181 0.866911 0.165879
181 0.491695 0.495609
181 0.781699 -0.578176
181 0.722893 -1.187913
181 0.993705 -0.036688
181 0.437953 0.135441
181 0.427551 0.046029
181 0.281756 0.803529
181 0.625147 -0.309905
181 0.486113 0.339371
181 0.728761 -1.282123
181 0.356512 0.689853
181 0.130845 0.957329
181 0.862435 -0.931961
181 0.828047 -0.858276
181 0.351000 0.925861
181 0.690352 -0.813309
181 0.492403 0.123959
181 0.760972 -1.193734
181 0.390132 0.471491
181 0.535639 -0.562156
181 0.057816 -0.113069
181 0.174910 0.856325
181 0.781766 -0.735270
182 0.124330 0.856413
182 0.654015 -0.702498
182 0.799085 -0.580598
182 0.345226 1.042705
182 0.514552 -0.224187
182 0.116328 0.475167
182 0.930689 -0.436786
182 0.109538 0.407153
182 0.208377 0.650339
182 0.298478 0.315551
182 0.825790 -1.353520
182 0.700656 -0.356700
182 0.007014 -0.152891
182 0.183562 1.485166
182 0.750151 -0.879053
182 0.403834 0.553198
182 0.026214 -0.286221
182 0.963917 -0.223379
182 0.151233 1.381201
182 0.510467 0.401575
182 0.248316 1.082216
182 0.737469 -1.341503
182 0.776726 -1.273083
182 0.397220 0.346047
182 0.658450 -0.455622
182 0.909074 -0.051216
182 0.814809 -0.859462
182 0.414898 0.418670
182 0.441476 0.824099
182 0.886878 -0.945986
183 0.753168 -1.073922
183 0.282163 1.189411
183 0.978419 -0.310310
183 0.183121 1.095382
183 0.354447 0.081905
183 0.374909 0.591842
183 0.500153 0.349181
183 0.870636 -0.777519
183 0.834770 -1.110219
183 0.009956 -0.134536
183 0.409255 -0.368634
183 0.827937 -1.186019
183 0.000198 0.318415
183 0.533640 -0.384574
183 0.259476 0.858865
183 0.412769 -0.178485
183 0.420305 -0.009176
183 0.391754 0.985906
183 0.891950 -0.442747
183 0.536464 -0.616340
183 0.903747 -0.757751
183 0.726742 -0.998093
183 0.351120 0.446022
183 0.493564 -0.560814
183 0.389859 0.590345
183 0.828574 -0.708804
183 0.187598 1.101672
183 0.936412 -0.126417
183 0.580424 -0.950156
183 0.611758 -0.628525
184 0.138918 1.054724
184 0.761536 -1.350554
184 0.013008 0.070583
184 0.406620 -0.140946
184 0.247335 0.537610
184 0.704008 -0.601826
184 0.016056 0.211429
184 0.464902 0.112601
184 0.696729 -1.217128
184 0.046705 -0.036015
184 0.897400 -0.540875
184 0.361197 0.662606
184 0.165266 1.325585
184 0.225464 0.932712
184 0.338906 0.865608
184 0.198375 0.531301
184 0.510579 -0.174629
184 0.632932 -0.688357
184 0.433430 0.294345
184 0.427032 0.296889
184 0.781700 -0.882157
184 0.301017 1.403510
184 0.622769 -0.653634
184 0.892922 -0.279917
184 0.221514 1.170506
184 0.619901 -0.358786
184 0.947972 -0.504028
184 0.529795 -0.248196
184 0.976898 -0.205479
184 0.310046 1.093553
185 0.681473 -1.031473
185 0.013293 -0.325706
185 0.778022 -0.728426
185 0.175020 0.766390
185 0.296485 1.153675
185 0.322087 1.179837
185 0.332446 0.951139
185 0.760368 -0.279107
185 0.040944 -0.262990
185 0.196518 0.698683
185 0.022319 0.062992
185 0.778299 -0.305881
185 0.983722 0.437303
185 0.659547 -0.456193
185 0.590139 -0.774802
185 0.908066 -0.749300
185 0.254954 0.750948
185 0.066462 0.170535
185 0.509970 0.385210
185 0.260349 0.924757
185 0.451082 0.269097
185 0.456300 0.503455
185 0.318832 0.408869
185 0.486325 0.101613
185 0.380152 0.354790
185 0.113059 0.563792
185 0.866726 -0.918823
185 0.701274 -1.144893
185 0.041309 0.324321
185 0.115786 0.731374
186 0.511323 0.340197
186 0.036200 -0.265832
186 0.677363 -1.136302
186 0.935808 -0.148470
186 0.907488 -1.032042
186 0.205712 1.140647
186 0.742645 -0.840920
186 0.793066 -0.359296
186 0.864368 -0.439088
186 0.259599 1.107397
186 0.450835 0.711764
186 0.221504 1.145686
186 0.024309 0.014127
186 0.659013 -1.184369
186 0.431464 0.246631
186 0.248117 0.987908
186 0.847104 -0.767073
186 0.495681 -0.613423
186 0.994658 -0.099429
186 0.793358 -0.954547
186 0.869211 -0.568091
186 0.773332 -0.501233
186 0.105925 0.673185
186 0.065029 0.124446
186 0.915079 -1.054039
186 0.138197 0.969347
186 0.391226 0.370743
186 0.609911 -0.376942
186 0.211898 1.390707
186 0.225285 0.524744
187 0.435725 0.306564
187 0.348186 0.535028
187 0.680437 -0.582848
187 0.828924 -1.210074
187 0.498532 0.687632
187 0.330813 0.689873
187 0.301394 1.464465
187 0.326599 0.831059
187 0.118033 1.149709
187 0.778620 -1.204335
187 0.104960 0.618359
187 0.398314 0.837745
187 0.834943 -0.662300
187 0.404106 0.896949
187 0.294762 0.814469
187 0.948254 -0.293991
187 0.126544 1.088449
187 0.884854 -0.873577
187 0.062077 0.551988
187 0.413529 0.451225
187 0.631721 -0.674566
187 0.370038 0.754169
187 0.534606 -0.452214
187 0.204002 0.880317
187 0.569035 -0.376803
187 0.134559 0.717457
187 0.796096 -0.486528
187 0.583790 -0.199496
187 0.481932 0.200274
187 0.054667 0.107824
188 0.401338 0.477311
188 0.619551 -0.721158
188 0.432373 0.722021
188 0.262327 1.371778
188 0.426119 1.049355
188 0.095290 0.076118
188 0.706956 -1.220415
188 0.829193 -0.669193
188 0.307400 0.799457
188 0.566477 -0.147411
188 0.232149 1.055850
188 0.127460 1.191715
188 0.663619 -0.543476
188 0.134108 1.064696
188 0.781979 -1.103443
188 0.271755 0.961434
188 0.818513 -1.000341
188 0.368505 0.283601
188 0.368843 1.175458
188 0.750573 -0.776377
188 0.510266 -0.167965
188 0.200977 1.344314
188 0.850409 -0.996616
188 0.340153 0.292371
188 0.102777 0.904021
188 0.416001 0.120049
188 0.573962 -0.506901
188 0.609885 -0.575032
188 0.835608 -0.743152
188 0.541407 -0.002721
189 0.967774 -0.153137
189 0.927316 -0.502173
189 0.118439 0.333718
189 0.529524 -0.602719
189 0.992851 0.119806
189 0.852619 -0.713364
189 0.715134 -0.944438
189 0.022461 0.221878
189 0.068377 0.230857
189 0.794017 -0.906801
189 0.376445 1.462210
189 0.668432 -0.519147
189 0.739182 -1.084213
189 0.422184 0.312671
189 0.143382 -0.074249
189 0.386695 0.973896
189 0.871048 -0.488462
189 0.331086 0.709851
189 0.062649 -0.045962
189 0.959131 -0.600552
189 0.680677 -0.773310
189 0.540857 -0.280702
189 0.829107 -0.671517
189 0.411161 0.555588
189 0.985116 0.196644
189 0.857573 -0.669271
189 0.280545 1.230279
189 0.371048 0.097540
189 0.275743 0.616644
189 0.659341 -0.951407
190 0.081653 0.801643
190 0.993711 -0.074851
190 0.008884 -0.506385
190 0.708195 -0.763998
190 0.611065 -0.840023
190 0.552551 -0.424901
190 0.785828 -1.290660
190 0.992473 -0.025446
190 0.046886 0.609903
190 0.614530 -0.379275
190 0.716778 -0.502436
190 0.305939 1.457253
190 0.892861 -1.237231
190 0.456993 -0.091141
190 0.164478 0.316612
190 0.854408 -0.602851
190 0.942926 -0.558897
190 0.099515 0.438563
190 0.751681 -1.064923
190 0.215014 1.090707
190 0.006722 -0.403372
190 0.260614 0.620118
190 0.854910 -0.790113
190 0.141184 1.134857
190 0.130669 0.724220
190 0.739048 -1.235131
190 0.406360 -0.089465
190 0.148486 1.089192
190 0.230000 0.771336
190 0.794602 -1.305220
191 0.490152 -0.154123
191 0.330905 1.223052
191 0.537261 -0.067603
191 0.064396 0.214284
191 0.177207 1.347951
191 0.148920 1.086847
191 0.027916 -0.073875
191 0.722212 -1.030410
191 0.325475 1.044724
191 0.168536 0.762560
191 0.512244 -0.177174
191 0.323444 0.906419
191 0.393018 0.302961
191 0.315532 0.246593
191 0.003984 0.096767
191 0.688329 -1.522530
191 0.110690 0.342849
191 0.219142 0.449789
191 0.190317 0.435975
191 0.331367 1.000042
191 0.160198 0.778300
191 0.346952 0.742604
191 0.243264 0.604334
191 0.061215 0.178458
191 0.870563 -0.613606
191 0.305581 0.924012
191 0.095282 0.810351
191 0.521526 0.154685
191 0.123276 0.623738
191 0.773093 -1.545166
192 0.945539 0.008843
192 0.634200 -0.073953
192 0.543653 0.003665
192 0.598319 -0.517346
192 0.629867 -0.598635
192 0.713073 -0.896391
192 0.553185 -0.322429
192 0.875355 -0.055975
192 0.859714 -0.996373
192 0.442258 0.701370
192 0.168536 0.834081
192 0.576656 -0.907361
192 0.620740 -0.744422
192 0.523380 -0.310403
192 0.890578 -0.461349
192 0.093020 0.579142
192 0.287419 0.665881
192 0.865790 -0.305518
192 0.939413 -0.044509
192 0.425925 0.924621
192 0.192644 1.006853
192 0.420329 0.469219
192 0.456166 0.483014
192 0.519569 -0.295891
192 0.274353 1.027334
192 0.312627 0.870870
192 0.655588 -1.267461
192 0.621794 -0.654484
192 0.662103 -0.983623
192 0.377285 0.624117
193 0.172686 0.933404
193 0.605934 -0.658967
193 0.316728 1.418455
193 0.771533 -1.204842
193 0.114594 0.562596
193 0.556213 -0.717100
193 0.593678 -0.337174
193 0.022104 -0.036207
193 0.035986 0.083173
193 0.308240 0.778709
193 0.609075 -0.614121
193 0.962630 -0.607879
193 0.090784 -0.132997
193 0.703163 -0.819698
193 0.692716 -1.569990
193 0.669474 -0.618469
193 0.516147 0.366276
193 0.966826 -0.256200
193 0.501775 0.378695
193 0.838297 -0.857290
193 0.262521 1.476680
193 0.806308 -1.074929
193 0.996546 -0.731167
193 0.910086 -0.559344
193 0.304072 1.455229
193 0.846157 -0.662480
193 0.095257 0.408822
193 0.677708 -0.799930
193 0.342146 1.128363
193 0.658670 -0.865506
194 0.861881 -0.701404
194 0.452499 0.405061
194 0.831260 -0.895642
194 0.446391 0.293410
194 0.440242 0.686247
194 0.157240 0.925355
194 0.124979 0.719440
194 0.611497 -0.600281
194 0.827334 -0.333488
194 0.135406 0.803600
194 0.910094 -0.689663
194 0.358880 0.202281
194 0.425257 0.022369
194 0.894453 -0.755725
194 0.896296 -0.638963
194 0.524859 -0.322245
194 0.276765 1.091236
194 0.171939 0.711560
194 0.271580 0.716475
194 0.780627 -0.797748
194 0.324591 1.302989
194 0.694561 -1.272094
194 0.195201 1.014422
194 0.478504 -0.436846
194 0.352106 0.358806
194 0.503612 -0.199325
194 0.569945 -0.084995
194 0.990935 -0.290538
194 0.899895 -0.833149
194 0.695866 -0.931885
195 0.507015 0.091663
195 0.429777 0.485756
195 0.995869 0.245033
195 0.667384 -0.613206
195 0.513930 -0.097443
195 0.397944 0.089298
195 0.324583 0.822671
195 0.705419 -0.967012
195 0.587886 -0.438760
195 0.848185 -1.036934
195 0.553561 0.012055
195 0.582331 -0.490452
195 0.477356 -0.134355
195 0.762621 -1.134326
195 0.414992 1.087647
195 0.851940 -0.602480
195 0.327045 1.199637
195 0.692625 -1.248198
195 0.892971 -0.829580
195 0.769074 -1.197254
195 0.342608 0.890752
195 0.706339 -1.014807
195 0.206985 0.816850
195 0.058165 0.248160
195 0.791382 -1.204598
195 0.808009 -0.988260
195 0.022931 0.477546
195 0.947795 -0.776105
195 0.445900 0.437357
195 0.905272 -0.146640
196 0.267428 1.353932
196 0.807258 -0.714103
196 0.701595 -1.461779
196 0.977168 -0.005361
196 0.377252 0.643304
196 0.058768 0.372049
196 0.998386 0.064544
196 0.838264 -0.490505
196 0.221490 1.277336
196 0.725628 -1.213221
196 0.000690 -0.013247
196 0.557809 -0.489847
196 0.362838 0.254470
196 0.381333 0.645606
196 0.244520 1.552834
196 0.274845 0.474227
196 0.454669 0.273771
196 0.248145 0.983091
196 0.466440 0.295626
196 0.577348 -0.755902
196 0.711111 -1.397829
196 0.677146 -1.310625
196 0.241989 1.398014
196 0.039190 -0.051051
196 0.832682 -1.017933
196 0.872313 -0.087554
196 0.978890 -0.352529
196 0.959712 -0.147725
196 0.633814 -0.426019
196 0.894272 -0.311800
197 0.862870 -0.945278
197 0.814881 -0.716606
197 0.276347 1.043336
197 0.992937 -0.080524
197 0.936998 0.169995
197 0.430175 0.288826
197 0.047209 0.664509
197 0.303497 1.058465
197 0.836153 -0.862100
197 0.950870 0.107794
197 0.831672 -0.784157
197 0.396743 0.575288
197 0.056536 0.761638
197 0.517583 0.264527
197 0.376383 1.061527
197 0.122972 -0.468300
197 0.105853 0.749188
197 0.153037 0.883720
197 0.205824 0.951266
197 0.753786 -0.816783
197 0.381703 0.754873
197 0.436938 0.589285
197 0.598381 -0.659916
197 0.960133 0.201577
197 0.756469 -0.765491
197 0.645713 -0.630133
197 0.743832 -0.851138
197 0.719293 -0.634260
197 0.690249 -0.623846
197 0.496407 -0.011259
198 0.222228 0.325672
198 0.384522 0.661343
198 0.697168 -0.794138
198 0.968901 -0.216923
198 0.439198 0.583878
198 0.495836 -0.054915
198 0.220169 0.774300
198 0.403223 0.408417
198 0.063019 0.325641
198 0.858586 -0.523093
198 0.023335 0.000069
198 0.683525 -1.000724
198 0.273222 1.160440
198 0.476109 0.089907
198 0.281558 1.315419
198 0.400071 0.311574
198 0.546778 -0.630610
198 0.640893 -0.682691
198 0.940286 -0.245166
198 0.332201 0.610073
198 0.584858 -0.105192
198 0.901722 -0.001516
198 0.290232 0.779864
198 0.865050 -0.303713
198 0.957555 -0.978179
198 0.847494 -0.495339
198 0.569861 -0.682315
198 0.722116 -0.691869
198 0.481066 -0.169697
198 0.597256 -0.594296
199 0.543568 -0.085986
199 0.777549 -0.677076
199 0.837609 -0.755995
199 0.265128 1.175851
199 0.616098 -0.699448
199 0.557110 -0.083784
199 0.227317 1.009435
199 0.489878 -0.280827
199 0.548568 -0.054384
199 0.817340 -1.402061
199 0.460989 0.327498
199 0.080916 0.371522
199 0.487296 -0.054701
199 0.837951 -0.799560
199 0.571255 -0.645690
199 0.318865 1.061502
199 0.920971 -0.459360
199 0.155651 0.644186
199 0.326878 1.287042
199 0.437135 0.446238
199 0.737978 -0.807908
199 0.835747 -0.433367
199 0.058560 0.779754
199 0.792036 -0.791387
199 0.720528 -1.073701
199 0.894652 -1.043543
199 0.900443 -0.523524
199 0.777526 -0.656706
199 0.190203 1.036539
199 0.313872 -0.112828
200 0.920962 -0.759294
200 0.218465 1.449232
200 0.795667 -0.718491
200 0.201702 0.791062
200 0.197105 0.686115
200 0.445749 0.749771
200 0.944941 -0.230583
200 0.585455 -0.088374
200 0.635033 -0.768293
200 0.009733 0.214575
200 0.056615 0.438337
200 0.066934 0.221037
200 0.819642 -0.949025
200 0.236852 0.641299
200 0.328838 1.028032
200 0.609953 -0.408821
200 0.583954 -0.206327
200 0.410529 0.732978
200 0.004300 -0.011447
200 0.449603 0.776982
200 0.738883 -0.729869
200 0.235239 1.412266
200 0.708358 -0.530580
200 0.015153 0.057384
200 0.908008 -0.429989
200 0.950039 -0.076413
200 0.002461 -0.329277
200 0.457818 -0.076149
200 0.413822 0.125605
200 0.841883 -0.870358
201 0.415562 0.625542
201 0.598470 -1.166002
201 0.874779 -0.623459
201 0.425759 0.832981
201 0.883704 -0.703735
201 0.136461 0.224554
201 0.364843 0.626580
201 0.094727 0.944444
201 0.560930 -0.295960
201 0.957282 -0.690687
201 0.656952 -0.123623
201 0.626076 -1.088012
201 0.278159 0.911512
201 0.931107 -0.730693
201 0.471535 -0.132900
201 0.267002 0.858654
201 0.987700 0.113639
201 0.423124 0.851621
201 0.371499 0.606639
201 0.034961 -0.085137
201 0.178295 1.043806
201 0.809191 -0.779246
201 0.482695 0.180629
201 0.954875 -0.197025
201 0.083886 0.469233
201 0.615943 -0.636301
201 0.719984 -1.036764
201 0.621183 -0.368874
201 0.529878 0.481912
201 0.578298 -0.418461
202 0.750886 -0.837357
202 0.573100 -0.969707
202 0.094175 0.122985
202 0.932859 -0.248406
202 0.776217 -1.053228
202 0.145296 0.582561
202 0.964041 -0.372437
202 0.126199 0.271168
202 0.454680 0.426258
202 0.158976 0.598899
202 0.150191 0.648995
202 0.967806 -0.096870
202 0.572123 -0.514798
202 0.259175 0.786943
202 0.776399 -1.583106
202 0.875244 -0.595792
202 0.917604 -0.471193
202 0.932985 -0.563951
202 0.905582 -0.870276
202 0.638932 -0.762391
202 0.342467 0.980064
202 0.925568 -0.421482
202 0.122497 1.187317
202 0.168800 1.084081
202 0.433828 0.371713
202 0.283665 1.199196
202 0.615733 -0.650160
202 0.905302 -0.546956
202 0.491031 0.445231
202 0.553871 -0.601470
203 0.001317 -0.122831
203 0.093938 0.557801
203 0.771012 -0.852380
203 0.084005 -0.014543
203 0.599423 -1.107880
203 0.857779 -0.387298
203 0.741101 -1.166173
203 0.413439 0.071238
203 0.208604 0.635273
203 0.922537 -0.350579
203 0.566400 -0.651968
203 0.405420 0.632386
203 0.942058 -0.649691
203 0.215018 0.452681
203 0.442282 0.782071
203 0.108646 0.750301
203 0.124880 0.606449
203 0.398596 0.438489
203 0.699660 -0.510925
203 0.338894 1.025490
203 0.689598 -0.584800
203 0.805190 -1.115583
203 0.877578 -0.680361
203 0.044720 0.397958
203 0.773732 -1.153924
203 0.147142 0.769673
203 0.698262 -1.122709
203 0.371662 0.841496
203 0.707793 -1.361460
203 0.213824 1.145870
204 0.019879 -0.128484
204 0.141626 0.200156
204 0.032172 0.127980
204 0.402839 1.160630
204 0.797153 -1.021584
204 0.450436 0.274161
204 0.838994 -0.595928
204 0.047529 0.300608
204 0.469723 0.124594
204 0.787075 -0.694996
204 0.674722 -0.748647
204 0.852826 -0.711867
204 0.273835 0.947173
204 0.500851 -0.109165
204 0.676879 -0.621152
204 0.168490 0.770758
204 0.815807 -0.546354
204 0.311470 0.612193
204 0.093307 0.983391
204 0.765701 -0.853526
204 0.705018 -1.250886
204 0.883680 -0.514818
204 0.892075 -0.822417
204 0.278526 0.994009
204 0.641363 -0.921931
204 0.999123 -0.045384
204 0.243807 1.281672
204 0.472877 0.325151
204 0.910166 -0.872554
204 0.103080 0.282900
205 0.582879 -0.903725
205 0.282650 1.134949
205 0.912917 -0.980453
205 0.613408 -0.723574
205 0.359611 0.674248
205 0.984641 -0.133341
205 0.953194 -0.214052
205 0.778615 -0.504309
205 0.791684 -1.445746
205 0.977270 0.120643
205 0.600456 -1.343749
205 0.880020 -0.266343
205 0.064828 -0.216707
205 0.554063 0.397728
205 0.502516 -0.132740
205 0.037724 0.621928
205 0.086952 0.844806
205 0.021839 0.005841
205 0.294015 0.854077
205 0.053511 0.078774
205 0.423160 0.700474
205 0.812746 -1.050326
205 0.613830 -0.901474
205 0.673790 -0.726346
205 0.031507 -0.072481
205 0.839526 -0.944613
205 0.146190 0.826849
205 0.302651 0.753049
205 0.516794 -0.252788
205 0.929993 0.034678
206 0.774123 -1.417756
206 0.915464 -1.212354
206 0.136504 1.616717
206 0.654464 -0.667106
206 0.198368 0.988875
206 0.276969 1.069270
206 0.522823 -0.572313
206 0.741987 -1.237195
206 0.721494 -0.461004
206 0.869459 -0.533786
206 0.559275 -0.592964
206 0.926343 -0.814502
206 0.887889 -0.802298
206 0.849057 -0.907113
206 0.229520 1.606476
206 0.531448 -0.252791
206 0.736237 -1.353129
206 0.976103 -0.167170
206 0.011647 0.152418
206 0.327115 0.500732
206 0.342350 0.956973
206 0.288535 1.333507
206 0.817424 -0.869998
206 0.045071 0.040303
206 0.359435 0.614111
206 0.711685 -1.468812
206 0.406740 0.512859
206 0.144064 0.879769
206 0.610852 -0.910532
206 0.522610 0.440323
207 0.436221 0.808033
207 0.611644 -0.434550
207 0.081869 0.470885
207 0.111462 0.826298
207 0.993481 -0.654943
207 0.332234 0.684865
207 0.349732 0.896350
207 0.251529 1.334563
207 0.646020 -0.734135
207 0.473076 0.605835
207 0.790431 -0.707524
207 0.512495 -0.224926
207 0.015416 0.054701
207 0.482687 0.231090
207 0.055187 0.205254
207 0.826786 -0.426468
207 0.113658 0.322346
207 0.216954 1.073353
207 0.459965 0.469535
207 0.195184 0.847238
207 0.539220 -0.405580
207 0.460698 0.221613
207 0.952523 -0.050305
207 0.088374 0.377216
207 0.576732 -0.784336
207 0.720400 -0.637579
207 0.127627 0.838470
207 0.636462 -0.453797
207 0.864239 -0.525465
207 0.787556 -0.318321
208 0.916976 -0.599817
208 0.185008 0.739206
208 0.659088 -1.197748
208 0.045589 0.438299
208 0.531148 -0.015880
208 0.741539 -1.318281
208 0.034042 -0.065912
208 0.333665 0.905928
208 0.877957 -0.983339
208 0.225480 1.041754
208 0.722875 -0.545097
208 0.612238 -0.666144
208 0.163688 0.492431
208 0.741708 -0.881012
208 0.532081 -0.253505
208 0.112026 0.602132
208 0.949371 -0.170174
208 0.491962 0.257794
208 0.745081 -0.988872
208 0.217700 0.961273
208 0.137183 1.378174
208 0.741307 -0.638342
208 0.673824 -0.637564
208 0.274108 1.027912
208 0.746283 -1.301450
208 0.504992 0.306854
208 0.348597 0.857454
208 0.786892 -1.146406
208 0.616783 -0.742615
208 0.507268 -0.335507
209 0.831352 -0.303396
209 0.085795 0.936757
209 0.766361 -1.030553
209 0.248313 1.040321
209 0.918019 -0.686477
209 0.005559 0.075357
209 0.556663 -0.550724
209 0.622265 -0.718415
209 0.577300 0.076278
209 0.815015 -0.946401
209 0.112164 0.333435
209 0.415556 0.096120
209 0.863737 -0.717201
209 0.888735 -0.871795
209 0.498344 0.084383
209 0.557967 -0.842068
209 0.763908 -0.789109
209 0.779610 -1.300792
209 0.888081 -0.632777
209 0.843857 -0.932585
209 0.414423 1.027674
209 0.649753 -0.756658
209 0.483235 0.688783
209 0.117961 0.843377
209 0.821681 -0.472658
209 0.601764 -0.659353
209 0.058005 0.460093
209 0.676868 -0.530681
209 0.283101 1.249938
209 0.069265 0.580895
210 0.894582 -0.730893
210 0.397028 0.608279
210 0.593033 -0.684562
210 0.328039 0.863575
210 0.527119 -0.398114
210 0.049286 0.130674
210 0.065260 0.215443
210 0.414723 0.292782
210 0.334952 1.174069
210 0.615792 -0.434000
210 0.037910 -0.043758
210 0.167669 0.510838
210 0.209592 0.920759
210 0.440492 1.011836
210 0.246835 0.691491
210 0.137663 0.712702
210 0.597574 -0.548768
210 0.743872 -1.031851
210 0.685268 -1.055885
210 0.276180 1.333025
210 0.854445 -0.655951
210 0.611822 -0.392462
210 0.614667 -0.482926
210 0.212848 1.241063
210 0.242213 1.474125
210 0.474750 0.557298
210 0.237821 1.694515
210 0.688078 -0.560060
210 0.308555 0.732247
210 0.151916 1.070228
211 0.415570 0.694774
211 0.874500 -0.534176
211 0.061166 0.106965
211 0.111052 0.907984
211 0.040273 0.667719
211 0.602011 -0.479589
211 0.831864 -0.743849
211 0.402661 0.194771
211 0.090695 0.855842
211 0.373469 1.248126
211 0.348046 0.913058
211 0.643472 -0.962541
211 0.652152 -0.865488
211 0.103024 0.476922
211 0.420177 0.372645
211 0.642515 -0.586093
211 0.258861 1.082290
211 0.407080 0.852406
211 0.613695 -0.543868
211 0.402871 0.313872
211 0.030861 0.042485
211 0.222616 0.816382
211 0.776081 -1.042544
211 0.248504 1.538370
211 0.817711 -0.324386
211 0.466908 0.457410
211 0.472921 0.204951
211 0.770516 -1.400199
211 0.383294 0.735319
211 0.238481 0.760380
212 0.726540 -0.694060
212 0.368918 0.550853
212 0.170087 1.516477
212 0.320863 0.331110
212 0.876839 -1.174429
212 0.283389 1.504000
212 0.234961 1.137751
212 0.133420 0.845925
212 0.055178 0.469172
212 0.976692 0.025439
212 0.536777 -0.139094
212 0.729644 -1.281604
212 0.772973 -0.744143
212 0.352317 0.998578
212 0.798906 -0.524629
212 0.961484 0.289626
212 0.741762 -0.899518
212 0.711733 -1.339499
212 0.432234 0.944795
212 0.841320 -1.145299
212 0.088837 0.631034
212 0.749684 -1.077018
212 0.361994 0.633281
212 0.565974 -0.173466
212 0.892964 -0.549628
212 0.605020 -0.459032
212 0.025582 -0.084664
212 0.722605 -1.037445
212 0.929025 -0.662178
212 0.642012 -0.838231
213 0.380259 0.781667
213 0.864330 -0.893408
213 0.031566 0.135286
213 0.347230 1.168597
213 0.855068 -0.365514
213 0.901310 -0.947736
213 0.756424 -1.061663
213 0.669866 -0.624115
213 0.815505 -0.351866
213 0.707558 -0.430066
213 0.254221 0.760921
213 0.466237 0.593066
213 0.660705 -0.829102
213 0.587803 -0.210795
213 0.885098 -0.424368
213 0.473845 -0.215589
213 0.177987 1.064363
213 0.214582 1.277050
213 0.846057 -0.829378
213 0.008721 -0.019127
213 0.869130 -1.204197
213 0.055588 0.547297
213 0.391658 0.691985
213 0.800176 -1.227369
213 0.407615 0.450665
213 0.822348 -0.852096
213 0.100299 0.421713
213 0.511542 -0.071655
213 0.582474 -1.020297
213 0.890869 -0.228383
214 0.626110 -0.546549
214 0.090300 1.221380
214 0.366768 0.435812
214 0.546593 0.176162
214 0.325197 0.349629
214 0.760331 -0.935471
214 0.317898 0.720885
214 0.828684 -1.014647
214 0.146734 0.641836
214 0.769393 -1.267001
214 0.183465 0.535976
214 0.528015 -0.307846
214 0.320524 0.938228
214 0.637334 -0.410622
214 0.212740 1.061327
214 0.795410 -0.609610
214 0.573584 -0.889498
214 0.957273 -0.395138
214 0.711770 -0.757988
214 0.607396 -0.521773
214 0.829159 -1.137194
214 0.219683 1.262132
214 0.632742 -0.900037
214 0.390404 0.402258
214 0.743791 -0.853155
214 0.024469 0.154992
214 0.427712 0.281868
214 0.651702 -0.982317
214 0.460639 -0.076142
214 0.237972 0.878421
215 0.560517 -0.226063
215 0.944869 -0.459572
215 0.046272 0.267663
215 0.449680 -0.046140
215 0.361274 0.990487
215 0.106449 0.676287
215 0.950794 -0.225711
215 0.961460 -0.089230
215 0.311488 0.733569
215 0.946717 -0.784288
215 0.035174 0.506403
215 0.980896 0.086870
215 0.835932 -1.018354
215 0.214330 1.097723
215 0.599547 -0.208089
215 0.798299 -0.612694
215 0.319299 0.737326
215 0.353752 0.348309
215 0.628973 -1.119700
215 0.147094 0.704633
215 0.118211 1.115003
215 0.249805 0.781466
215 0.741260 -1.177391
215 0.366599 0.558355
215 0.507358 -0.205736
215 0.195451 0.938468
215 0.194106 0.554947
215 0.650451 -0.485372
215 0.108375 0.586079
215 0.667841 -0.125950
216 0.098136 0.521895
216 0.370764 0.692901
216 0.624552 -0.695981
216 0.780545 -0.998548
216 0.217599 0.811697
216 0.667986 -0.640669
216 0.645870 -0.545069
216 0.859616 -0.236891
216 0.313747 0.739763
216 0.750092 -0.800068
216 0.752000 -1.572662
216 0.239195 1.246409
216 0.621158 -1.126807
216 0.675162 -1.186768
216 0.274428 1.087911
216 0.451800 0.111792
216 0.435778 0.165152
216 0.773510 -1.134555
216 0.000691 0.223231
216 0.501027 -0.286317
216 0.184341 0.899855
216 0.646842 -0.910792
216 0.680369 -0.659844
216 0.501127 0.247299
216 0.542030 -0.811605
216 0.315058 1.231142
216 0.313323 0.738662
216 0.745117 -0.928642
216 0.131731 0.454700
216 0.771503 -0.879546
217 0.486622 0.594022
217 0.260878 0.926879
217 0.170391 0.984318
217 0.018901 0.474223
217 0.364993 1.336810
217 0.110061 1.104816
217 0.027012 -0.351754
217 0.102980 0.508162
217 0.318522 1.058950
217 0.750864 -1.148250
217 0.066986 0.943400
217 0.678674 -0.412436
217 0.620543 -0.931807
217 0.881990 -0.724098
217 0.183987 0.690342
217 0.794268 -1.020106
217 0.864865 -0.818301
217 0.976484 0.139060
217 0.808549 -1.199633
217 0.123768 -0.083412
217 0.947129 -0.807485
217 0.814992 -1.226265
217 0.212325 0.775405
217 0.165197 0.917525
217 0.936414 -0.712916
217 0.155699 0.466210
217 0.777103 -1.264369
217 0.405259 0.226039
217 0.723805 -1.152834
217 0.091851 0.366426
218 0.925802 -0.182957
218 0.315004 1.027486
218 0.275377 1.004015
218 0.101005 0.930327
218 0.577353 -0.565919
218 0.265653 0.809810
218 0.842853 -0.422824
218 0.682767 -0.359862
218 0.003915 -0.183436
218 0.565675 -0.435157
218 0.231835 1.307006
218 0.015367 0.072961
218 0.619367 -0.503267
218 0.204914 1.194265
218 0.899636 -0.758326
218 0.573381 -0.319120
218 0.209185 0.965439
218 0.979127 -0.495831
218 0.546442 -0.584573
218 0.165472 0.666523
218 0.517242 0.170432
218 0.959349 0.035758
218 0.424210 0.683380
218 0.425346 0.584088
218 0.461127 0.365675
218 0.280104 1.065433
218 0.161784 0.972559
218 0.578928 -0.333230
218 0.894200 -1.038197
218 0.735730 -1.233057
219 0.223395 1.243591
219 0.215138 0.565201
219 0.615404 -1.135238
219 0.123866 0.710661
219 0.469779 0.308328
219 0.255822 1.327652
219 0.853922 -0.964915
219 0.554494 -0.277728
219 0.215109 1.023799
219 0.926466 -0.485184
219 0.822897 -0.918671
219 0.265292 0.738976
219 0.961051 -0.158377
219 0.267739 1.052310
219 0.292643 0.832316
219 0.385963 0.856492
219 0.164805 1.168468
219 0.687016 -0.719499
219 0.557337 -0.665252
219 0.894462 -0.585678
219 0.240875 0.724927
219 0.170231 0.905971
219 0.358623 0.503737
219 0.146109 1.177554
219 0.946151 -0.096925
219 0.717447 -0.633258
219 0.796192 -0.642661
219 0.748044 -1.081104
219 0.242819 0.871299
219 0.140657 1.295654
220 0.516211 -0.013541
220 0.479223 0.296527
220 0.923631 0.127945
220 0.265663 1.222551
220 0.333307 1.344214
220 0.660160 -1.090447
220 0.886616 -1.133946
220 0.114884 0.656436
220 0.209884 1.225809
220 0.948034 -0.110390
220 0.777297 -0.621913
220 0.346070 0.062320
220 0.357635 1.155794
220 0.469534 0.290896
220 0.673799 -1.350761
220 0.561041 -0.157140
220 0.776120 -0.935718
220 0.054167 0.448176
220 0.819041 -0.607644
220 0.058051 0.485796
220 0.880974 -1.121921
220 0.043254 0.225534
220 0.127832 0.234285
220 0.180184 1.100038
220 0.223051 1.405089
220 0.401762 0.206357
220 0.655482 -1.030218
220 0.892603 -0.889446
220 0.524503 -0.289520
220 0.532490 -0.078997
221 0.928108 -0.366235
221 0.688054 -0.821864
221 0.109326 0.958692
221 0.326541 0.572721
221 0.085666 0.910133
221 0.601748 -0.589686
221 0.998149 -0.163477
221 0.374755 0.547169
221 0.162945 0.553688
221 0.268640 0.470875
221 0.570802 -0.227113
221 0.568962 0.174398
221 0.229821 0.506688
221 0.750705 -1.285119
221 0.088012 0.750715
221 0.623040 -0.712038
221 0.425699 0.700399
221 0.127175 0.686188
221 0.634385 -0.921737
221 0.673049 -0.953128
221 0.440020 -0.346621
221 0.797993 -1.297923
221 0.509317 0.225979
221 0.285754 1.332442
221 0.953601 0.134430
221 0.944044 -0.212122
221 0.095621 -0.111512
221 0.946081 -0.522840
221 0.775482 -0.589813
221 0.106644 1.107953
222 0.721290 -1.146265
222 0.525112 0.375955
222 0.363324 0.265315
222 0.002859 0.125793
222 0.250905 0.928197
222 0.951767 -0.725460
222 0.275462 0.741507
222 0.751852 -0.904846
222 0.508498 -0.312685
222 0.308514 1.011041
222 0.991093 0.462814
222 0.046974 0.342062
222 0.582077 -0.929203
222 0.461518 -0.014600
222 0.076526 0.376893
222 0.214096 0.868992
222 0.694242 -0.893653
222 0.108329 0.723030
222 0.801025 -0.429888
222 0.625061 -0.708494
222 0.100858 0.246478
222 0.286815 1.319508
222 0.137178 1.137997
222 0.797601 -0.885873
222 0.532960 -0.279533
222 0.002830 0.204544
222 0.542904 -0.329642
222 0.482804 -0.508875
222 0.643076 -0.613647
222 0.034844 0.484862
223 0.450190 -0.401779
223 0.624858 -0.583410
223 0.731100 -0.811934
223 0.324988 0.810839
223 0.636417 -0.949901
223 0.524329 -0.329466
223 0.133968 0.647236
223 0.881726 -0.767229
223 0.754590 -1.146817
223 0.921654 -0.575963
223 0.720405 -0.625523
223 0.244807 0.635139
223 0.430526 -0.101932
223 0.386868 1.014496
223 0.035822 0.165575
223 0.410548 0.416446
223 0.345569 0.791699
223 0.003924 0.087434
223 0.847123 -0.976724
223 0.143874 0.937580
223 0.500952 -0.294661
223 0.784678 -1.066904
223 0.604481 -1.274738
223 0.169351 1.226007
223 0.618211 -0.729137
223 0.757597 -0.797830
223 0.854765 -0.648089
223 0.318654 1.073340
223 0.033921 0.209192
223 0.607948 -0.510970
224 0.946783 -0.926504
224 0.301861 0.842040
224 0.255139 0.265234
224 0.973371 -0.492076
224 0.085932 1.281628
224 0.160690 0.732632
224 0.438318 -0.050403
224 0.787673 -0.964526
224 0.884359 -0.933669
224 0.755636 -0.740017
224 0.976175 -0.416002
224 0.016846 0.186870
224 0.619507 -1.026401
224 0.116346 1.447341
224 0.910363 -0.382814
224 0.935307 -0.439027
224 0.303028 0.857118
224 0.827709 -1.049232
224 0.630276 -0.958427
224 0.100489 0.353748
224 0.602768 -0.098268
224 0.976057 -0.315655
224 0.308094 0.295292
224 0.001141 -0.342623
224 0.976792 0.133011
224 0.413983 0.438832
224 0.430933 0.380245
224 0.712612 -0.621590
224 0.604385 -0.843001
224 0.301987 1.136851
225 0.532239 -0.011825
225 0.694548 -0.352776
225 0.514175 -0.250852
225 0.355508 0.741629
225 0.051135 0.251436
225 0.785881 -1.085115
225 0.497194 -0.579003
225 0.538789 0.171146
225 0.468958 -0.114005
225 0.265345 1.046300
225 0.276373 0.559743
225 0.063501 0.574700
225 0.707599 -1.200340
225 0.271873 0.649783
225 0.298561 1.012114
225 0.993500 -0.251049
225 0.385813 0.485226
225 0.510697 -0.015625
225 0.386473 0.894338
225 0.290191 0.722764
225 0.005851 -0.260605
225 0.854886 -0.783547
225 0.473154 0.329657
225 0.719890 -0.543331
225 0.958657 -0.578255
225 0.002831 -0.077601
225 0.675040 -0.538384
225 0.118641 1.270225
225 0.457965 -0.036874
225 0.846782 -1.042379
226 0.021875 0.125396
226 0.054684 0.724099
226 0.198365 1.211301
226 0.655218 -0.700224
226 0.623949 -0.877125
226 0.325164 1.027327
226 0.972999 -0.577076
226 0.093107 0.365102
226 0.776720 -0.556501
226 0.480877 0.510462
226 0.418834 0.619405
226 0.025565 -0.418866
226 0.727800 -1.352754
226 0.771576 -1.194667
226 0.318957 0.856087
226 0.516963 -0.481503
226 0.606442 -0.693936
226 0.367645 1.269205
226 0.615582 -0.543800
226 0.434127 0.467824
226 0.878070 -0.998604
226 0.718513 -1.472189
226 0.110500 0.271382
226 0.799603 -1.455641
226 0.337506 0.875132
226 0.935568 -0.278702
226 0.603371 -0.894376
226 0.027578 0.216787
226 0.734363 -0.554479
226 0.130734 1.319429
227 0.049729 0.665049
227 0.395076 0.195662
227 0.915381 -0.996736
227 0.232202 0.953219
227 0.950568 -0.558390
227 0.099923 0.209924
227 0.664812 -1.051260
227 0.965686 -0.442383
227 0.654154 -0.821039
227 0.899004 -0.778978
227 0.991030 -0.218068
227 0.641843 -0.779304
227 0.782264 -0.675250
227 0.031985 0.640842
227 0.427310 0.485339
227 0.288265 1.038899
227 0.824185 -0.948275
227 0.677578 -0.753869
227 0.614414 -0.541481
227 0.931559 -0.019143
227 0.088868 -0.036804
227 0.953841 -0.356324
227 0.100765 0.693423
227 0.347018 0.812004
227 0.630274 -1.011897
227 0.341476 0.449512
227 0.682536 -0.669600
227 0.775419 -1.214351
227 0.828506 -1.407261
227 0.179344 1.160035
228 0.685164 -1.051213
228 0.380548 0.560329
228 0.166406 1.427219
228 0.635683 -1.239860
228 0.496970 0.404383
228 0.077942 0.966741
228 0.955562 -0.045854
228 0.314420 0.820056
228 0.002141 0.441521
228 0.901690 -0.675689
228 0.577051 -0.677170
228 0.733061 -1.110822
228 0.152666 0.647692
228 0.404606 0.280144
228 0.645061 -0.457388
228 0.250965 0.767947
228 0.701499 -0.962819
228 0.233615 0.561574
228 0.209128 0.976449
228 0.011625 -0.273803
228 0.281907 0.625826
228 0.246737 0.967003
228 0.764357 -0.678843
228 0.569710 -0.292005
228 0.177824 1.051659
228 0.568127 -0.454080
228 0.225444 0.887428
228 0.425502 0.688518
228 0.888208 -0.815012
228 0.719256 -0.731071
229 0.460134 0.688792
229 0.208503 0.609098
229 0.967699 0.249040
229 0.107918 1.191983
229 0.598055 -0.687725
229 0.481847 -0.386737
229 0.578084 -0.886222
229 0.956493 -0.408527
229 0.341282 1.444227
229 0.748766 -0.994846
229 0.447466 0.138961
229 0.660762 -1.052503
229 0.365658 0.350556
229 0.227122 1.252059
229 0.083616 0.473919
229 0.101751 1.226600
229 0.959430 -0.063692
229 0.788457 -0.721968
229 0.244959 0.926867
229 0.529147 -0.509425
229 0.714233 -1.236928
229 0.352538 0.388768
229 0.439988 0.641313
229 0.718382 -1.095806
229 0.227454 1.275733
229 0.526344 -0.123997
229 0.210088 0.880875
229 0.003078 -0.331545
229 0.690264 -0.839895
229 0.707265 -1.029756
230 0.718112 -1.253437
230 0.446001 0.412174
230 0.981160 -0.320900
230 0.710070 -0.371118
230 0.423625 0.499059
230 0.960552 -0.457756
230 0.895725 -0.699629
230 0.739965 -0.971122
230 0.766996 -0.941000
230 0.423627 0.593286
230 0.507351 -0.046590
230 0.191547 0.520163
230 0.595396 -0.666221
230 0.369917 0.911325
230 0.347438 0.617408
230 0.948228 -0.117751
230 0.164783 0.869564
230 0.829974 -0.941709
230 0.281469 1.338760
230 0.028656 -0.342362
230 0.040463 0.048911
230 0.429177 0.800178
230 0.454461 0.831257
230 0.320251 1.589952
230 0.668780 -0.857480
230 0.485343 0.229333
230 0.074113 0.694246
230 0.348071 1.198603
230 0.101963 0.691645
230 0.062916 0.662940
231 0.530600 0.056723
231 0.788831 -1.167219
231 0.926356 -0.887521
231 0.023363 0.604162
231 0.412098 0.149895
231 0.204125 1.090402
231 0.996769 -0.284400
231 0.929566 -0.090245
231 0.802186 -0.567838
231 0.295880 1.117490
231 0.952102 0.077481
231 0.029250 0.184954
231 0.188040 1.595424
231 0.616874 -0.446247
231 0.793007 -1.233878
231 0.883631 -0.646858
231 0.300509 0.904314
231 0.390805 0.558393
231 0.454827 -0.217109
231 0.026974 0.284731
231 0.863969 -1.170104
231 0.337948 0.093542
231 0.199278 0.846442
231 0.409197 0.313311
231 0.710563 -1.227919
231 0.870916 -1.655947
231 0.215376 0.721177
231 0.172613 0.832005
231 0.943783 -0.536169
231 0.550893 -0.198145
232 0.077460 0.372752
232 0.407303 0.675911
232 0.068015 0.969137
232 0.915194 -0.937335
232 0.742802 -1.144411
232 0.686545 -1.190361
232 0.682702 -1.292318
232 0.285183 1.004300
232 0.933539 -0.405111
232 0.922777 -1.010534
232 0.739489 -0.992375
232 0.468930 -0.167639
232 0.047116 0.295280
232 0.028311 0.557798
232 0.138134 0.901909
232 0.595765 -0.512796
232 0.798099 -1.113309
232 0.948466 -0.298110
232 0.175362 1.061013
232 0.275528 1.126414
232 0.054100 0.303648
232 0.989047 -0.003551
232 0.780915 -1.376162
232 0.480714 -0.099421
232 0.575565 -0.244885
232 0.562174 -0.128183
232 0.254361 1.027704
232 0.185391 1.362417
232 0.296976 1.109162
232 0.247154 0.929902
233 0.853391 -0.760198
233 0.183323 0.540642
233 0.425603 0.301654
233 0.983922 0.205667
233 0.097049 0.509622
233 0.839788 -1.031487
233 0.494734 -0.155370
233 0.110991 0.834885
233 0.952491 0.231098
233 0.549231 -0.946685
233 0.880641 0.158600
233 0.869107 -0.671674
233 0.014635 0.265890
233 0.264841 0.864777
233 0.336922 0.853479
233 0.534864 -0.159556
233 0.071866 0.121630
233 0.388967 0.400708
233 0.814638 -0.563285
233 0.173191 0.420085
233 0.701276 -0.821193
233 0.460329 0.135530
233 0.070705 0.141572
233 0.177374 1.489259
233 0.141031 0.488274
233 0.619718 -1.022284
233 0.087324 0.465466
233 0.823047 -1.127078
233 0.806659 -0.935384
233 0.080062 0.528715
234 0.269622 0.562482
234 0.648947 -0.041680
234 0.429258 0.418892
234 0.425802 0.124544
234 0.159187 0.640629
234 0.961864 -0.289275
234 0.223926 0.934037
234 0.406109 0.946955
234 0.190205 0.906420
234 0.703143 -0.400410
234 0.436129 0.260902
234 0.413650 0.644255
234 0.875095 -0.400091
234 0.759480 -0.639681
234 0.519875 0.269007
234 0.468590 0.114470
234 0.959901 -0.250937
234 0.956462 -1.013984
234 0.704771 -1.018694
234 0.760148 -0.670592
234 0.899093 -0.323336
234 0.964309 -0.248326
234 0.082275 1.003971
234 0.997339 -0.131921
234 0.703022 -1.171595
234 0.592745 -0.690757
234 0.413167 0.182180
234 0.336390 1.042982
234 0.804210 -0.856006
234 0.654435 -0.642086
235 0.276275 1.515221
235 0.892775 -1.287725
235 0.711503 -0.612772
235 0.404323 0.319334
235 0.762028 -0.641213
235 0.341206 0.179482
235 0.521764 -0.206847
235 0.922785 -0.030138
235 0.200157 1.165324
235 0.313058 0.821353
235 0.885593 -1.241404
235 0.461878 -0.159505
235 0.317889 1.327139
235 0.037299 0.127743
235 0.418953 0.465961
235 0.500601 0.081284
235 0.406333 0.164286
235 0.277459 1.107340
235 0.369130 0.606814
235 0.642445 -0.692103
235 0.891280 -0.804623
235 0.649676 -1.279753
235 0.646162 -0.922822
235 0.816875 -0.720779
235 0.165143 0.979416
235 0.301098 0.958182
235 0.050591 0.581986
235 0.349638 0.749274
235 0.998824 0.009493
235 0.329312 0.734450
236 0.949239 -0.062226
236 0.529414 -0.498355
236 0.654422 -0.905158
236 0.479330 0.233079
236 0.680780 -0.422855
236 0.436117 0.387907
236 0.137856 0.689106
236 0.986683 -0.001484
236 0.720364 -1.604752
236 0.608626 -0.990341
236 0.481421 0.003862
236 0.711429 -1.184668
236 0.126775 0.234698
236 0.326113 1.145142
236 0.124699 0.783697
236 0.126025 0.753726
236 0.021348 -0.074469
236 0.755893 -0.975497
236 0.227309 1.144188
236 0.832008 -0.949629
236 0.904435 -0.431647
236 0.168566 0.633113
236 0.708864 -0.937538
236 0.460306 0.589578
236 0.918961 -0.117857
236 0.484417 0.496030
236 0.378874 0.775358
236 0.294565 0.970537
236 0.903621 -0.703863
236 0.226179 0.446575
237 0.947748 0.354280
237 0.512549 0.268997
237 0.783145 -0.733373
237 0.827262 -0.789262
237 0.478815 0.351798
237 0.741371 -0.769711
237 0.364694 0.096535
237 0.810928 -0.809133
237 0.823903 -0.942356
237 0.566206 -0.554023
237 0.218148 0.921409
237 0.970223 -0.652758
237 0.946980 -0.868391
237 0.619821 -0.309774
237 0.983881 0.037542
237 0.502796 -0.741472
237 0.375484 0.532036
237 0.460503 0.509793
237 0.045907 0.200455
237 0.549122 0.069737
237 0.666232 -0.549732
237 0.109520 0.228084
237 0.255598 0.956384
237 0.721184 -1.118081
237 0.793590 -1.379499
237 0.985867 -0.524966
237 0.253224 0.757988
237 0.841439 -1.031725
237 0.172103 0.967564
237 0.130878 1.046000
238 0.898953 -0.648938
238 0.292408 0.604613
238 0.164466 1.031316
238 0.409612 0.410148
238 0.881570 -0.609077
238 0.399819 0.551210
238 0.108336 0.896748
238 0.984668 -0.030135
238 0.499675 -0.263071
238 0.342371 0.932851
238 0.893621 -0.513325
238 0.927403 -0.287084
238 0.496804 0.330839
238 0.306716 0.752378
238 0.482634 0.309279
238 0.219282 0.463987
238 0.478238 0.100313
238 0.229431 0.909262
238 0.622203 -0.260217
238 0.759889 -1.044971
238 0.969428 -0.008515
238 0.842570 -1.364098
238 0.086135 0.409639
238 0.211523 0.717010
238 0.531692 0.544841
238 0.257591 0.798824
238 0.014365 0.112120
238 0.754791 -0.961574
238 0.357772 0.302517
238 0.066100 0.245671
239 0.224320 0.860877
239 0.512544 -0.058805
239 0.372991 1.159846
239 0.329468 0.787926
239 0.177925 0.692048
239 0.845286 -0.002158
239 0.705015 -1.090275
239 0.331321 0.815079
239 0.237667 0.889645
239 0.128138 0.637879
239 0.112513 0.672836
239 0.625478 -0.432989
239 0.108817 0.752876
239 0.960213 0.075733
239 0.279135 1.296500
239 0.025805 0.223993
239 0.855330 -0.675990
239 0.367587 1.071882
239 0.342966 0.500834
239 0.118621 1.427667
239 0.660422 -0.999521
239 0.358793 0.670034
239 0.822995 -1.260227
239 0.630618 -1.086268
239 0.879912 -0.392738
239 0.622561 -0.015131
239 0.779278 -1.153299
239 0.696539 -0.839918
239 0.462592 0.298931
239 0.688674 -0.626604
240 0.490763 -0.149204
240 0.087747 0.781598
240 0.786182 -0.904349
240 0.407478 0.528385
240 0.208071 0.653568
240 0.626650 -0.826575
240 0.436938 0.607090
240 0.087572 0.674322
240 0.983675 -0.245555
240 0.244662 0.216017
240 0.510965 -0.271295
240 0.667288 -1.012780
240 0.115089 0.389601
240 0.739410 -1.121740
240 0.648289 -0.557686
240 0.493753 0.028053
240 0.528330 0.119845
240 0.954795 -0.732739
240 0.910898 -0.622574
240 0.111983 0.065269
240 0.368752 0.606340
240 0.516771 -0.418880
240 0.919976 -0.097511
240 0.816563 -0.790896
240 0.386483 0.958744
240 0.886210 -0.784392
240 0.378158 0.387023
240 0.271193 0.675679
240 0.609893 -0.557272
240 0.355902 1.329718
241 0.153527 0.381263
241 0.530244 -0.605554
241 0.275435 1.161791
241 0.629032 -0.647051
241 0.372751 0.509256
241 0.220735 0.635504
241 0.656395 -0.913147
241 0.393908 0.953271
241 0.157612 0.585450
241 0.808809 -1.131310
241 0.431759 0.058598
241 0.915070 -0.618885
241 0.193401 1.038854
241 0.876350 -0.066532
241 0.815910 -0.850134
241 0.103916 0.591407
241 0.531681 0.061133
241 0.653683 -0.613536
241 0.495482 -0.144916
241 0.390263 1.326767
241 0.943842 -0.352889
241 0.700821 -0.881725
241 0.965870 -0.047401
241 0.846230 -0.718949
241 0.817131 -0.454735
241 0.725632 -1.165275
241 0.646079 -0.559278
241 0.886862 -0.603120
241 0.613410 -0.358967
241 0.075288 0.391109
242 0.675158 -0.387754
242 0.434602 0.327424
242 0.516694 -0.364426
242 0.038602 -0.034975
242 0.611517 -0.851094
242 0.859716 -0.105343
242 0.002794 0.244614
242 0.159965 1.177969
242 0.517990 -0.184490
242 0.560964 -0.374246
242 0.343352 1.042634
242 0.027934 0.022878
242 0.743600 -1.086584
242 0.242925 0.796601
242 0.644577 -0.922772
242 0.559147 -0.348441
242 0.430838 0.174496
242 0.590290 -0.451568
242 0.695039 -0.855589
242 0.572244 -0.492271
242 0.557525 -0.601862
242 0.436078 0.422413
242 0.430035 0.274112
242 0.490966 0.070710
242 0.452078 0.626012
242 0.439025 -0.002066
242 0.210370 1.621205
242 0.724838 -1.009286
242 0.132952 0.865093
242 0.908710 -0.768475
243 0.872898 -0.775704
243 0.304873 0.644878
243 0.402850 0.745384
243 0.299916 1.356564
243 0.656713 -0.580578
243 0.814218 -0.612310
243 0.164336 0.444690
243 0.254743 0.926635
243 0.104108 0.748694
243 0.160184 1.106304
243 0.406882 1.078272
243 0.775876 -0.666100
243 0.541618 0.010423
243 0.053276 1.118607
243 0.625087 -0.678599
243 0.795304 -1.046476
243 0.393468 0.673693
243 0.245013 0.724993
243 0.763938 -0.975878
243 0.023906 -0.368413
243 0.815591 -1.075129
243 0.804260 -0.977047
243 0.887986 -0.362233
243 0.089480 0.866392
243 0.107758 0.337424
243 0.872753 -0.094210
243 0.475263 0.199316
243 0.392339 0.698048
243 0.573294 -0.929719
243 0.058583 0.173815
244 0.434642 0.520890
244 0.133388 0.617300
244 0.010700 0.462823
244 0.531518 -0.807457
244 0.860566 -0.856958
244 0.267904 1.234001
244 0.198941 0.695432
244 0.438953 0.302186
244 0.893533 -0.442072
244 0.451674 0.754479
244 0.722713 -1.373520
244 0.462526 -0.177137
244 0.372959 0.432308
244 0.440912 -0.098470
244 0.768401 -1.433238
244 0.754406 -1.291415
244 0.431758 0.785806
244 0.267617 0.900257
244 0.139127 0.776418
244 0.001370 -0.278033
244 0.113258 0.843121
244 0.164655 1.422367
244 0.689938 -1.195921
244 0.817916 -0.392900
244 0.736946 -0.887311
244 0.723233 -0.980831
244 0.994321 0.084360
244 0.962598 -0.115690
244 0.268847 1.550128
244 0.145101 0.946609
245 0.173275 1.188550
245 0.915518 -0.712159
245 0.683791 -1.203667
245 0.312309 0.710635
245 0.885760 -0.823865
245 0.598630 -0.459399
245 0.733158 -0.973591
245 0.385442 0.330678
245 0.393551 0.611694
245 0.012618 -0.263855
245 0.537902 -0.042834
245 0.760797 -0.749629
245 0.968825 -0.201815
245 0.892227 -0.545085
245 0.086991 1.045407
245 0.980520 -0.169371
245 0.149481 0.523817
245 0.041114 0.429224
245 0.748930 -1.339774
245 0.905886 -0.620639
245 0.949783 -0.490011
245 0.824976 -1.101621
245 0.204906 0.885103
245 0.154003 1.093510
245 0.058968 0.693791
245 0.581969 -0.214697
245 0.487221 0.181112
245 0.109284 0.556634
245 0.464827 -0.488144
245 0.567324 -0.300206
246 0.358205 0.684536
246 0.620869 -0.654978
246 0.035620 0.347610
246 0.045589 0.487059
246 0.798836 -1.143356
246 0.124465 0.231988
246 0.013984 0.469230
246 0.912456 -0.407098
246 0.265532 0.708843
246 0.582382 -0.411504
246 0.838917 -0.527556
246 0.745907 -0.480916
246 0.046628 0.363981
246 0.560949 -0.055759
246 0.541798 -0.622496
246 0.350080 0.797950
246 0.753563 -1.100253
246 0.964006 -0.121465
246 0.147187 1.281859
246 0.145224 0.865984
246 0.734736 -1.276712
246 0.454416 -0.096521
246 0.795219 -0.466175
246 0.141078 0.928949
246 0.039858 0.382247
246 0.697934 -1.050085
246 0.994711 0.047133
246 0.094798 0.264946
246 0.864338 -0.636696
246 0.385290 0.307484
247 0.213161 1.314485
247 0.798418 -1.081695
247 0.361427 1.106355
247 0.423110 0.157302
247 0.936388 -0.473716
247 0.891904 -0.706733
247 0.375111 0.855291
247 0.488110 0.185148
247 0.286524 1.190451
247 0.515434 -0.016775
247 0.681908 -0.711472
247 0.092668 0.280544
247 0.919841 -0.365989
247 0.718874 -0.498475
247 0.096753 0.067159
247 0.868989 -0.586600
247 0.743683 -0.796178
247 0.313127 1.360721
247 0.521433 0.083553
247 0.860131 -0.739895
247 0.968126 -0.069915
247 0.281077 0.760485
247 0.650558 -0.927464
247 0.860247 -1.170234
247 0.988167 0.371827
247 0.070718 0.564907
247 0.503622 -0.297589
247 0.873666 -0.631603
247 0.003158 0.367646
247 0.437235 0.682058
248 0.180391 0.768019
248 0.874442 -1.091111
248 0.049829 0.856753
248 0.529778 0.035193
248 0.063473 0.381732
248 0.695023 -1.426875
248 0.935797 -0.671901
248 0.831066 -0.683663
248 0.371728 0.827644
248 0.236905 0.412718
248 0.121027 0.879023
248 0.873624 -1.183725
248 0.081109 0.894052
248 0.628829 -0.661346
248 0.367267 0.601587
248 0.995778 0.270524
248 0.508823 0.050640
248 0.548791 0.095695
248 0.917889 -0.469193
248 0.969637 -0.147976
248 0.583636 -0.587224
248 0.796182 -0.879305
248 0.634767 -0.239756
248 0.427400 0.289671
248 0.057315 0.546776
248 0.717744 -1.243665
248 0.700263 -1.571585
248 0.116702 0.731535
248 0.230069 1.103290
248 0.732128 -1.026717
249 0.069107 0.402694
249 0.654100 -1.282511
249 0.152971 1.191140
249 0.210883 0.905715
249 0.864208 -0.426029
249 0.895190 -1.030599
249 0.082692 0.460210
249 0.873923 -0.558953
249 0.728494 -1.017027
249 0.775710 -1.341882
249 0.791815 -1.681725
249 0.507233 0.411547
249 0.946908 -0.253025
249 0.200360 1.301793
249 0.504965 0.247409
249 0.318553 1.087716
249 0.822431 -0.994619
249 0.082701 0.643484
249 0.433678 0.834516
249 0.773478 -0.964236
249 0.312341 1.494772
249 0.240476 0.548384
249 0.262549 0.514820
249 0.713590 -0.677523
249 0.286783 0.727789
249 0.402684 1.187062
249 0.545668 0.118183
249 0.940760 0.112591
249 0.794348 -0.696098
249 0.185282 0.641981
250 0.318504 0.746882
250 0.118581 0.794908
250 0.578241 -0.495912
250 0.739396 -0.681373
250 0.558622 -0.192014
250 0.003651 0.158744
250 0.282316 1.067016
250 0.778579 -1.125571
250 0.742548 -1.089445
250 0.010410 0.139828
250 0.470296 0.133545
250 0.437318 0.717175
250 0.652281 -0.789324
250 0.124980 0.819808
250 0.621415 -1.111807
250 0.946918 -0.044406
250 0.371750 0.547048
250 0.337356 0.540315
250 0.028274 0.670571
250 0.057395 0.562144
250 0.931572 -0.123690
250 0.975502 -0.016970
250 0.005642 0.007495
250 0.900680 -0.668206
250 0.173960 1.121754
250 0.561359 -0.036293
250 0.678141 -0.920247
250 0.359059 1.396033
250 0.528988 -0.240328
250 0.627542 -1.136513
251 0.978780 -0.012338
251 0.104147 0.637135
251 0.271993 1.461151
251 0.547013 -0.164344
251 0.843765 -0.049622
251 0.506512 -0.025948
251 0.059596 0.653437
251 0.127184 0.498930
251 0.375943 1.123140
251 0.322541 0.686630
251 0.219679 1.118670
251 0.840129 -0.923222
251 0.026882 0.303703
251 0.829344 -0.948723
251 0.921680 -0.709252
251 0.630111 -0.810924
251 0.625350 -0.246188
251 0.149018 0.945557
251 0.568318 -0.802847
251 0.375174 1.034946
251 0.229050 0.723894
251 0.583330 -0.276972
251 0.001190 0.173429
251 0.276413 1.171154
251 0.656042 -0.274786
251 0.455041 0.030154
251 0.145641 0.975854
251 0.001318 0.386158
251 0.270439 0.798762
251 0.549059 -0.527116
252 0.150260 0.775353
252 0.046992 0.417718
252 0.740856 -0.502832
252 0.685839 -0.993822
252 0.602089 -0.828264
252 0.976239 -0.007628
252 0.545403 -0.059340
252 0.347900 0.849837
252 0.564966 -0.095937
252 0.028412 0.117192
252 0.579264 -0.439434
252 0.902430 -0.462992
252 0.004330 0.113412
252 0.845304 -0.342025
252 0.801929 -0.836375
252 0.106103 0.527198
252 0.846830 -0.662167
252 0.763545 -0.693725
252 0.491046 0.288498
252 0.245214 1.215190
252 0.288100 0.522067
252 0.612275 -1.396126
252 0.246304 1.382310
252 0.325356 1.021647
252 0.930838 -0.427480
252 0.729329 -0.783283
252 0.736074 -0.417981
252 0.955936 0.150723
252 0.005794 0.325063
252 0.244486 0.733382
253 0.410291 0.642712
253 0.346740 0.572366
253 0.288552 0.144225
253 0.568095 -0.651866
253 0.348636 1.528239
253 0.328094 1.060629
253 0.016891 0.598207
253 0.948316 -0.423379
253 0.060594 -0.335456
253 0.270872 0.658801
253 0.921420 -0.354811
253 0.735348 -0.924481
253 0.578140 -0.474606
253 0.660814 -1.006132
253 0.097060 0.854656
253 0.808647 -1.083276
253 0.250107 1.092345
253 0.956214 -0.213060
253 0.231375 0.882609
253 0.625364 -0.973113
253 0.545324 -0.409147
253 0.143103 1.344881
253 0.362927 1.092394
253 0.781293 -0.674616
253 0.212588 0.736560
253 0.962857 -0.662569
253 0.295484 1.288390
253 0.626722 -0.443284
253 0.618867 -0.638166
253 0.470778 0.071414
254 0.240591 0.845269
254 0.785809 -1.070473
254 0.091262 0.473280
254 0.818139 -1.304715
254 0.211967 1.066303
254 0.589579 -0.762296
254 0.347310 0.647620
254 0.609780 -0.847688
254 0.267418 0.817896
254 0.568964 -0.671553
254 0.008198 0.125653
254 0.374454 0.662848
254 0.826389 -0.872607
254 0.463007 0.936486
254 0.499261 -0.042026
254 0.621577 -0.510251
254 0.434210 0.617326
254 0.867077 -0.760275
254 0.403325 0.652898
254 0.942552 -0.346957
254 0.876938 -0.637677
254 0.421088 0.299798
254 0.365801 0.598510
254 0.676628 -0.890527
254 0.755307 -1.591015
254 0.185862 1.368713
254 0.241045 1.646675
254 0.146253 0.846059
254 0.760692 -0.798104
254 0.714402 -0.650773
255 0.177602 0.358340
255 0.588314 -0.703957
255 0.795328 -1.398965
255 0.588799 -0.960765
255 0.529661 -0.150348
255 0.847717 -0.657149
255 0.010755 0.057989
255 0.616748 -0.819146
255 0.409692 0.253236
255 0.193566 0.842633
255 0.979578 -0.374631
255 0.403814 0.549383
255 0.335263 0.403441
255 0.169008 1.083684
255 0.997766 -0.184146
255 0.856051 -0.673212
255 0.069972 0.691789
255 0.565754 -0.303129
255 0.147401 1.039050
255 0.715781 -1.596968
255 0.484083 -0.048017
255 0.110389 0.970228
255 0.557039 -0.197994
255 0.910676 0.022301
255 0.341195 1.351596
255 0.050806 0.403705
255 0.945207 -0.413107
255 0.141799 0.490138
255 0.475052 0.013369
255 0.544677 -0.399516
256 0.825766 -0.587952
256 0.179045 0.974564
256 0.900350 -0.998697
256 0.999559 -0.610641
256 0.665140 -0.597742
256 0.195889 1.345367
256 0.144437 0.543587
256 0.959414 -0.333186
256 0.871353 -0.890303
256 0.748679 -1.175136
256 0.949119 0.008213
256 0.503404 0.044127
256 0.887746 -0.717024
256 0.162820 1.650946
256 0.182810 0.481876
256 0.512343 0.086897
256 0.332510 0.553908
256 0.432519 0.364173
256 0.798197 -0.909905
256 0.053407 0.582685
256 0.720844 -1.061621
256 0.088229 0.416316
256 0.847501 -0.901871
256 0.201900 0.630692
256 0.734939 -0.805833
256 0.591879 -0.461359
256 0.385622 0.788925
256 0.267536 0.973073
256 0.057459 0.295372
256 0.353380 1.149032
257 0.559838 -0.245207
257 0.489025 0.109919
257 0.917876 -0.882349
257 0.351687 0.058150
257 0.794998 -1.213716
257 0.721810 -0.439508
257 0.477096 0.700035
257 0.774632 -1.066599
257 0.965778 -0.500757
257 0.200607 1.035665
257 0.017509 0.241487
257 0.821454 -0.720683
257 0.403587 -0.188705
257 0.544402 0.671943
257 0.222462 1.324811
257 0.841789 -0.897612
257 0.721206 -1.199222
257 0.953367 0.007360
257 0.475252 0.303490
257 0.976565 -0.119071
257 0.510855 0.069347
257 0.621422 -0.724849
257 0.674127 -0.767945
257 0.489771 0.282132
257 0.562780 -0.281314
257 0.223307 1.073245
257 0.362363 1.178823
257 0.701993 -1.433984
257 0.038989 0.003167
257 0.700413 -0.943887
258 0.409346 -0.047457
258 0.778224 -0.556863
258 0.364342 0.690472
258 0.886611 -0.782547
258 0.243073 0.797559
258 0.031345 0.572031
258 0.628751 -0.459169
258 0.508253 -0.342007
258 0.933058 -0.058953
258 0.423132 0.420894
258 0.135590 0.569396
258 0.329746 0.788992
258 0.393212 0.386757
258 0.583132 -0.895166
258 0.274500 1.221014
258 0.550313 -0.377100
258 0.908046 -0.360990
258 0.423730 0.547248
258 0.651569 -0.650212
258 0.228899 0.377428
258 0.801327 -1.208475
258 0.269671 1.163181
258 0.579803 -0.863117
258 0.300247 1.062494
258 0.067402 -0.006256
258 0.319663 0.910660
258 0.212031 1.454674
258 0.892674 -0.392010
258 0.266162 0.439626
258 0.974423 0.094498
259 0.621277 -0.510772
259 0.236067 1.324535
259 0.446157 -0.070288
259 0.369449 0.862567
259 0.665322 -1.496723
259 0.196483 0.890807
259 0.405752 0.994343
259 0.848732 -1.238957
259 0.546446 -0.767474
259 0.896044 -0.541472
259 0.232527 1.410209
259 0.439903 0.466308
259 0.500416 -0.574001
259 0.400567 0.079959
259 0.684494 -0.887162
259 0.148720 0.450490
259 0.519400 -0.080589
259 0.138772 0.824372
259 0.629197 -0.872435
259 0.830248 -0.331128
259 0.019997 0.302455
259 0.456936 0.630765
259 0.492704 0.322003
259 0.720254 -1.027607
259 0.074720 0.394088
259 0.406021 0.467481
259 0.785481 -0.770922
259 0.532145 -0.395709
259 0.749846 -0.482490
259 0.364010 0.530450
260 0.071469 0.454488
260 0.927144 -0.368640
260 0.152432 0.835055
260 0.482326 0.348726
260 0.433072 0.399457
260 0.324771 1.414971
260 0.537731 -0.221510
260 0.002791 -0.493505
260 0.380149 0.875356
260 0.479344 0.247050
260 0.803304 -0.934673
260 0.700963 -1.030781
260 0.849762 -1.444282
260 0.376298 0.117262
260 0.140906 1.268383
260 0.401056 0.406751
260 0.963060 0.059661
260 0.214328 0.494076
260 0.174755 0.576250
260 0.944337 -0.139061
260 0.949923 -0.340227
260 0.149237 0.967489
260 0.769453 -0.996629
260 0.429743 0.364941
260 0.492216 -0.155123
260 0.498688 -0.349958
260 0.968372 0.223389
260 0.184661 1.387100
260 0.773064 -1.301129
260 0.005674 -0.295580
261 0.646954 -0.645367
261 0.390875 0.737431
261 0.767662 -0.826492
261 0.528379 -0.433267
261 0.129479 0.452516
261 0.010741 0.054647
261 0.212449 0.966726
261 0.724346 -1.143735
261 0.828514 -0.808466
261 0.341335 1.112269
261 0.535925 0.132442
261 0.240013 1.421711
261 0.880443 -1.076955
261 0.965207 -0.565772
261 0.752940 -1.086723
261 0.088887 0.553994
261 0.437119 0.313371
261 0.990506 -0.225411
261 0.229385 0.900297
261 0.670472 -0.732736
261 0.938563 -0.775388
261 0.773203 -0.286384
261 0.608860 -0.625591
261 0.506705 0.273137
261 0.928814 -0.606509
261 0.394733 0.786535
261 0.901269 -0.551289
261 0.431053 0.676826
261 0.756545 -1.058749
261 0.915714 -0.039706
262 0.858614 -0.381520
262 0.314838 1.089261
262 0.136719 0.827759
262 0.799155 -0.624713
262 0.988186 0.671630
262 0.360390 0.688012
262 0.865350 -0.510178
262 0.762545 -0.998468
262 0.911585 -0.375573
262 0.424372 0.470148
262 0.101302 -0.052942
262 0.118356 0.616926
262 0.763198 -0.696697
262 0.863332 -0.986563
262 0.457017 0.543085
262 0.059571 0.420699
262 0.066706 0.349515
262 0.598600 -0.308903
262 0.918624 -0.285000
262 0.399584 0.716064
262 0.650620 -0.506530
262 0.542008 -0.199959
262 0.889758 -1.131995
262 0.832388 -0.982417
262 0.199349 0.408463
262 0.677543 -0.700937
262 0.847503 -0.549278
262 0.930249 -0.141850
262 0.589927 -0.388712
262 0.175911 1.183969
263 0.744757 -0.981052
263 0.007409 0.029658
263 0.865706 -1.054434
263 0.396499 0.538987
263 0.731638 -0.862626
263 0.726919 -0.990807
263 0.177521 0.474456
263 0.515395 -0.178543
263 0.926181 -0.587774
263 0.263049 1.054695
263 0.715028 -0.950295
263 0.958051 -0.384016
263 0.360631 0.632780
263 0.387634 0.668976
263 0.452563 0.582558
263 0.809039 -0.848390
263 0.439285 0.799220
263 0.486246 0.426269
263 0.222317 1.433916
263 0.988345 0.337424
263 0.892354 -0.157073
263 0.600254 -0.935020
263 0.960560 -0.051052
263 0.686998 -0.557171
263 0.959106 0.165579
263 0.161536 0.618244
263 0.225457 1.185348
263 0.885182 -0.637891
263 0.419874 1.036563
263 0.371158 0.307782
264 0.692034 -1.318201
264 0.318166 0.974087
264 0.508552 0.026846
264 0.216772 1.178454
264 0.502977 0.581666
264 0.510082 -0.296443
264 0.301297 0.774976
264 0.259468 1.480873
264 0.979574 0.153752
264 0.537124 0.008880
264 0.562077 -0.557185
264 0.007794 0.386719
264 0.181841 1.150646
264 0.356622 0.840729
264 0.965981 -0.387604
264 0.175242 0.923704
264 0.303290 1.439013
264 0.990157 -0.389996
264 0.481109 -0.121520
264 0.318408 0.720701
264 0.634359 -0.870688
264 0.496302 0.018510
264 0.957449 0.023390
264 0.083195 0.637672
264 0.790548 -0.949469
264 0.279086 1.066445
264 0.806669 -0.750079
264 0.847720 -1.321865
264 0.849223 -0.490402
264 0.866696 -0.990947
265 0.404390 0.447796
265 0.301612 0.890749
265 0.506601 -0.139132
265 0.832543 -1.392580
265 0.636496 -0.737918
265 0.139806 0.926471
265 0.362234 0.781773
265 0.555426 0.189490
265 0.538262 -0.539469
265 0.830634 -1.072712
265 0.932172 -0.373487
265 0.100463 0.663267
265 0.224408 0.416737
265 0.392157 0.807733
265 0.296398 1.032301
265 0.408290 -0.090953
265 0.040721 0.218064
265 0.066013 0.160420
265 0.838361 -0.985796
265 0.102582 0.199401
265 0.824075 -0.768773
265 0.306512 1.466153
265 0.309223 1.011069
265 0.100747 -0.056239
265 0.013263 0.168919
265 0.355289 0.730651
265 0.835357 -1.189902
265 0.919955 -0.375912
265 0.061586 0.641298
265 0.030908 -0.007565
266 0.468867 0.290832
266 0.464079 0.285532
266 0.178722 1.356402
266 0.784262 -1.063945
266 0.704209 -1.051041
266 0.559540 0.066457
266 0.925909 -0.153203
266 0.287187 1.016296
266 0.262032 0.528840
266 0.183436 0.670251
266 0.544440 -0.591838
266 0.205357 0.971853
266 0.868896 -0.886204
266 0.304310 1.423212
266 0.490931 -0.414480
266 0.529511 -0.532763
266 0.307647 1.008507
266 0.738420 -0.840923
266 0.692073 -1.710633
266 0.760811 -1.518317
266 0.605920 -0.696548
266 0.460182 0.654393
266 0.448917 0.881809
266 0.716535 -1.102324
266 0.377035 0.646813
266 0.437260 0.133018
266 0.163671 1.046424
266 0.679630 -0.445277
266 0.076925 0.841539
266 0.990512 -0.068279
267 0.205606 1.424864
267 0.500506 -0.593383
267 0.745882 -1.015774
267 0.739429 -0.629119
267 0.608922 -0.267987
267 0.272113 1.188399
267 0.415378 0.712628
267 0.246214 0.687410
267 0.277017 1.397579
267 0.323224 0.535998
267 0.598848 -0.924036
267 0.207595 1.081077
267 0.042570 0.116390
267 0.692455 -0.873334
267 0.021806 0.265815
267 0.970785 0.350898
267 0.350286 0.938079
267 0.006581 -0.144220
267 0.884585 -0.460318
267 0.599805 -0.836317
267 0.817392 -0.637735
267 0.435025 0.416394
267 0.354182 0.913458
267 0.655189 -1.361945
267 0.406001 -0.118353
267 0.556209 -0.796300
267 0.277823 1.508490
267 0.332645 0.523732
267 0.082191 0.713463
267 0.781372 -1.173208
268 0.145819 1.053797
268 0.377226 0.882237
268 0.989684 0.433777
268 0.522005 -0.462549
268 0.034188 0.166248
268 0.347658 0.561724
268 0.670898 -1.387835
268 0.224598 0.788918
268 0.964449 0.340245
268 0.425294 0.400305
268 0.021087 0.727163
268 0.540566 0.373614
268 0.676190 0.004164
268 0.455991 0.844653
268 0.928171 0.271289
268 0.901932 -0.480370
268 0.138960 0.834830
268 0.079948 0.569920
268 0.312309 0.924357
268 0.608133 -0.583441
268 0.601595 -0.370210
268 0.271643 0.851023
268 0.951101 -0.715720
268 0.307332 1.044903
268 0.804199 -1.150414
268 0.831980 -1.047027
268 0.098435 0.536976
268 0.232553 0.882354
268 0.215192 1.309191
268 0.919651 -0.533695
269 0.937408 -0.583853
269 0.519401 -0.285233
269 0.509585 -0.122845
269 0.634808 -0.661949
269 0.580069 -0.453028
269 0.543547 -0.088918
269 0.589191 -0.869085
269 0.858630 -0.656915
269 0.611067 -0.865239
269 0.195834 0.899643
269 0.913912 -0.002509
269 0.215961 0.557743
269 0.165162 0.777419
269 0.997058 -0.400879
269 0.213417 1.019619
269 0.100093 0.902730
269 0.562007 -0.328924
269 0.827194 -0.919679
269 0.060751 0.771027
269 0.490104 0.161288
269 0.068502 0.663116
269 0.428691 0.647783
269 0.343960 -0.032137
269 0.137129 0.735891
269 0.931021 -0.743388
269 0.634887 -0.998436
269 0.843056 -0.391507
269 0.905945 -0.669607
269 0.930185 0.143045
269 0.748115 -1.422236
270 0.218990 0.466529
270 0.562898 -0.463116
270 0.151265 0.933803
270 0.289250 1.112893
270 0.895411 -0.255023
270 0.011557 0.301001
270 0.915611 -0.523986
270 0.328402 1.083592
270 0.695795 -1.002971
270 0.091718 0.588943
270 0.641271 -0.537140
270 0.909461 -0.552272
270 0.555202 -0.231334
270 0.362121 1.050341
270 0.793578 -0.749099
270 0.712725 -0.602658
270 0.117693 1.372441
270 0.665702 -0.652099
270 0.664656 -0.998027
270 0.751921 -0.846380
270 0.316307 1.055108
270 0.401278 0.765323
270 0.960038 0.200047
270 0.573457 -0.950564
270 0.508505 0.400738
270 0.986850 0.472593
270 0.229558 1.162184
270 0.397937 0.775863
270 0.759884 -1.070566
270 0.713101 -0.971347
271 0.810256 -0.403397
271 0.323768 1.060573
271 0.705035 -0.747409
271 0.675132 -0.411123
271 0.335913 0.770986
271 0.161684 0.535874
271 0.694958 -0.410287
271 0.849023 -0.771652
271 0.838231 -0.582150
271 0.626505 -0.942460
271 0.227407 1.106499
271 0.316210 0.585629
271 0.754628 -0.980455
271 0.410854 0.336912
271 0.732497 -1.257255
271 0.309450 0.840106
271 0.006318 -0.648329
271 0.603490 -0.953354
271 0.600916 -0.357709
271 0.627555 -0.614065
271 0.268186 0.671223
271 0.811071 -0.762916
271 0.487467 -0.184797
271 0.762388 -0.780383
271 0.611093 -0.677394
271 0.416071 0.405702
271 0.679627 -0.931145
271 0.574977 0.313995
271 0.510711 -0.294890
271 0.648561 -0.735700
272 0.715343 -1.257683
272 0.977298 0.110098
272 0.938307 -0.587498
272 0.584248 -0.620880
272 0.686021 -1.071890
272 0.409507 0.745283
272 0.888467 -0.481482
272 0.552809 -1.112263
272 0.325551 0.965701
272 0.009491 -0.463776
272 0.586450 -0.619257
272 0.525434 -0.191579
272 0.811877 -1.030987
272 0.187005 1.072930
272 0.815401 -0.700727
272 0.015284 -0.136158
272 0.587313 -0.764438
272 0.396852 0.592878
272 0.331521 0.408545
272 0.433296 0.263858
272 0.223591 1.390689
272 0.183426 0.461891
272 0.805107 -1.042688
272 0.227758 0.812561
272 0.736972 -0.395071
272 0.711361 -1.132032
272 0.033400 0.064381
272 0.881072 -0.988849
272 0.789355 -0.966786
272 0.796067 -0.877351
273 0.870500 -0.817396
273 0.599207 -1.195051
273 0.551274 -0.454081
273 0.944357 -0.570971
273 0.664932 -0.786341
273 0.279823 1.168407
273 0.641753 -0.680098
273 0.961623 0.140114
273 0.023558 -0.023013
273 0.626591 -0.897073
273 0.156835 1.144869
273 0.816460 -0.864209
273 0.640685 -0.847347
273 0.936989 0.168311
273 0.669578 -0.701707
273 0.017219 0.050815
273 0.510354 -0.270793
273 0.903668 -0.171031
273 0.232303 1.055923
273 0.082896 0.504976
273 0.719888 -0.779272
273 0.502509 0.248265
273 0.047595 0.459573
273 0.279915 1.247580
273 0.326749 1.021377
273 0.667861 -0.703287
273 0.471600 -0.041996
273 0.487190 0.623505
273 0.806604 -1.307523
273 0.278417 1.076916
274 0.224822 1.063400
274 0.490666 0.026256
274 0.662431 -1.321879
274 0.897336 -0.699627
274 0.110426 0.683556
274 0.892193 -0.924294
274 0.922415 -0.271935
274 0.923610 -0.196235
274 0.004835 -0.128221
274 0.220999 1.201193
274 0.691245 -0.965550
274 0.321740 1.244260
274 0.061083 0.984690
274 0.762942 -1.324795
274 0.028592 0.409531
274 0.446021 0.724183
274 0.947576 -0.614669
274 0.440233 0.194228
274 0.911887 -0.701690
274 0.409004 0.501264
274 0.346686 0.714170
274 0.107383 0.565182
274 0.358091 1.029500
274 0.336986 0.285578
274 0.846551 -1.113731
274 0.919915 -0.281242
274 0.021930 0.303188
274 0.098256 0.261324
274 0.643228 -0.615373
274 0.484743 0.493777
275 0.005749 -0.194566
275 0.980867 -0.523273
275 0.855667 -1.006692
275 0.490671 0.131268
275 0.920942 -0.451240
275 0.628059 -0.163114
275 0.993765 0.105758
275 0.278306 1.556976
275 0.996906 0.195104
275 0.180247 1.231200
275 0.353418 0.688536
275 0.935324 -0.717631
275 0.370542 0.591944
275 0.209836 0.964766
275 0.059487 0.176679
275 0.148958 0.504809
275 0.355223 0.914345
275 0.421232 0.173336
275 0.542451 -0.723624
275 0.813588 -1.257868
275 0.013415 0.013882
275 0.841116 -1.137825
275 0.577249 -0.534964
275 0.756478 -0.819038
275 0.756979 -0.826706
275 0.903203 -0.769635
275 0.093380 0.162454
275 0.571515 -0.607062
275 0.909030 -0.344272
275 0.719206 -0.714582
276 0.897980 -0.940136
276 0.953580 -0.469887
276 0.100264 1.225567
276 0.296211 0.934299
276 0.462913 -0.135142
276 0.641744 -0.537187
276 0.702798 -1.188145
276 0.786016 -1.550661
276 0.495874 0.181854
276 0.556584 -0.623072
276 0.960571 -0.148859
276 0.240028 0.754231
276 0.803760 -0.731331
276 0.711818 -0.916311
276 0.140090 -0.005890
276 0.926492 -0.331016
276 0.855356 -0.875701
276 0.779505 -0.557850
276 0.126774 0.833505
276 0.139671 0.996039
276 0.683198 -1.126363
276 0.107270 0.387094
276 0.113316 0.645641
276 0.400279 0.478179
276 0.005378 0.435187
276 0.721483 -1.029987
276 0.540207 -0.617396
276 0.078174 0.223395
276 0.543583 0.019086
276 0.054088 0.283163
277 0.527067 -0.928676
277 0.080531 0.532244
277 0.343870 1.008711
277 0.986245 0.284507
277 0.794217 -1.148425
277 0.760591 -0.949432
277 0.135115 0.946040
277 0.364559 0.399224
277 0.680588 -0.631790
277 0.021625 0.217760
277 0.433976 0.221408
277 0.928590 -0.391366
277 0.082340 0.452784
277 0.906259 -0.321499
277 0.194522 0.831720
277 0.189107 0.995824
277 0.195436 0.755526
277 0.931256 -0.699978
277 0.603745 -0.555198
277 0.750789 -1.269018
277 0.366408 0.984407
277 0.873251 -0.537165
277 0.581937 -0.721918
277 0.599835 -0.522812
277 0.752321 -1.230804
277 0.773643 -1.470280
277 0.681864 -1.088918
277 0.118910 0.664443
277 0.866727 -0.586470
277 0.260899 1.042500
278 0.167327 1.106270
278 0.446424 0.381410
278 0.144900 0.305511
278 0.083582 0.906472
278 0.109137 0.569832
278 0.606611 -0.779137
278 0.193553 0.844617
278 0.149346 0.691949
278 0.867131 -1.098244
278 0.122013 0.743197
278 0.705635 -1.140569
278 0.417000 0.699450
278 0.579080 -0.321400
278 0.023355 0.633921
278 0.000019 -0.063369
278 0.817249 -1.153027
278 0.475441 -0.287227
278 0.071307 1.091198
278 0.343456 1.031127
278 0.506354 -0.247641
278 0.135493 1.260104
278 0.546338 0.119795
278 0.528751 -0.585048
278 0.602835 -0.828145
278 0.810262 -0.968867
278 0.412779 0.199979
278 0.888560 -0.673343
278 0.474674 0.372047
278 0.457149 -0.145978
278 0.655686 -0.741594
279 0.831524 -1.060298
279 0.663273 -1.151216
279 0.759202 -0.770092
279 0.715020 -0.562917
279 0.824480 -0.543640
279 0.986970 -0.077867
279 0.653471 -0.603301
279 0.252266 1.223515
279 0.101390 0.639511
279 0.589748 -0.476777
279 0.770757 -0.962049
279 0.561572 -0.613717
279 0.303555 0.738102
279 0.719735 -1.192421
279 0.447972 -0.158664
279 0.286589 1.016548
279 0.841084 -0.852829
279 0.576519 -0.233883
279 0.283448 1.356213
279 0.328604 1.277786
279 0.571665 -0.009683
279 0.422924 0.238452
279 0.160519 0.416483
279 0.610470 -0.360473
279 0.689110 -0.513064
279 0.000109 0.467481
279 0.536869 -0.084091
279 0.577161 -1.065060
279 0.332064 0.979668
279 0.338731 1.015205
280 0.439072 0.128618
280 0.845973 -1.171233
280 0.548344 -0.052570
280 0.055587 0.702546
280 0.713032 -1.049517
280 0.182452 0.905989
280 0.486063 -0.250441
280 0.468539 0.217697
280 0.486487 0.153792
280 0.031014 0.127816
280 0.272389 1.108945
280 0.050735 0.406021
280 0.414957 0.193034
280 0.621337 -0.332731
280 0.654074 -0.886091
280 0.064548 0.897211
280 0.118889 0.805568
280 0.661507 -0.258083
280 0.531188 0.157875
280 0.833412 -0.797621
280 0.205142 0.743610
280 0.120342 0.475643
280 0.362024 0.922255
280 0.637067 -0.715699
280 0.485967 -0.088652
280 0.098593 0.830530
280 0.071292 0.444742
280 0.677694 -0.646859
280 0.296968 0.664129
280 0.669482 -0.574894
281 0.157624 0.406323
281 0.363352 1.272728
281 0.815052 -0.606723
281 0.131650 0.961612
281 0.637945 -1.444639
281 0.987556 -0.065831
281 0.895015 -0.650972
281 0.671183 -0.675020
281 0.792630 -1.099650
281 0.116476 0.598729
281 0.498834 0.193152
281 0.531912 -0.431244
281 0.782696 -1.151185
281 0.282593 1.037102
281 0.106485 1.021800
281 0.698114 -0.704787
281 0.492594 0.369137
281 0.842294 -0.817522
281 0.481490 0.564565
281 0.846271 -1.344921
281 0.507835 0.557463
281 0.782699 -0.333441
281 0.720745 -0.846169
281 0.266083 1.244578
281 0.309398 0.919762
281 0.899196 -0.654738
281 0.231007 0.809627
281 0.697501 -0.960790
281 0.145120 0.957397
281 0.755158 -0.873510
282 0.959627 0.274108
282 0.759165 -0.339006
282 0.241040 0.686456
282 0.978799 -0.311797
282 0.499581 0.157295
282 0.522924 0.207100
282 0.909518 -1.187606
282 0.918403 -0.464321
282 0.696883 -1.090964
282 0.978450 -0.712198
282 0.328870 0.478554
282 0.232337 0.823515
282 0.029257 0.200436
282 0.346345 1.124732
282 0.602633 -0.494786
282 0.305379 1.224333
282 0.579620 -0.471644
282 0.048386 0.087871
282 0.354091 0.738517
282 0.748005 -0.791266
282 0.104327 0.919328
282 0.714837 -1.020056
282 0.763311 -1.275239
282 0.568762 -0.318028
282 0.886088 -0.512776
282 0.954564 0.088192
282 0.034677 0.012536
282 0.679083 -1.102698
282 0.237175 1.223603
282 0.408183 0.423199
283 0.029026 0.174296
283 0.047216 -0.101735
283 0.076667 0.577710
283 0.738746 -0.782685
283 0.227234 0.827168
283 0.184447 1.476739
283 0.008335 0.453020
283 0.022898 0.396559
283 0.405384 0.809634
283 0.541678 -0.249858
283 0.579059 -0.134154
283 0.457911 0.732607
283 0.459561 0.493766
283 0.753142 -1.170890
283 0.289570 0.957347
283 0.237718 1.169125
283 0.854324 -0.541427
283 0.689264 -0.951307
283 0.476866 -0.025201
283 0.275405 1.462549
283 0.136582 0.434951
283 0.037421 -0.049436
283 0.852365 -1.198331
283 0.593386 -0.836730
283 0.045829 0.658196
283 0.158587 1.223789
283 0.279564 0.960583
283 0.263072 1.145523
283 0.548391 -0.302538
283 0.399444 0.233017
284 0.996351 0.158780
284 0.728095 -0.696235
284 0.644498 -0.427148
284 0.726093 -0.502961
284 0.408296 0.042028
284 0.784210 -1.336688
284 0.154868 1.704959
284 0.793892 -0.659355
284 0.939527 -0.303554
284 0.857687 -0.770085
284 0.739661 -1.014949
284 0.651377 -1.394197
284 0.521092 -0.363837
284 0.395223 0.578244
284 0.865654 -0.962147
284 0.647459 -0.975069
284 0.434900 1.165342
284 0.784792 -1.051697
284 0.054104 0.416870
284 0.813119 -0.849623
284 0.810702 -0.751305
284 0.228529 0.847729
284 0.037672 0.608588
284 0.713708 -0.841045
284 0.199872 0.564658
284 0.996022 -0.057244
284 0.009182 0.006019
284 0.229792 0.926500
284 0.042062 0.414009
284 0.782656 -0.788606
285 0.311024 0.727036
285 0.303398 0.475423
285 0.131026 0.981832
285 0.463810 0.345476
285 0.453486 0.424923
285 0.411937 0.967470
285 0.703094 -1.051667
285 0.419815 0.665648
285 0.089004 0.550338
285 0.852060 -0.827213
285 0.425101 0.845413
285 0.655286 -0.203524
285 0.929896 -0.555808
285 0.767415 -0.743903
285 0.538799 -0.145638
285 0.545022 -0.179792
285 0.849531 -0.736592
285 0.823632 -0.994798
285 0.178653 -0.174304
285 0.626501 -0.253302
285 0.865716 -0.955550
285 0.803307 -1.016897
285 0.124716 0.639756
285 0.435693 0.158008
285 0.518233 -0.042240
285 0.257810 0.985503
285 0.679499 -1.118444
285 0.476226 0.193609
285 0.297509 0.945863
285 0.336865 1.133071
286 0.992345 0.357156
286 0.811439 -0.764256
286 0.054392 0.035995
286 0.728632 -1.450010
286 0.178426 0.467063
286 0.569221 -0.701447
286 0.893714 -0.206083
286 0.380196 0.829777
286 0.928842 -0.616365
286 0.708372 -1.006750
286 0.301012 0.871749
286 0.094917 0.801668
286 0.815351 -1.180515
286 0.458059 0.365387
286 0.072693 0.531056
286 0.103122 0.348882
286 0.966961 0.270302
286 0.243002 0.910362
286 0.966591 -0.506201
286 0.681160 -0.652041
286 0.300491 0.966447
286 0.383728 0.789815
286 0.777038 -1.341008
286 0.435415 0.638478
286 0.074751 1.104323
286 0.229814 0.613118
286 0.860345 -0.662867
286 0.696174 -1.178947
286 0.501016 0.800497
286 0.245496 1.371489
287 0.652998 -1.062552
287 0.333141 0.765155
287 0.337972 1.178285
287 0.419988 0.836239
287 0.852177 -1.021536
287 0.238346 1.135486
287 0.250792 0.998064
287 0.007340 -0.256369
287 0.155007 0.737982
287 0.978679 -0.512832
287 0.433870 0.752571
287 0.195165 1.406972
287 0.965682 -0.337132
287 0.027118 -0.025160
287 0.484166 0.415700
287 0.804602 -0.576880
287 0.772825 -1.324057
287 0.189217 0.883541
287 0.707790 -0.982718
287 0.622289 -0.926191
287 0.675276 -0.775999
287 0.266105 0.784901
287 0.810734 -1.090146
287 0.559238 -0.394069
287 0.725078 -1.434484
287 0.939574 -0.987551
287 0.855497 -0.512754
287 0.782337 -1.201526
287 0.289649 1.609589
287 0.054083 0.924863
288 0.766189 -1.376691
288 0.856994 -0.445181
288 0.594598 -0.244222
288 0.867284 -0.624140
288 0.111512 0.283783
288 0.741654 -0.550337
288 0.628724 -0.802134
288 0.059846 0.908839
288 0.291590 1.045666
288 0.216107 1.129453
288 0.405175 0.423080
288 0.198353 1.369895
288 0.274830 1.170385
288 0.296030 1.391335
288 0.599811 -0.533561
288 0.134874 0.735475
288 0.241101 1.176976
288 0.317148 1.345073
288 0.449068 0.619602
288 0.038089 0.278507
288 0.999211 -0.562120
288 0.300392 1.193408
288 0.287345 0.540986
288 0.554871 -0.327471
288 0.854032 -0.828597
288 0.456809 -0.157274
288 0.248839 1.111724
288 0.565876 0.244105
288 0.482943 0.013188
288 0.423075 0.694499
289 0.978062 -0.109040
289 0.470793 0.780454
289 0.166073 0.981230
289 0.765231 -1.204892
289 0.818819 -0.687051
289 0.707300 -0.733219
289 0.863182 -0.876721
289 0.371183 0.374663
289 0.690315 -0.769693
289 0.263849 1.015271
289 0.446440 -0.124755
289 0.242492 1.075244
289 0.154534 0.634332
289 0.035953 -0.230696
289 0.671424 -0.986218
289 0.875273 -0.321017
289 0.314419 1.281616
289 0.429235 0.714147
289 0.003547 0.103054
289 0.412855 0.699336
289 0.281322 1.010290
289 0.574200 -0.781022
289 0.908517 -0.815320
289 0.506153 -0.220802
289 0.675533 -0.472113
289 0.705483 -0.638128
289 0.152432 0.493940
289 0.346571 0.837511
289 0.113146 0.531745
289 0.440747 0.317229
290 0.928490 -0.579892
290 0.703185 -1.218413
290 0.502435 -0.036559
290 0.770051 -1.570086
290 0.279935 1.661590
290 0.668782 -0.830698
290 0.005062 0.291833
290 0.072551 0.301775
290 0.624266 -1.166762
290 0.192550 1.363299
290 0.688730 -1.264039
290 0.636753 -0.652699
290 0.063667 0.522371
290 0.392497 0.647444
290 0.613002 -0.887219
290 0.713482 -1.018681
290 0.816084 -1.200043
290 0.330443 1.117716
290 0.836716 -0.683739
290 0.354254 0.786597
290 0.006987 -0.126620
290 0.610006 -0.005257
290 0.241669 0.608011
290 0.124381 0.240969
290 0.258358 0.974020
290 0.827914 -0.959960
290 0.914001 -0.185158
290 0.961697 -0.044516
290 0.302830 0.954269
290 0.455929 0.423484
291 0.738738 -1.296006
291 0.210274 1.234043
291 0.902777 -0.543170
291 0.413693 0.021608
291 0.642297 -0.370289
291 0.120969 0.782050
291 0.253884 1.117940
291 0.700609 -0.650059
291 0.550355 0.138626
291 0.770477 -0.931426
291 0.563402 -0.202729
291 0.569331 -0.310617
291 0.858259 -0.880300
291 0.424690 -0.019305
291 0.895045 -0.548208
291 0.372215 1.133052
291 0.328594 1.055528
291 0.779421 -1.303189
291 0.011546 0.401741
291 0.172192 0.790018
291 0.071766 -0.191816
291 0.512105 0.229386
291 0.628071 -1.004233
291 0.010376 0.599366
291 0.161464 1.193552
291 0.302541 0.877661
291 0.294226 1.099446
291 0.097133 1.300291
291 0.172847 1.184787
291 0.847052 -0.748306
292 0.967346 -0.438212
292 0.630809 -1.124333
292 0.088206 0.374403
292 0.700886 -1.333360
292 0.194138 1.541887
292 0.286150 1.106103
292 0.378443 0.662961
292 0.776225 -0.469854
292 0.944081 -0.734846
292 0.924335 -0.498851
292 0.170684 1.478270
292 0.060413 0.327327
292 0.828533 -0.146666
292 0.288218 1.206988
292 0.582826 -0.105460
292 0.978627 0.266584
292 0.186422 0.921747
292 0.374856 0.561283
292 0.867599 -0.773845
292 0.649981 -1.105025
292 0.937553 -0.402165
292 0.631719 -0.737643
292 0.303570 1.450657
292 0.805109 -0.762667
292 0.759264 -0.289521
292 0.933619 -1.052960
292 0.476167 -0.215925
292 0.502839 -0.124442
292 0.323823 1.342088
292 0.268758 0.960189
293 0.581641 -0.523158
293 0.784008 -1.333122
293 0.240122 0.669631
293 0.101880 0.634711
293 0.733120 -1.473337
293 0.952469 0.245925
293 0.636978 -0.443596
293 0.142583 1.328811
293 0.643385 -0.267469
293 0.116632 0.563397
293 0.303525 0.683181
293 0.031598 -0.606099
293 0.487502 -0.043421
293 0.321354 1.430867
293 0.097522 0.326763
293 0.309027 0.869033
293 0.647570 -0.966320
293 0.289082 1.082501
293 0.143072 1.168498
293 0.544797 -0.739532
293 0.753227 -1.404127
293 0.830141 -0.429892
293 0.472097 0.394342
293 0.711072 -1.048051
293 0.833328 -0.353918
293 0.672889 -1.294416
293 0.527271 0.108850
293 0.059939 0.347299
293 0.290034 1.150493
293 0.319815 0.189175
294 0.520496 0.145369
294 0.091801 1.161813
294 0.133969 1.149811
294 0.720351 -0.625381
294 0.981964 -0.018845
294 0.436055 0.257939
294 0.098039 0.561006
294 0.353045 0.929848
294 0.385010 0.284010
294 0.996595 -0.252205
294 0.686583 -1.349985
294 0.117866 0.745268
294 0.337077 0.878943
294 0.048559 0.104579
294 0.653061 -0.574020
294 0.672739 -1.197848
294 0.057497 0.146505
294 0.335520 1.093232
294 0.902838 -0.294620
294 0.826816 -1.124486
294 0.574213 -0.379964
294 0.484623 -0.137178
294 0.992852 -0.104100
294 0.722196 -0.941627
294 0.952635 -0.125118
294 0.071585 0.530038
294 0.212151 1.053805
294 0.031111 -0.129316
294 0.867918 -0.621380
294 0.694231 -0.773914
295 0.051010 0.892806
295 0.666720 -0.564639
295 0.204412 0.841108
295 0.860149 -0.115283
295 0.812344 -1.253105
295 0.527955 -0.616295
295 0.847131 -0.945812
295 0.670803 -1.106319
295 0.141260 0.666056
295 0.740773 -0.758893
295 0.995806 -0.036540
295 0.040977 0.252144
295 0.244919 1.017135
295 0.597741 -1.269940
295 0.415194 0.053411
295 0.637556 -0.876229
295 0.586404 -0.769495
295 0.787989 -1.041184
295 0.070903 0.852144
295 0.440616 0.342188
295 0.860054 -1.166948
295 0.362762 0.521406
295 0.503789 0.489369
295 0.021579 0.594916
295 0.224174 1.165626
295 0.463655 -0.242363
295 0.398968 0.685060
295 0.714655 -0.860332
295 0.611880 -0.638819
295 0.880283 -0.854255
296 0.644502 -0.763555
296 0.820583 -1.015057
296 0.076871 0.072223
296 0.844494 -0.944251
296 0.037585 0.446226
296 0.898826 -0.367919
296 0.975618 -0.073212
296 0.667455 -0.704358
296 0.984255 0.284150
296 0.821992 -0.876846
296 0.044366 0.685356
296 0.003811 -0.194051
296 0.020798 0.108322
296 0.451907 0.153350
296 0.623383 -0.462073
296 0.481472 -0.188192
296 0.677130 -0.993533
296 0.449603 -0.246512
296 0.042564 0.442573
296 0.226167 1.362846
296 0.992624 0.226886
296 0.345864 1.067806
296 0.324766 1.143494
296 0.152792 1.029112
296 0.987144 0.103628
296 0.230459 1.196146
296 0.646827 -0.993842
296 0.042047 0.201071
296 0.066472 0.426694
296 0.716752 -1.078970
297 0.367963 0.707896
297 0.353273 0.868172
297 0.406591 0.220499
297 0.685283 -1.125659
297 0.376018 1.237148
297 0.373831 0.672619
297 0.063465 0.137010
297 0.416642 0.364523
297 0.149478 1.128934
297 0.855589 -1.380649
297 0.334511 0.938697
297 0.960867 0.495258
297 0.684528 -0.307254
297 0.756152 -0.827292
297 0.947751 0.072509
297 0.238935 1.389632
297 0.567291 -0.448073
297 0.040726 0.530543
297 0.100759 1.128210
297 0.366587 0.364351
297 0.682502 -0.738413
297 0.831694 -0.762688
297 0.256404 1.030140
297 0.749077 -0.995593
297 0.224291 1.056483
297 0.006056 0.132711
297 0.054413 0.670850
297 0.585559 -0.369105
297 0.497148 -0.035441
297 0.270425 0.739800
298 0.962554 -0.307969
298 0.659862 -0.965381
298 0.417363 0.878705
298 0.542364 -0.613232
298 0.912826 -0.658631
298 0.672989 -0.625266
298 0.803179 -1.314278
298 0.301518 1.480669
298 0.744321 -1.064418
298 0.139431 1.030589
298 0.749776 -0.738268
298 0.881559 -0.723062
298 0.900232 -0.730307
298 0.116590 0.655883
298 0.829882 -0.662858
298 0.109937 0.341189
298 0.478397 -0.225658
298 0.682522 -0.466198
298 0.484249 -0.121652
298 0.339910 0.950857
298 0.683821 -0.975449
298 0.660879 -0.894633
298 0.582893 -0.068483
298 0.528429 -0.203225
298 0.705740 -1.068628
298 0.403037 0.491327
298 0.068768 0.267726
298 0.537455 -0.434195
298 0.723456 -1.135958
298 0.299160 1.451637
299 0.830592 -1.246217
299 0.646006 -0.883304
299 0.612717 -0.437633
299 0.246078 1.133132
299 0.615036 0.000643
299 0.454552 0.412212
299 0.995269 -0.127955
299 0.863068 -1.098085
299 0.525983 0.191600
299 0.808456 -0.935123
299 0.164505 0.407313
299 0.101400 0.601560
299 0.630651 -1.030483
299 0.726786 -1.117073
299 0.053056 0.329081
299 0.200963 0.681356
299 0.537268 -0.378315
299 0.062817 0.161285
299 0.424053 0.244098
299 0.482080 -0.190048
299 0.921810 -0.616588
299 0.315676 0.647649
299 0.168668 1.048221
299 0.007508 0.107398
299 0.121608 1.050292
299 0.750866 -0.433974
299 0.444922 0.542397
299 0.198725 1.083427
299 0.933028 -0.186389
299 0.787538 -0.832337
300 0.629982 -1.215872
300 0.378684 0.629139
300 0.080670 0.711462
300 0.066819 0.588207
300 0.251402 0.911981
300 0.299585 0.514833
300 0.927528 -0.246442
300 0.999938 0.125457
300 0.143674 1.038044
300 0.942768 -0.434131
300 0.706540 -1.468261
300 0.498608 0.168873
300 0.954687 -0.283624
300 0.713693 -0.556588
300 0.593655 -0.546451
300 0.209527 0.954199
300 0.244444 1.124567
300 0.911502 -0.706916
300 0.215039 0.782429
300 0.032306 0.172225
300 0.266227 0.718685
300 0.480556 0.053140
300 0.381965 1.257364
300 0.935803 -0.079722
300 0.418574 0.581997
300 0.889053 -0.176496
300 0.594663 -0.807799
300 0.524125 0.596132
300 0.160196 0.706835
300 0.271032 1.592423
301 0.490931 0.354350
301 0.346454 0.869199
301 0.055233 0.209576
301 0.064624 1.241615
301 0.090716 0.242135
301 0.183643 1.178703
301 0.970401 -0.085071
301 0.281404 0.961835
301 0.817047 -0.857021
301 0.019414 -0.031386
301 0.321815 1.028029
301 0.906192 -0.460824
301 0.185041 1.721152
301 0.284024 1.298483
301 0.826515 -0.731880
301 0.121392 0.863563
301 0.053183 0.879837
301 0.965977 -0.503278
301 0.404792 0.508345
301 0.657871 -1.409227
301 0.127116 0.884077
301 0.220177 1.236948
301 0.459981 -0.049873
301 0.675153 -0.460919
301 0.293248 0.747643
301 0.884634 -0.765777
301 0.781144 -0.945045
301 0.551558 0.159947
301 0.459211 -0.003972
301 0.619543 -0.595075
302 0.248758 1.418784
302 0.698319 -0.799320
302 0.826596 -0.945692
302 0.906785 -0.367740
302 0.293486 0.368720
302 0.931283 0.212634
302 0.607982 -0.545291
302 0.508407 0.602540
302 0.778393 -1.244933
302 0.238713 0.662193
302 0.812580 -0.813937
302 0.649963 -0.700119
302 0.799366 -0.850806
302 0.855722 -0.731618
302 0.617347 -0.860738
302 0.036735 -0.216837
302 0.297748 1.040279
302 0.878020 -1.078342
302 0.626957 -1.128848
302 0.890056 -0.751341
302 0.384529 0.792729
302 0.504727 0.566629
302 0.862592 -0.466251
302 0.762031 -0.567179
302 0.377501 0.892006
302 0.022630 0.251768
302 0.880340 0.068747
302 0.786357 -1.370878
302 0.449161 0.190058
302 0.546240 -0.387021
303 0.826436 -0.922320
303 0.744109 -0.194994
303 0.953792 -0.148406
303 0.654057 -0.601061
303 0.494881 -0.286150
303 0.675681 -1.261131
303 0.411824 0.764863
303 0.324887 0.806623
303 0.082246 0.846156
303 0.378009 0.736554
303 0.803195 0.122247
303 0.945436 -0.477856
303 0.975152 -0.038753
303 0.206526 0.724681
303 0.571432 -0.094278
303 0.575748 -0.296020
303 0.176048 0.635618
303 0.581628 -0.555879
303 0.362763 1.200883
303 0.942406 0.051488
303 0.255202 0.605147
303 0.834961 -0.970657
303 0.896856 -0.027234
303 0.735872 -1.016216
303 0.214677 1.060499
303 0.260369 1.335958
303 0.971118 -0.550126
303 0.075829 0.206716
303 0.117086 0.603976
303 0.978570 0.257143
304 0.447598 0.020352
304 0.444487 0.384784
304 0.506863 -0.413639
304 0.464506 0.005585
304 0.516114 -0.043139
304 0.027989 0.027171
304 0.054427 -0.056309
304 0.371144 0.325654
304 0.884942 -1.227390
304 0.790832 -0.824294
304 0.110154 0.817442
304 0.494831 0.210238
304 0.604587 -0.883609
304 0.481189 0.419702
304 0.697567 -0.734187
304 0.997263 -0.015007
304 0.096474 0.522671
304 0.515534 -0.292183
304 0.512371 -0.020005
304 0.562379 0.103195
304 0.166967 1.208326
304 0.638358 -0.840758
304 0.044341 0.436598
304 0.741123 -1.328874
304 0.663160 -0.635778
304 0.330424 0.625764
304 0.988989 0.137950
304 0.828778 0.010743
304 0.539536 -0.416867
304 0.990510 0.817251
305 0.434706 0.583962
305 0.576058 -0.335556
305 0.919244 -0.111014
305 0.483179 -0.383744
305 0.781121 -0.769864
305 0.548653 -0.004173
305 0.637207 -0.478358
305 0.932502 -0.533509
305 0.000704 0.160006
305 0.900940 -0.815695
305 0.497692 -0.073383
305 0.606764 -0.934510
305 0.450058 0.081071
305 0.260919 0.925359
305 0.066007 0.255667
305 0.945126 -0.565632
305 0.623876 -1.091975
305 0.873471 -0.125540
305 0.290808 0.817139
305 0.277999 1.083555
305 0.335784 0.330531
305 0.231038 1.400206
305 0.497971 0.062898
305 0.936242 -0.523139
305 0.876063 -0.832912
305 0.495100 0.291603
305 0.348762 -0.072366
305 0.611688 -0.892817
305 0.612258 -0.684017
305 0.683764 -0.953826
306 0.488426 0.376201
306 0.779976 -0.675296
306 0.323630 1.062969
306 0.094525 0.179317
306 0.677043 -0.926202
306 0.329016 0.475111
306 0.325593 0.845121
306 0.454715 0.474935
306 0.242734 1.296589
306 0.921703 -0.330499
306 0.846970 -0.442517
306 0.991088 0.021963
306 0.964549 -0.290977
306 0.314455 1.181207
306 0.380598 0.953746
306 0.698258 -1.104869
306 0.015846 0.213093
306 0.993889 -0.126682
306 0.010843 -0.534502
306 0.531486 -0.064512
306 0.668700 -1.260700
306 0.914146 -0.415184
306 0.644136 -1.247409
306 0.596969 -0.788171
306 0.300359 0.820277
306 0.590921 -0.180188
306 0.749702 -1.160053
306 0.515592 -0.420300
306 0.779635 -0.873411
306 0.069613 0.358486
307 0.078459 0.035549
307 0.407343 0.466462
307 0.769856 -0.958526
307 0.992236 -0.081611
307 0.011642 0.252402
307 0.264808 0.559423
307 0.464849 0.164479
307 0.222942 1.584014
307 0.026922 0.467031
307 0.539543 -0.061051
307 0.649399 -0.689585
307 0.416062 0.393657
307 0.369878 0.203272
307 0.985611 0.046850
307 0.477529 -0.593805
307 0.798069 -1.052402
307 0.287174 0.971748
307 0.830188 -1.009893
307 0.823700 -0.243271
307 0.267702 1.541124
307 0.655855 -0.520245
307 0.682015 -1.187743
307 0.442616 0.929220
307 0.773780 -0.803168
307 0.306885 0.654208
307 0.484272 0.108477
307 0.990152 0.225733
307 0.178676 0.721589
307 0.147783 0.842910
307 0.142199 0.874188
308 0.559888 -0.382709
308 0.779611 -1.404169
308 0.344186 1.051357
308 0.785214 -1.269945
308 0.679741 -1.068884
308 0.574830 -0.641694
308 0.992301 -0.198505
308 0.469780 0.082326
308 0.619247 -1.075142
308 0.509906 -0.272803
308 0.260511 1.303803
308 0.330365 0.865131
308 0.978786 -0.095304
308 0.392110 -0.042524
308 0.679406 -0.618897
308 0.567097 -0.614863
308 0.889805 -0.301176
308 0.757690 -0.952550
308 0.080651 0.316720
308 0.355442 0.285113
308 0.711914 -0.319049
308 0.161357 1.089839
308 0.503439 0.237315
308 0.317769 1.456355
308 0.064754 0.462956
308 0.997146 0.387789
308 0.929365 -0.572961
308 0.747526 -0.778606
308 0.201026 0.764000
308 0.988526 -0.223187
309 0.893348 -0.734066
309 0.954286 -0.608837
309 0.447581 -0.080308
309 0.089127 0.305818
309 0.231264 0.616346
309 0.657616 -0.357491
309 0.405784 0.107385
309 0.685009 -0.873109
309 0.666735 -0.735529
309 0.605368 -0.507483
309 0.157833 0.970539
309 0.285915 1.258566
309 0.377862 0.560503
309 0.824418 -0.866396
309 0.682223 -0.998754
309 0.644934 -0.399144
309 0.672137 -0.252737
309 0.503202 -0.378298
309 0.039632 -0.362882
309 0.201121 1.123948
309 0.140302 1.092834
309 0.063997 0.978448
309 0.319477 1.127589
309 0.787730 -0.553297
309 0.115132 1.159951
309 0.111423 1.083719
309 0.124264 0.968178
309 0.269822 0.607592
309 0.202207 0.952742
309 0.013961 0.177619
310 0.533259 -0.068719
310 0.502108 0.011502
310 0.095818 0.654999
310 0.745882 -0.897806
310 0.235859 0.775692
310 0.054525 0.238352
310 0.803159 -1.086999
310 0.865132 0.003864
310 0.240695 1.304352
310 0.687546 -0.873624
310 0.004951 0.440896
310 0.721150 -0.611709
310 0.464820 -0.194913
310 0.792483 -1.031441
310 0.393034 0.617723
310 0.351076 0.988484
310 0.840785 -0.908873
310 0.038647 0.210886
310 0.187165 0.784667
310 0.412129 0.839166
310 0.596338 -1.002020
310 0.005113 -0.096089
310 0.575148 -1.007920
310 0.378493 0.382529
310 0.630002 -0.633824
310 0.906974 -0.450937
310 0.440872 0.269067
310 0.554579 0.000950
310 0.462790 0.637887
310 0.118522 0.656980
311 0.518076 0.343447
311 0.290374 0.943941
311 0.524301 -0.216229
311 0.112446 0.691326
311 0.731203 -1.716606
311 0.618338 -0.592766
311 0.600709 -0.375251
311 0.437844 0.424037
311 0.294244 1.065010
311 0.065381 0.386299
311 0.947033 -0.925802
311 0.416554 0.999392
311 0.495922 -0.084727
311 0.375767 0.518361
311 0.987877 0.331300
311 0.796172 -0.664603
311 0.095760 0.647947
311 0.608175 -0.397736
311 0.484635 -0.250103
311 0.793352 -0.987399
311 0.997316 0.371572
311 0.744307 -1.202503
311 0.864929 -1.049907
311 0.502636 0.007023
311 0.373598 0.743925
311 0.643280 -0.589212
311 0.749418 -1.413439
311 0.227534 0.225241
311 0.503387 0.255087
311 0.113791 0.330700
312 0.668657 -0.697593
312 0.999676 0.378344
312 0.131057 0.535471
312 0.701061 -1.171384
312 0.526955 -0.397802
312 0.410617 0.028948
312 0.749859 -0.398655
312 0.554836 -0.472436
312 0.797811 -1.212753
312 0.743854 -1.337287
312 0.985119 -0.209754
312 0.810866 -1.136323
312 0.066800 0.838923
312 0.779579 -1.357400
312 0.649703 -1.269480
312 0.089790 0.700249
312 0.605489 -0.647495
312 0.750804 -1.066871
312 0.197195 1.113353
312 0.434912 0.438671
312 0.542486 -0.277835
312 0.413153 0.097304
312 0.876005 -1.203057
312 0.168903 0.662837
312 0.771556 -1.316152
312 0.778091 -0.903702
312 0.448030 -0.218849
312 0.539478 -0.379660
312 0.153562 0.770047
312 0.195158 0.929319
313 0.410765 0.348507
313 0.724948 -1.261596
313 0.292895 0.810510
313 0.871531 -0.459823
313 0.653967 -1.276313
313 0.346505 1.010443
313 0.539873 -0.460381
313 0.259448 0.935148
313 0.984981 -0.138102
313 0.435604 0.327437
313 0.896774 -0.690199
313 0.978020 -0.270970
313 0.535792 -0.394427
313 0.729996 -0.596179
313 0.572247 -0.430995
313 0.091568 0.506333
313 0.952418 -0.487928
313 0.456636 0.146720
313 0.894063 -0.809899
313 0.655605 -0.599609
313 0.105191 0.387775
313 0.417053 -0.175977
313 0.195848 0.960165
313 0.169860 0.792065
313 0.715089 -1.151775
313 0.030020 0.460972
313 0.966141 -1.031200
313 0.449923 0.782348
313 0.489758 0.380713
313 0.299429 0.763743
314 0.914650 -0.406810
314 0.406267 0.539153
314 0.800025 -1.075660
314 0.089773 0.734062
314 0.082734 0.436590
314 0.355957 0.512503
314 0.609785 -0.716332
314 0.009321 0.304721
314 0.515175 -0.402258
314 0.975647 -0.089636
314 0.858445 -0.793330
314 0.232471 0.765698
314 0.528069 -0.263454
314 0.171409 0.409032
314 0.263260 1.029423
314 0.923001 -0.874566
314 0.997778 0.307771
314 0.242561 0.971316
314 0.212068 0.800188
314 0.383859 1.014839
314 0.445856 0.024115
314 0.089249 0.307530
314 0.147709 0.251697
314 0.424827 0.847809
314 0.235421 1.557667
314 0.844935 -1.329389
314 0.751547 -1.244685
314 0.536338 -0.205398
314 0.432629 0.256065
314 0.830988 -0.882694
315 0.789187 -1.317866
315 0.542306 -0.454002
315 0.931553 -1.057675
315 0.537239 -0.186460
315 0.214679 1.169731
315 0.698477 -1.714671
315 0.700983 -0.896461
315 0.065533 0.581480
315 0.693651 -0.773804
315 0.212528 0.613653
315 0.254521 1.231533
315 0.031415 0.198896
315 0.627372 -0.540256
315 0.731729 -1.031175
315 0.230492 1.106808
315 0.792539 -0.631722
315 0.762031 -1.058351
315 0.409766 0.622298
315 0.068225 0.790593
315 0.280185 0.942099
315 0.165429 0.524493
315 0.958818 -0.053062
315 0.817744 -0.480307
315 0.078376 0.859425
315 0.513460 0.130025
315 0.266886 0.291129
315 0.032118 0.009686
315 0.322301 0.723196
315 0.127585 0.731960
315 0.222732 1.491838
316 0.196914 1.139770
316 0.493448 0.082574
316 0.438802 0.660612
316 0.798194 -1.067691
316 0.311788 0.787795
316 0.940315 -0.701479
316 0.282810 0.857102
316 0.331299 1.462114
316 0.949313 -0.230454
316 0.840483 -1.018358
316 0.316968 0.610931
316 0.395285 0.131933
316 0.842260 -1.085751
316 0.086089 0.742679
316 0.294676 0.832750
316 0.531556 -0.484428
316 0.828904 -1.134058
316 0.564617 -0.200092
316 0.489779 0.039798
316 0.962118 -0.423943
316 0.116410 0.575417
316 0.780066 -0.320445
316 0.127035 1.081976
316 0.732827 -0.553597
316 0.543090 -0.793076
316 0.264646 0.950438
316 0.543337 -0.462379
316 0.879416 -0.524065
316 0.472184 0.491829
316 0.006579 0.139250
317 0.185871 1.161678
317 0.423942 0.636529
317 0.791301 -1.063547
317 0.606590 -0.653820
317 0.783249 -0.688936
317 0.509817 -0.353606
317 0.380143 0.365675
317 0.742540 -1.118101
317 0.093755 0.752472
317 0.978607 -0.393794
317 0.948374 -0.386343
317 0.880369 -0.714860
317 0.884278 -0.968268
317 0.511056 -0.801342
317 0.497946 -0.295047
317 0.820082 -0.826341
317 0.283257 1.124091
317 0.849914 -0.661026
317 0.200880 1.135623
317 0.879107 -0.876544
317 0.541085 -0.507471
317 0.843211 -0.720829
317 0.493143 -0.020453
317 0.608432 -0.357679
317 0.926786 -0.329551
317 0.418212 0.876713
317 0.220286 0.842962
317 0.090980 0.861278
317 0.589979 0.074687
317 0.611085 -0.626540
318 0.187211 0.934306
318 0.374212 0.644380
318 0.255108 1.342654
318 0.808476 -1.065563
318 0.720703 -0.792592
318 0.835198 -1.071670
318 0.171082 1.123834
318 0.309969 1.241039
318 0.768551 -0.667862
318 0.163548 1.297369
318 0.145605 0.880213
318 0.383059 1.041795
318 0.186437 1.408557
318 0.078903 0.139085
318 0.312775 0.742247
318 0.875600 -1.153148
318 0.056533 0.666128
318 0.566105 -0.856071
318 0.563004 -0.919559
318 0.530841 -0.521784
318 0.505509 -0.556099
318 0.017236 0.189736
318 0.047451 -0.031616
318 0.511207 -0.577442
318 0.968309 -0.210368
318 0.407976 0.551655
318 0.472327 -0.387934
318 0.982063 -0.326573
318 0.779113 -1.005707
318 0.770110 -1.099075
319 0.780871 -1.580209
319 0.733851 -0.786835
319 0.865440 -0.833224
319 0.157713 0.379981
319 0.602585 -0.591792
319 0.781028 -0.806683
319 0.515749 -0.158993
319 0.130804 0.767217
319 0.098926 0.593749
319 0.605897 -0.829391
319 0.497608 0.031309
319 0.929560 -0.207713
319 0.833841 -0.554034
319 0.723749 -0.749210
319 0.982397 -0.312908
319 0.694611 -0.749186
319 0.092363 0.687942
319 0.077563 0.255367
319 0.815869 -1.054866
319 0.360704 0.971596
319 0.924284 -0.044923
319 0.118247 0.132977
319 0.198787 1.440692
319 0.773167 -0.640176
319 0.847474 -0.758506
319 0.867196 -0.813129
319 0.099139 0.700531
319 0.381802 0.484079
319 0.646386 -0.848772
319 0.918796 -0.930879
320 0.104985 0.420502
320 0.353277 1.042526
320 0.630471 -0.736206
320 0.759832 -0.592910
320 0.879659 -0.815020
320 0.961942 -0.718217
320 0.529364 -0.112201
320 0.880207 -0.759364
320 0.262078 0.451344
320 0.559652 -0.682703
320 0.539385 -0.466085
320 0.768694 -0.526495
320 0.773123 -0.777231
320 0.285343 0.871124
320 0.885861 -0.515981
320 0.891493 -1.242006
320 0.948242 -0.488978
320 0.457644 0.383297
320 0.987414 -0.029383
320 0.784911 -1.137845
320 0.653187 -0.832118
320 0.432258 0.514332
320 0.842431 -0.838852
320 0.764138 -0.737756
320 0.585558 -0.416447
320 0.997146 0.135440
320 0.249461 1.514061
320 0.641754 -0.529240
320 0.321127 1.424076
320 0.457843 0.060218
321 0.600071 -0.433675
321 0.686274 -0.995603
321 0.646463 -0.582375
321 0.874271 -0.681825
321 0.568767 -0.019350
321 0.401284 0.626599
321 0.766089 -0.597716
321 0.259240 0.436219
321 0.759592 -0.860419
321 0.279984 0.862948
321 0.480381 -0.134756
321 0.739193 -0.650145
321 0.627659 -0.452096
321 0.085689 -0.089180
321 0.446560 0.544150
321 0.811856 -0.747177
321 0.996765 -0.237246
321 0.466798 -0.043487
321 0.085926 0.036867
321 0.366186 0.643904
321 0.489923 0.010027
321 0.073429 0.684270
321 0.864259 -0.672368
321 0.538791 -0.559298
321 0.416116 0.574658
321 0.397185 0.525791
321 0.028309 -0.103516
321 0.518876 -0.595173
321 0.475576 0.340299
321 0.345885 0.957861
322 0.419932 0.475069
322 0.851036 -1.165185
322 0.530521 -1.000946
322 0.117114 1.055768
322 0.114873 0.475766
322 0.131131 0.173680
322 0.780765 -0.849987
322 0.601896 -0.471746
322 0.299766 1.181877
322 0.162073 1.185951
322 0.123464 0.424552
322 0.741388 -1.261031
322 0.885863 -0.752848
322 0.531078 0.052459
322 0.772710 -1.620628
322 0.283128 1.016876
322 0.585664 -0.232990
322 0.438039 0.646810
322 0.087694 0.736107
322 0.487367 0.398194
322 0.846787 -1.644873
322 0.051783 0.803690
322 0.477106 0.242473
322 0.873263 -0.314386
322 0.790072 -1.320861
322 0.493450 -0.485005
322 0.171345 1.416259
322 0.848526 -1.092382
322 0.153135 0.727181
322 0.276821 1.144071
323 0.940216 -0.082081
323 0.470303 0.201582
323 0.148889 0.700945
323 0.496901 0.165383
323 0.815224 -0.737085
323 0.859543 -0.505436
323 0.488546 -0.441810
323 0.732302 -1.048883
323 0.246953 0.680206
323 0.230547 1.160829
323 0.586260 -0.297825
323 0.421751 0.389759
323 0.161052 0.629072
323 0.761362 -0.818364
323 0.532147 -0.240590
323 0.520392 0.300162
323 0.189310 1.460057
323 0.241141 1.298664
323 0.692708 -0.866108
323 0.851903 -0.254258
323 0.177212 0.969447
323 0.812346 -1.068008
323 0.788095 -1.174092
323 0.814912 -1.129025
323 0.581744 -0.493237
323 0.351842 0.941086
323 0.771021 -1.415837
323 0.479945 -0.009004
323 0.221864 1.048270
323 0.402387 0.768675
324 0.629467 -0.953987
324 0.520538 -0.351354
324 0.948244 -0.292176
324 0.495599 0.172414
324 0.892388 -0.679477
324 0.036078 0.312486
324 0.657419 -0.658982
324 0.911662 -0.953135
324 0.899275 -0.693744
324 0.485054 -0.061832
324 0.472097 0.033385
324 0.810513 -0.806521
324 0.335016 0.709254
324 0.937161 -0.986171
324 0.250684 0.929035
324 0.074398 0.131294
324 0.771924 -0.841628
324 0.404724 0.805225
324 0.355777 0.134703
324 0.320910 0.670108
324 0.980442 -0.016564
324 0.571677 -0.857950
324 0.991914 0.184017
324 0.343581 1.146854
324 0.413969 0.466001
324 0.211763 0.739105
324 0.430364 -0.269462
324 0.062005 0.624018
324 0.000558 0.604266
324 0.453073 0.829290
325 0.545992 0.177853
325 0.339355 1.467253
325 0.796336 -0.438930
325 0.055416 0.443393
325 0.777444 -1.047698
325 0.646033 -1.342996
325 0.507218 -0.042073
325 0.872373 -0.562942
325 0.202246 0.968389
325 0.800774 -1.516009
325 0.187775 0.838552
325 0.990446 0.133607
325 0.032765 -0.103358
325 0.553197 -0.278352
325 0.168017 0.999724
325 0.407975 0.881916
325 0.147947 1.315148
325 0.193825 0.825007
325 0.060981 0.428973
325 0.008004 0.114787
325 0.719306 -0.786648
325 0.453461 0.449488
325 0.045592 0.710064
325 0.938970 -1.073524
325 0.665610 -0.737281
325 0.264273 1.142205
325 0.438695 0.305166
325 0.489267 -0.611815
325 0.569928 -0.443668
325 0.857450 -0.993794
326 0.498712 -0.243045
326 0.799194 -0.946228
326 0.934910 -0.746248
326 0.352160 0.804213
326 0.789992 -1.003532
326 0.194467 1.122178
326 0.903540 -0.036228
326 0.686250 -1.037514
326 0.152739 0.219095
326 0.739829 -1.058590
326 0.724058 -0.896950
326 0.742297 -0.938259
326 0.344877 0.780286
326 0.739800 -0.551633
326 0.826570 -0.845620
326 0.347129 0.788049
326 0.207958 0.732000
326 0.887880 -1.171644
326 0.620694 -0.588950
326 0.460387 0.319958
326 0.879744 -1.003518
326 0.136006 0.740963
326 0.810585 -0.971573
326 0.490821 -0.129710
326 0.042524 0.026027
326 0.972613 -0.049707
326 0.778067 -1.052234
326 0.214756 0.798283
326 0.923696 -0.719779
326 0.935346 -0.434150
327 0.682572 -1.570866
327 0.392436 0.461000
327 0.537360 0.095507
327 0.759860 -0.095150
327 0.246147 0.928060
327 0.195968 0.568789
327 0.805635 -1.093570
327 0.037024 0.250355
327 0.150597 0.610142
327 0.012357 -0.199885
327 0.555385 -0.469067
327 0.600086 -0.469548
327 0.531031 -0.244561
327 0.414269 0.248508
327 0.529029 -0.382404
327 0.193938 0.814442
327 0.826243 -1.187262
327 0.980773 -0.332657
327 0.540623 -0.059388
327 0.374356 0.640868
327 0.791783 -1.491783
327 0.193072 1.244193
327 0.320774 1.027763
327 0.939981 -0.783178
327 0.186294 0.811340
327 0.112116 0.409980
327 0.546354 -0.084077
327 0.587417 -0.633551
327 0.597150 -0.595037
327 0.164478 0.802310
328 0.076738 1.296529
328 0.059868 0.293126
328 0.118162 1.005489
328 0.669414 -0.992425
328 0.019358 0.392186
328 0.969626 -0.264205
328 0.380786 0.819348
328 0.336587 1.572663
328 0.474813 0.443151
328 0.517862 0.031059
328 0.420013 0.249269
328 0.486326 0.142280
328 0.339734 0.542822
328 0.322007 1.165478
328 0.027315 0.429349
328 0.671801 -0.935591
328 0.617272 -0.172893
328 0.668820 -0.415843
328 0.941055 -0.317059
328 0.473085 0.337962
328 0.881770 -0.852933
328 0.443943 0.263323
328 0.477614 -0.183210
328 0.632953 -0.885043
328 0.215901 0.945820
328 0.217356 0.480929
328 0.509832 0.111308
328 0.068610 0.724498
328 0.236658 0.994113
328 0.793412 -1.772202
329 0.932587 -0.692395
329 0.816710 -1.249842
329 0.319998 1.730740
329 0.455757 0.231749
329 0.247037 1.158793
329 0.923980 -0.801876
329 0.118745 0.966553
329 0.951954 -0.829415
329 0.813657 -1.214774
329 0.711578 -1.190413
329 0.773994 -0.922996
329 0.339347 0.608595
329 0.295887 1.415924
329 0.381421 0.828979
329 0.181613 0.702215
329 0.746360 -0.700453
329 0.475044 0.038177
329 0.885810 -0.834617
329 0.878382 -0.423180
329 0.155854 0.094237
329 0.218818 1.201314
329 0.410640 0.318498
329 0.118814 0.464716
329 0.689434 -0.341020
329 0.737596 -1.156328
329 0.721350 -0.697067
329 0.470210 0.269857
329 0.843216 -0.718431
329 0.605846 -0.692260
329 0.993612 -0.130942
330 0.482060 0.243957
330 0.731110 -0.554709
330 0.040148 0.517135
330 0.318107 1.313949
330 0.673222 -1.101421
330 0.230606 1.003537
330 0.450411 0.076863
330 0.931947 -0.342851
330 0.826752 -0.787120
330 0.557997 -0.068440
330 0.576716 -0.069525
330 0.887006 -0.445112
330 0.863059 -1.016171
330 0.088297 0.121109
330 0.465577 0.370607
330 0.190854 1.381894
330 0.083220 0.491944
330 0.292396 0.506512
330 0.610644 -0.015109
330 0.794370 -0.814569
330 0.912476 -0.471283
330 0.422956 0.115004
330 0.422323 0.473777
330 0.153253 1.026925
330 0.194841 1.091449
330 0.102495 0.396428
330 0.975901 -0.167963
330 0.127597 0.533750
330 0.756642 -0.499881
330 0.317764 1.179181
331 0.946327 -0.385837
331 0.612321 -0.416525
331 0.906469 -0.738297
331 0.027852 0.201342
331 0.033173 -0.033455
331 0.074574 0.548282
331 0.804393 -0.701017
331 0.137956 0.613826
331 0.176585 0.730181
331 0.585400 -0.404157
331 0.957446 -0.511706
331 0.567112 -0.864677
331 0.732596 -0.888068
331 0.187734 0.892133
331 0.914174 -0.552159
331 0.055877 0.500236
331 0.282819 1.177039
331 0.453724 0.238379
331 0.226172 0.652013
331 0.663761 -1.048329
331 0.678792 -0.726081
331 0.211858 1.012341
331 0.008591 -0.110973
331 0.074317 0.214848
331 0.000428 0.188035
331 0.905394 -0.626531
331 0.621666 -0.466324
331 0.138435 1.028010
331 0.092513 0.455239
331 0.817595 -0.626264
332 0.757487 -1.023822
332 0.402958 0.165300
332 0.858934 -0.811340
332 0.618154 -0.760782
332 0.570230 -0.574453
332 0.313018 1.025754
332 0.663105 -1.218961
332 0.139695 0.808506
332 0.524899 0.039660
332 0.116110 1.092449
332 0.445147 0.430982
332 0.616271 -0.354346
332 0.155503 0.695686
332 0.222120 0.893409
332 0.813258 -0.517693
332 0.255713 0.587881
332 0.095556 0.444028
332 0.330690 1.212743
332 0.935140 -0.459674
332 0.693783 -1.023943
332 0.575434 -0.536020
332 0.840420 -0.807767
332 0.660187 -0.519133
332 0.811145 -0.649834
332 0.657157 -0.831185
332 0.864258 -0.425470
332 0.624008 -0.600149
332 0.264875 1.253372
332 0.041118 -0.053022
332 0.105320 1.136062
333 0.293550 0.214130
333 0.490335 0.056748
333 0.826661 -1.210752
333 0.875534 -0.922045
333 0.222045 1.239644
333 0.337648 0.543410
333 0.836917 -1.134656
333 0.089635 0.589563
333 0.116897 0.931913
333 0.479581 0.007130
333 0.790144 -0.528193
333 0.335976 0.474003
333 0.069432 -0.013670
333 0.967868 -0.662311
333 0.938911 -0.870131
333 0.651901 -0.715017
333 0.681876 -1.203121
333 0.933695 -0.827715
333 0.643863 -0.671819
333 0.788412 -0.723831
333 0.463516 0.542492
333 0.228003 1.253049
333 0.832532 -1.143962
333 0.684382 -0.833378
333 0.289562 1.118325
333 0.623276 -0.841869
333 0.816484 -0.864586
333 0.270345 0.616355
333 0.768152 -1.181783
333 0.072343 0.550591
334 0.338285 0.822813
334 0.678190 -1.097853
334 0.613871 -0.382131
334 0.510948 0.021031
334 0.878406 -0.619614
334 0.246050 0.648806
334 0.797467 -0.805403
334 0.689508 -1.226297
334 0.281268 0.783197
334 0.421686 0.062841
334 0.069014 0.373204
334 0.597577 -0.256057
334 0.887891 -0.579570
334 0.117818 0.541945
334 0.131998 0.770250
334 0.474567 0.190206
334 0.281230 1.000630
334 0.276929 1.038920
334 0.638670 -1.077159
334 0.410256 0.566428
334 0.844648 -1.354898
334 0.428906 0.604675
334 0.615275 -0.993434
334 0.397891 0.951731
334 0.256023 0.265713
334 0.471332 0.681481
334 0.720480 -1.474615
334 0.952809 -0.652164
334 0.042167 0.351570
334 0.531827 -0.013030
335 0.105509 0.318571
335 0.606202 -0.047042
335 0.421648 0.013587
335 0.195051 0.932975
335 0.528304 0.378544
335 0.785523 -0.983773
335 0.855818 -0.382965
335 0.751721 -0.804199
335 0.885511 -0.661059
335 0.604185 -0.648048
335 0.837074 -1.489832
335 0.417187 0.401432
335 0.852479 -0.730100
335 0.895813 -0.539363
335 0.686408 -0.181475
335 0.431046 0.504109
335 0.281674 1.169306
335 0.325179 1.239983
335 0.132355 0.901168
335 0.047162 0.266194
335 0.414418 0.487829
335 0.042669 0.159699
335 0.880588 -0.548586
335 0.649958 -0.859958
335 0.843667 -0.644277
335 0.444417 0.039458
335 0.223953 1.030692
335 0.290279 1.433766
335 0.854733 -0.858569
335 0.121893 1.246070
336 0.899515 -0.432320
336 0.396039 0.909973
336 0.642263 -0.887062
336 0.833963 -0.631338
336 0.621088 -0.543781
336 0.226064 1.385434
336 0.121960 0.676854
336 0.590877 -1.059442
336 0.727395 -1.010229
336 0.768737 -0.966543
336 0.693802 -0.782847
336 0.003454 -0.438103
336 0.773840 -1.082415
336 0.604623 -0.350601
336 0.988181 -0.105416
336 0.764587 -1.087523
336 0.430207 0.996499
336 0.676150 -1.215265
336 0.615936 -0.295764
336 0.337393 1.159365
336 0.533529 -0.276665
336 0.204381 0.949334
336 0.087830 0.513329
336 0.733024 -0.939733
336 0.384129 0.487046
336 0.755713 -1.127800
336 0.488337 -0.033352
336 0.809789 -1.027252
336 0.739609 -1.091096
336 0.764131 -1.668308
337 0.253539 1.585048
337 0.784198 -0.979934
337 0.604950 -0.585220
337 0.273096 0.767672
337 0.294357 1.025979
337 0.731638 -0.478823
337 0.284346 1.053115
337 0.047794 0.615292
337 0.873960 -0.703016
337 0.588949 -0.837982
337 0.758474 -1.203554
337 0.603224 -0.939391
337 0.516457 -0.037885
337 0.769982 -0.624962
337 0.032156 0.248976
337 0.311886 0.833013
337 0.627469 -0.954881
337 0.943975 -0.238158
337 0.393651 0.248144
337 0.975291 -0.494859
337 0.755282 -0.729400
337 0.484896 0.011436
337 0.429158 0.341322
337 0.129443 0.675847
337 0.615194 -0.444465
337 0.052354 0.372698
337 0.429074 0.208110
337 0.237709 0.784892
337 0.956286 -0.329755
337 0.363264 0.847946
338 0.626590 -0.333238
338 0.413104 0.419225
338 0.627588 -0.594686
338 0.252517 0.952222
338 0.561352 -0.895185
338 0.205587 1.483010
338 0.917423 -0.778706
338 0.509568 -0.034914
338 0.233840 0.679123
338 0.639633 -1.170140
338 0.090320 0.476039
338 0.434019 0.224744
338 0.865965 -1.096734
338 0.767859 -1.004341
338 0.703440 -1.402084
338 0.470603 0.221298
338 0.446879 0.289408
338 0.011310 -0.673121
338 0.600038 -0.744911
338 0.577008 -0.324674
338 0.005279 -0.285901
338 0.137044 0.912078
338 0.012436 0.207863
338 0.253179 0.694484
338 0.003853 0.020523
338 0.417369 0.743669
338 0.476393 -0.115144
338 0.437082 0.323367
338 0.199389 1.294935
338 0.523559 -0.404777
339 0.549404 -0.124457
339 0.808375 -1.141077
339 0.434928 0.295237
339 0.055660 -0.460489
339 0.870536 -0.761601
339 0.526593 0.074499
339 0.808403 -1.004675
339 0.392082 0.450267
339 0.588552 -0.617448
339 0.331093 1.237587
339 0.409575 0.521770
339 0.147398 1.356675
339 0.741604 -1.169829
339 0.280284 1.047120
339 0.301731 0.817619
339 0.354189 1.415614
339 0.432126 0.467566
339 0.576164 0.177929
339 0.682807 -1.038233
339 0.675690 -0.434691
339 0.423681 0.496761
339 0.481891 0.364536
339 0.140321 0.405882
339 0.521506 -0.030192
339 0.877057 -1.018646
339 0.460450 0.323080
339 0.938014 -0.835217
339 0.155784 0.801613
339 0.736909 -0.667936
339 0.707989 -0.801097
340 0.496148 -0.165853
340 0.959063 -0.691870
340 0.531794 -0.369300
340 0.237209 1.191572
340 0.935850 -0.393419
340 0.244157 1.150678
340 0.751180 -1.148797
340 0.109531 0.906006
340 0.852090 -0.953739
340 0.180575 0.273791
340 0.394179 0.711960
340 0.965620 0.015878
340 0.579395 -0.646189
340 0.263996 1.355898
340 0.000627 -0.251267
340 0.006789 0.243863
340 0.274588 1.511523
340 0.526855 -0.156915
340 0.484891 0.026844
340 0.921882 -0.503061
340 0.764094 -0.507593
340 0.924736 -0.334635
340 0.511778 0.569324
340 0.446666 0.412644
340 0.566088 -0.599553
340 0.372146 0.544620
340 0.210811 0.988321
340 0.836661 -1.467781
340 0.680532 -1.048741
340 0.325658 0.753282
341 0.637511 -0.792257
341 0.370375 0.533694
341 0.381209 0.317303
341 0.722728 -0.756243
341 0.602154 -0.086342
341 0.518377 0.204159
341 0.886317 -0.555569
341 0.108114 0.435789
341 0.469768 0.102740
341 0.239067 1.314748
341 0.036808 -0.455232
341 0.979034 -0.240333
341 0.734027 -0.774733
341 0.216186 0.636030
341 0.402434 0.702360
341 0.226024 1.101771
341 0.684855 -1.353693
341 0.350447 0.833456
341 0.919863 -0.667744
341 0.207555 1.089479
341 0.349826 1.010595
341 0.931814 -0.295754
341 0.884681 -0.641037
341 0.293170 1.050099
341 0.483069 -0.246637
341 0.883705 -0.676619
341 0.670635 -1.117165
341 0.637280 -0.450045
341 0.660559 -0.641232
341 0.920981 -0.272222
342 0.747115 -1.481390
342 0.669888 -0.949696
342 0.834275 -1.342701
342 0.558122 -0.674004
342 0.350688 1.195768
342 0.466847 0.520140
342 0.440235 0.712148
342 0.332506 0.433915
342 0.415468 0.191191
342 0.384987 0.763336
342 0.111140 0.857523
342 0.830552 -1.114484
342 0.756466 -1.172851
342 0.337539 0.513109
342 0.945132 0.159516
342 0.949363 -0.455310
342 0.856720 -0.774099
342 0.029373 0.208602
342 0.371218 1.055395
342 0.457337 -0.020877
342 0.718716 -0.630266
342 0.634812 -1.132947
342 0.678379 -0.550726
342 0.767213 -1.508747
342 0.948435 -0.349718
342 0.551508 0.169615
342 0.904042 -0.357872
342 0.814819 -0.791833
342 0.337924 0.536720
342 0.813670 -1.141481
343 0.582958 -0.284601
343 0.396385 0.475643
343 0.298431 1.285135
343 0.382446 0.423840
343 0.534823 -0.225739
343 0.358577 0.647413
343 0.136616 0.982180
343 0.913687 -0.660030
343 0.732406 -0.766351
343 0.066270 0.582796
343 0.905700 -0.671015
343 0.170465 1.426626
343 0.097730 0.352618
343 0.173217 0.463160
343 0.933034 -0.151625
343 0.221294 0.338956
343 0.786992 -0.525565
343 0.643038 -0.752014
343 0.518223 -0.542344
343 0.365594 0.463100
343 0.092934 0.061074
343 0.710655 -0.854733
343 0.394781 0.215917
343 0.534986 -0.067432
343 0.051762 0.228079
343 0.775938 -1.129359
343 0.692272 -0.782132
343 0.529300 0.003992
343 0.496307 0.366940
343 0.337031 0.664043
344 0.505136 -0.049040
344 0.490469 0.430242
344 0.018339 -0.278495
344 0.445105 0.948259
344 0.028964 0.171131
344 0.404861 0.736870
344 0.647000 -0.759443
344 0.125904 0.193307
344 0.916773 -0.816396
344 0.630511 -0.888448
344 0.217599 1.277464
344 0.394088 0.202130
344 0.096907 0.315233
344 0.022063 0.187639
344 0.915861 -0.362518
344 0.675184 -0.758715
344 0.779646 -1.277903
344 0.622173 -1.173833
344 0.906766 -0.391156
344 0.895919 -0.178398
344 0.058159 0.253752
344 0.189470 0.585139
344 0.395790 0.480014
344 0.341090 0.958859
344 0.525573 -0.229929
344 0.266532 1.416768
344 0.797459 -0.678377
344 0.007494 0.102369
344 0.791513 -1.552472
344 0.393370 0.413287
345 0.204304 0.744541
345 0.745944 -1.212182
345 0.641943 -0.784192
345 0.280942 1.341939
345 0.967099 -0.175265
345 0.810339 -0.490023
345 0.126802 1.054434
345 0.162563 0.784213
345 0.544048 -0.744398
345 0.102380 0.531814
345 0.964338 -0.064256
345 0.638023 -0.744570
345 0.066174 0.594234
345 0.443486 0.606700
345 0.221968 1.143787
345 0.490451 -0.022635
345 0.247025 1.155790
345 0.831796 -0.200169
345 0.721099 -1.430522
345 0.906578 -0.407668
345 0.197958 1.496614
345 0.385392 0.307084
345 0.805467 -0.639554
345 0.373847 1.052628
345 0.379088 0.245657
345 0.986038 0.126098
345 0.770863 -1.072815
345 0.860818 -0.785363
345 0.406973 0.454302
345 0.585919 -0.120194
346 0.760559 -0.660604
346 0.234291 1.112279
346 0.734530 -0.597341
346 0.406319 0.791169
346 0.059391 -0.272636
346 0.394814 1.252006
346 0.131254 0.336583
346 0.853699 -1.118663
346 0.840294 -0.608773
346 0.287469 1.108268
346 0.611922 -0.622583
346 0.363760 0.584420
346 0.154226 1.223595
346 0.649407 -0.818620
346 0.760107 -1.467730
346 0.774723 -0.618269
346 0.149221 0.871914
346 0.512579 0.255551
346 0.023899 0.321365
346 0.090169 1.254213
346 0.081051 0.394540
346 0.057191 0.356485
346 0.333769 1.080602
346 0.357680 0.688587
346 0.697870 -0.706045
346 0.329880 -0.007553
346 0.140396 0.750261
346 0.946876 -0.358524
346 0.875476 -0.746752
346 0.124226 0.440580
347 0.224341 0.228323
347 0.946441 -0.083134
347 0.407919 0.902095
347 0.877835 -1.010009
347 0.777830 -1.138316
347 0.861530 -0.628899
347 0.016922 0.111962
347 0.477391 0.281487
347 0.259434 0.912071
347 0.274021 1.547611
347 0.269840 0.791318
347 0.389314 1.448213
347 0.410705 0.904661
347 0.634040 -0.496475
347 0.300365 0.638203
347 0.272777 1.262682
347 0.360608 0.949253
347 0.686514 -1.557375
347 0.000171 -0.420305
347 0.746928 -0.892525
347 0.338969 0.807792
347 0.576240 -0.615861
347 0.761522 -0.673696
347 0.510835 -0.333161
347 0.647151 -0.934939
347 0.919941 -0.676189
347 0.029866 0.339607
347 0.349529 0.294916
347 0.926854 -0.592881
347 0.837430 -1.369700
348 0.526642 -0.709469
348 0.303309 1.271280
348 0.435320 0.431204
348 0.829267 -0.673061
348 0.300480 0.828337
348 0.889557 -1.187581
348 0.991429 -0.737498
348 0.306767 0.653751
348 0.122738 0.852174
348 0.957174 0.123521
348 0.171065 0.970103
348 0.771464 -1.306588
348 0.039113 0.008054
348 0.235565 1.404125
348 0.260155 0.604731
348 0.297235 1.586813
348 0.919304 0.077229
348 0.175310 1.532305
348 0.173639 1.001302
348 0.691675 -1.036056
348 0.952317 -0.188235
348 0.389284 0.913458
348 0.773129 -1.184692
348 0.031036 -0.136590
348 0.824064 -0.978843
348 0.723397 -1.217755
348 0.896616 -0.232588
348 0.637454 -0.945148
348 0.941337 -0.331611
348 0.389857 0.933026
349 0.800821 -0.955946
349 0.758752 -0.643581
349 0.524915 -0.252651
349 0.190355 1.016300
349 0.862879 -0.921280
349 0.744595 -0.709481
349 0.832821 -1.079806
349 0.235788 0.980605
349 0.554375 -0.131299
349 0.415959 0.818301
349 0.639671 -1.015542
349 0.752608 -0.773924
349 0.173715 0.592718
349 0.174038 0.243148
349 0.043607 0.046156
349 0.157185 1.085117
349 0.240173 0.994429
349 0.072519 0.279545
349 0.355691 0.804130
349 0.675166 -0.884760
349 0.793073 -0.777031
349 0.345816 0.340674
349 0.083825 0.471967
349 0.759372 -0.960983
349 0.391184 0.222065
349 0.251428 0.586235
349 0.470691 0.073702
349 0.969864 -0.185662
349 0.372640 0.721128
349 0.959453 -0.418921
350 0.671961 -1.086774
350 0.528163 -0.037283
350 0.278401 1.403278
350 0.359473 0.961321
350 0.825955 -0.334044
350 0.057505 0.520094
350 0.768549 -0.837429
350 0.827821 -0.679033
350 0.705967 -0.515520
350 0.054505 0.707079
350 0.742655 -1.324399
350 0.723164 -0.745643
350 0.013094 0.161785
350 0.892283 -0.684515
350 0.132196 0.206465
350 0.960782 -0.705975
350 0.070771 0.320815
350 0.238049 0.557805
350 0.690242 -1.033463
350 0.137241 0.973652
350 0.184968 0.743387
350 0.011172 0.095175
350 0.826480 -1.207732
350 0.037617 0.323792
350 0.632573 -0.587499
350 0.582307 -0.921287
350 0.511240 -0.296132
350 0.375158 0.326255
350 0.299563 1.104667
350 0.956948 -0.218018
351 0.754435 -0.855646
351 0.020212 0.122556
351 0.274733 0.611791
351 0.538074 -0.536578
351 0.437764 0.537907
351 0.620228 -0.919556
351 0.381348 0.056745
351 0.390585 0.750682
351 0.348657 0.552198
351 0.887270 -0.461178
351 0.017297 0.047977
351 0.939642 -0.445159
351 0.358222 0.793259
351 0.364883 0.409050
351 0.725893 -1.236186
351 0.388277 0.567752
351 0.616645 -1.012331
351 0.903631 -0.355033
351 0.846198 -0.915040
351 0.515367 -0.531233
351 0.716652 -1.145837
351 0.392435 0.655923
351 0.776044 -1.120468
351 0.170183 0.996806
351 0.045632 0.455012
351 0.540733 0.467364
351 0.215339 1.321572
351 0.728726 -1.481991
351 0.101324 0.486423
351 0.008495 -0.026641
352 0.790810 -0.876110
352 0.217153 1.220315
352 0.315665 1.079691
352 0.455680 0.426444
352 0.716306 -1.537559
352 0.163584 1.256187
352 0.902402 -1.045723
352 0.321527 0.854875
352 0.982663 0.076845
352 0.285413 1.082927
352 0.725653 -1.371673
352 0.376669 0.370155
352 0.836588 -0.769500
352 0.462407 0.387270
352 0.870532 -1.058838
352 0.753939 -0.881916
352 0.586029 -0.969176
352 0.249990 1.187317
352 0.259868 0.732926
352 0.991422 -0.029716
352 0.925388 -0.478036
352 0.138418 1.112338
352 0.204065 1.031276
352 0.106814 0.442144
352 0.201338 1.061498
352 0.290238 1.610935
352 0.837627 -0.630186
352 0.095182 0.545280
352 0.882121 -0.924858
352 0.971930 -0.360403
353 0.073165 0.256348
353 0.119353 0.380495
353 0.000293 0.259836
353 0.359200 0.725750
353 0.023384 0.332717
353 0.435022 -0.008623
353 0.597542 -0.111163
353 0.595880 -0.296235
353 0.555298 -0.364815
353 0.226171 1.129100
353 0.519189 0.102026
353 0.979836 -0.527450
353 0.444618 0.844345
353 0.874492 -0.564383
353 0.381405 0.466853
353 0.623044 -1.027343
353 0.481839 0.409991
353 0.688622 -0.863208
353 0.897378 -0.456254
353 0.440901 0.370856
353 0.757399 -1.299743
353 0.882540 -0.520243
353 0.789545 -1.028551
353 0.024556 0.147171
353 0.000190 0.714292
353 0.882960 -0.410153
353 0.729313 -0.713535
353 0.958132 0.556116
353 0.292482 1.079959
353 0.787968 -0.935767
354 0.670793 -1.029087
354 0.047815 0.246071
354 0.835909 -0.558109
354 0.471188 -0.062416
354 0.098320 0.306299
354 0.300751 0.879270
354 0.501968 0.371008
354 0.013695 0.569159
354 0.252419 0.970250
354 0.335924 0.644137
354 0.463791 0.544783
354 0.001982 -0.488338
354 0.565443 -0.325415
354 0.197634 0.933183
354 0.597251 -0.185574
354 0.239150 1.416183
354 0.402718 0.291123
354 0.623630 -0.650691
354 0.656573 -1.003775
354 0.030596 0.103058
354 0.535075 -0.033384
354 0.816642 -1.014078
354 0.206423 1.020927
354 0.531989 0.087542
354 0.447615 0.777784
354 0.849935 -0.722653
354 0.438763 0.410669
354 0.943841 -0.677771
354 0.652428 -0.342152
354 0.561383 -0.227481
355 0.265975 1.105828
355 0.768739 -1.048885
355 0.272050 1.144050
355 0.703750 -1.124043
355 0.583489 -0.821616
355 0.854894 -0.890230
355 0.033337 0.595381
355 0.979747 -0.496632
355 0.964251 -0.587691
355 0.022388 0.317596
355 0.499509 -0.121441
355 0.401426 0.726161
355 0.254163 1.296615
355 0.977826 -0.000414
355 0.174600 0.700190
355 0.263554 1.381256
355 0.008223 0.274280
355 0.580223 -0.474933
355 0.860799 -0.773780
355 0.621913 -0.581061
355 0.651607 -0.908507
355 0.066320 -0.084613
355 0.714807 -0.750604
355 0.409004 0.748321
355 0.473712 -0.525900
355 0.585016 -0.355923
355 0.975364 0.372772
355 0.748183 -1.338226
355 0.683927 -0.937044
355 0.431893 0.360392
356 0.579494 -0.337576
356 0.565645 0.310450
356 0.738146 -1.098106
356 0.653480 -0.864056
356 0.366243 0.550756
356 0.318489 0.598982
356 0.250819 0.863049
356 0.575145 -0.255274
356 0.299888 1.172513
356 0.120418 0.775165
356 0.782697 -1.067700
356 0.209132 0.819200
356 0.164877 0.585299
356 0.849001 -0.979757
356 0.702128 -1.343642
356 0.766157 -0.587494
356 0.350361 1.358829
356 0.617436 -1.253475
356 0.932194 -0.326485
356 0.282697 1.060778
356 0.068962 0.482512
356 0.170878 0.701128
356 0.897466 -0.293835
356 0.281531 1.103582
356 0.491253 0.365168
356 0.534569 -0.436753
356 0.960014 -0.663562
356 0.301479 1.078615
356 0.521391 -0.422884
356 0.958124 0.056293
357 0.863699 -0.969502
357 0.557460 -0.456483
357 0.061461 0.956093
357 0.265779 1.089340
357 0.802906 -0.890970
357 0.552892 -0.584233
357 0.329074 0.851656
357 0.583302 -0.284916
357 0.268570 0.997654
357 0.241010 0.842592
357 0.828393 -0.967342
357 0.400068 0.944989
357 0.273989 1.188996
357 0.409176 0.700401
357 0.920633 -0.345998
357 0.180789 0.552017
357 0.185229 1.000031
357 0.353765 1.115290
357 0.060439 0.292410
357 0.074921 0.746778
357 0.010979 0.232494
357 0.146187 1.043006
357 0.640387 -0.756781
357 0.196426 1.209854
357 0.377790 0.255199
357 0.705585 -0.951370
357 0.031823 0.412526
357 0.209059 1.055986
357 0.995888 0.302855
357 0.596962 -0.619365
358 0.029782 0.254311
358 0.734087 -0.882228
358 0.260581 1.291607
358 0.541168 -0.089307
358 0.792328 -0.966668
358 0.591114 -1.167800
358 0.455613 0.429407
358 0.336112 0.583586
358 0.045105 0.253755
358 0.913021 -0.408391
358 0.591931 -0.146125
358 0.631536 -0.182842
358 0.440512 0.088763
358 0.372712 0.322439
358 0.046655 0.386675
358 0.168992 0.945965
358 0.425549 0.090354
358 0.241705 0.993661
358 0.044442 0.454885
358 0.546014 -0.654149
358 0.464114 -0.074801
358 0.421373 0.280928
358 0.784229 -1.040640
358 0.599528 -0.377191
358 0.001415 -0.089053
358 0.761910 -0.980606
358 0.482588 0.783041
358 0.516814 -0.392342
358 0.889573 -0.835388
358 0.109220 0.837065
359 0.838149 -0.828978
359 0.817193 -0.682011
359 0.620394 -0.680303
359 0.993193 -0.362626
359 0.357903 0.923384
359 0.116295 0.977940
359 0.132560 1.403795
359 0.435692 0.825707
359 0.804950 -1.242595
359 0.452846 0.549385
359 0.611383 -0.567139
359 0.358022 0.432747
359 0.714831 -0.890546
359 0.153142 1.396064
359 0.520116 0.232705
359 0.185130 0.614043
359 0.468592 0.200178
359 0.430494 0.570471
359 0.604562 -1.129702
359 0.509545 -0.568570
359 0.975741 -0.105445
359 0.900312 -0.535898
359 0.294078 0.410248
359 0.121177 0.806310
359 0.064752 0.721805
359 0.197994 0.881595
359 0.222107 1.002626
359 0.888681 -0.472362
359 0.924841 -0.323172
359 0.230470 0.491894
360 0.692589 -1.273979
360 0.307928 0.659527
360 0.746913 -1.043978
360 0.354103 1.355634
360 0.585489 -0.703688
360 0.837623 -1.372126
360 0.023205 -0.275296
360 0.240340 1.277743
360 0.561168 -0.781358
360 0.106102 0.974755
360 0.205602 0.982279
360 0.749089 -1.009665
360 0.025823 0.250731
360 0.610037 -0.877878
360 0.034157 0.254333
360 0.115924 0.307732
360 0.390341 1.040440
360 0.964769 -0.527750
360 0.545848 -0.152437
360 0.312224 0.614116
360 0.411326 0.368810
360 0.568772 -0.530936
360 0.619417 0.212534
360 0.267903 0.989346
360 0.197294 0.699207
360 0.495309 -0.103899
360 0.644851 -1.240984
360 0.816580 -0.962603
360 0.592795 0.004753
360 0.692434 -0.834486
361 0.308056 1.118543
361 0.442949 0.643301
361 0.772880 -0.973387
361 0.538570 -0.019857
361 0.187618 0.913915
361 0.174839 0.884482
361 0.301232 0.984550
361 0.303013 0.825993
361 0.136675 0.908341
361 0.834661 -0.711272
361 0.282627 1.224736
361 0.802247 -0.754718
361 0.973450 0.433968
361 0.331961 1.186092
361 0.970231 -0.248131
361 0.191201 1.068449
361 0.647453 -0.375699
361 0.991180 -0.340380
361 0.808372 -0.329221
361 0.229701 0.759485
361 0.257333 1.269021
361 0.262431 0.998932
361 0.942993 -0.365857
361 0.245412 0.608711
361 0.509615 0.211872
361 0.349889 0.422918
361 0.361269 0.332574
361 0.408218 0.893158
361 0.345045 1.363803
361 0.599928 -0.787591
362 0.463231 -0.080871
362 0.918332 -0.522257
362 0.016960 0.002438
362 0.725176 -0.991318
362 0.260422 1.488402
362 0.219060 1.041107
362 0.703790 -0.806811
362 0.747873 -1.187349
362 0.559015 -0.295388
362 0.202255 0.872899
362 0.006308 0.048522
362 0.737278 -0.802123
362 0.599614 -0.735894
362 0.422546 0.348259
362 0.213582 0.828010
362 0.761934 -1.148906
362 0.070895 0.482833
362 0.642702 -0.890420
362 0.688398 -0.476638
362 0.223257 1.789665
362 0.483325 -0.065802
362 0.520199 -0.038375
362 0.591282 -0.231208
362 0.901188 -0.661455
362 0.546415 -0.585836
362 0.067318 0.931926
362 0.344972 1.033027
362 0.628327 -0.626125
362 0.333141 1.301787
362 0.767940 -0.762584
363 0.379864 1.328834
363 0.821699 -1.130674
363 0.182851 0.242789
363 0.084417 0.293501
363 0.228407 0.388314
363 0.932135 -0.699001
363 0.829121 -1.136554
363 0.285787 0.985410
363 0.206114 0.347344
363 0.156842 1.192316
363 0.221203 0.420945
363 0.205044 0.922045
363 0.888188 -0.743402
363 0.019986 0.372850
363 0.880123 -0.578523
363 0.041425 0.613412
363 0.826835 -0.994150
363 0.425747 0.310378
363 0.077206 0.590131
363 0.799005 -0.644209
363 0.256440 1.246702
363 0.878028 -0.596982
363 0.752258 -0.930101
363 0.981770 -0.125176
363 0.831873 -0.747598
363 0.240961 1.608868
363 0.409215 0.467212
363 0.696630 -1.053648
363 0.316065 0.782760
363 0.546504 -0.171239
364 0.996165 0.619531
364 0.651106 -1.001541
364 0.984724 -0.451471
364 0.577007 -0.468443
364 0.283309 0.866037
364 0.872305 -1.458582
364 0.067191 0.214030
364 0.102428 0.703134
364 0.947624 -0.340586
364 0.650185 -1.042639
364 0.928962 -0.418974
364 0.132887 0.778185
364 0.768261 -0.778903
364 0.234810 0.802999
364 0.343354 1.095006
364 0.898991 -0.920093
364 0.411255 0.378137
364 0.670537 -0.368228
364 0.887276 -0.957681
364 0.870874 -0.922829
364 0.008907 -0.319997
364 0.158215 0.590086
364 0.918622 -0.447816
364 0.562416 -0.170232
364 0.480200 0.118495
364 0.065258 0.301227
364 0.025052 -0.216074
364 0.953415 -0.506681
364 0.473851 -0.300250
364 0.786417 -0.752968
365 0.671972 -0.621149
365 0.254434 0.615515
365 0.847264 -0.609446
365 0.055064 0.033237
365 0.272299 0.938740
365 0.108152 0.970355
365 0.447039 0.350939
365 0.636927 -0.427315
365 0.530995 0.196258
365 0.811262 -1.453908
365 0.567488 -1.064756
365 0.232667 1.342703
365 0.536422 0.133869
365 0.735490 -0.918868
365 0.502953 0.099109
365 0.441970 0.624505
365 0.529097 0.080515
365 0.548058 -0.388646
365 0.310557 1.215237
365 0.854226 -0.897067
365 0.207683 1.037926
365 0.032832 0.264837
365 0.741492 -1.256403
365 0.842314 -1.059345
365 0.642736 -0.111125
365 0.468945 -0.073678
365 0.975205 -0.044172
365 0.370760 0.899630
365 0.405898 0.541144
365 0.591113 -0.340270
366 0.187230 1.322758
366 0.743382 -0.416560
366 0.667021 -1.037444
366 0.079711 0.982568
366 0.344695 0.896338
366 0.027699 0.469072
366 0.090184 0.674116
366 0.283787 0.874571
366 0.243116 1.214914
366 0.900174 -0.441422
366 0.893789 -1.149360
366 0.577868 -0.507207
366 0.735036 -0.733862
366 0.999601 0.080721
366 0.410193 0.675645
366 0.522425 -0.365864
366 0.651150 -0.736380
366 0.920558 -0.507580
366 0.797017 -1.017718
366 0.064422 0.190034
366 0.712950 -0.698568
366 0.251936 1.103567
366 0.254902 1.072890
366 0.547238 0.322767
366 0.696301 -0.801478
366 0.159228 1.201867
366 0.314511 1.000849
366 0.716121 -1.083378
366 0.152002 0.498605
366 0.849708 -0.737675
367 0.117942 0.940078
367 0.641503 -0.702505
367 0.840110 0.154284
367 0.786882 -1.063700
367 0.009938 0.523591
367 0.452205 0.786198
367 0.115347 0.823024
367 0.152825 0.830448
367 0.706288 -0.934068
367 0.956580 -0.266386
367 0.634097 -0.406359
367 0.102377 0.338011
367 0.243997 0.950993
367 0.378874 0.605030
367 0.125358 0.190835
367 0.847968 -0.558781
367 0.194505 1.258699
367 0.129551 0.536769
367 0.725685 -0.679312
367 0.126832 0.240103
367 0.410319 0.541317
367 0.515508 -0.135165
367 0.080229 0.509340
367 0.555788 -0.318630
367 0.480164 0.101198
367 0.668416 -0.987801
367 0.219146 0.948656
367 0.356629 1.192806
367 0.659655 -1.016781
367 0.035597 0.898402
368 0.808053 -0.999875
368 0.893873 -0.446346
368 0.946748 -0.768714
368 0.395011 0.549733
368 0.699343 -0.746466
368 0.290197 1.172596
368 0.649379 -0.978455
368 0.184226 0.609300
368 0.421451 0.537857
368 0.920237 -0.874187
368 0.810906 -0.542384
368 0.496506 0.069173
368 0.146845 0.588165
368 0.398572 0.278672
368 0.138679 0.575279
368 0.068528 -0.051189
368 0.906511 -0.405770
368 0.491431 -0.187042
368 0.089389 0.652481
368 0.716669 -0.816886
368 0.074182 0.739201
368 0.396165 0.682659
368 0.230291 1.329912
368 0.164630 1.275390
368 0.533549 -0.131774
368 0.719690 -0.886362
368 0.487190 -0.086840
368 0.820802 -1.198956
368 0.917387 -0.111453
368 0.807181 -0.754427
369 0.306166 0.645081
369 0.922049 -0.053578
369 0.353897 0.528426
369 0.272326 0.907333
369 0.311430 0.914707
369 0.358515 0.988311
369 0.316931 0.657321
369 0.843750 -0.538049
369 0.561153 -0.548749
369 0.967645 -0.250462
369 0.083956 0.996312
369 0.613980 -0.947260
369 0.096024 0.783666
369 0.458850 0.557065
369 0.382735 0.764889
369 0.680775 -0.942149
369 0.745445 -0.361879
369 0.238094 0.993049
369 0.193715 0.999338
369 0.419510 0.383489
369 0.241987 1.044058
369 0.676624 -0.606357
369 0.517698 -0.193560
369 0.826977 -1.517858
369 0.981272 0.036671
369 0.378108 0.369665
369 0.911997 -0.302629
369 0.777172 -0.985859
369 0.149123 1.088700
369 0.835928 -1.142261
370 0.736300 -1.033919
370 0.268287 1.006740
370 0.492549 0.074710
370 0.441047 0.228290
370 0.466863 -0.162180
370 0.566776 -0.177522
370 0.683297 -0.435389
370 0.143000 1.280155
370 0.288325 0.805166
370 0.772837 -1.209675
370 0.907745 -0.714018
370 0.044657 0.224170
370 0.073366 0.429078
370 0.933830 -0.703264
370 0.147941 0.357424
370 0.979289 -0.114781
370 0.828222 -1.940756
370 0.120704 0.657570
370 0.102525 0.317122
370 0.977297 0.091882
370 0.254823 1.313831
370 0.538667 0.080804
370 0.236236 0.892329
370 0.600675 -0.931752
370 0.840029 -1.088610
370 0.656909 -0.747480
370 0.046617 -0.205028
370 0.595189 -0.145002
370 0.661017 -0.946922
370 0.200898 1.102837
371 0.099618 0.349227
371 0.562163 -0.505625
371 0.472518 0.508027
371 0.118903 0.818720
371 0.268270 1.184976
371 0.787203 -0.980536
371 0.255604 1.246235
371 0.425719 0.187904
371 0.161308 0.628890
371 0.169847 0.998119
371 0.756346 -1.082949
371 0.066674 0.402626
371 0.285026 0.926640
371 0.980844 0.255968
371 0.475893 0.542557
371 0.606213 -0.806763
371 0.640790 -1.301627
371 0.196139 0.729831
371 0.369342 0.462704
371 0.400707 0.833712
371 0.230683 1.268793
371 0.233984 0.685619
371 0.607869 -0.853403
371 0.108476 0.186311
371 0.129145 0.765596
371 0.573302 -0.457934
371 0.449338 0.549706
371 0.611933 -0.497598
371 0.026960 0.351644
371 0.704916 -1.422746
372 0.695945 -0.490179
372 0.481065 -0.671722
372 0.043848 0.330740
372 0.742477 -1.069376
372 0.044697 0.325402
372 0.409304 0.197523
372 0.462284 0.339966
372 0.503027 0.042788
372 0.139091 1.595163
372 0.747790 -0.960910
372 0.849372 -0.406859
372 0.697901 -1.396503
372 0.951071 0.003416
372 0.257501 1.066772
372 0.160730 0.927699
372 0.067295 0.495412
372 0.721520 -0.472130
372 0.162107 0.927880
372 0.938181 -0.613961
372 0.598350 -0.764150
372 0.804136 -0.697568
372 0.434698 0.533123
372 0.734846 -1.454612
372 0.443651 0.501092
372 0.538764 -0.565862
372 0.773582 -0.857566
372 0.238154 0.755565
372 0.884510 -0.748065
372 0.716299 -1.141107
372 0.746540 -0.544090
373 0.159062 1.163138
373 0.243162 0.678002
373 0.479921 -0.300692
373 0.385312 0.896343
373 0.239578 0.424151
373 0.191889 0.910474
373 0.860897 -0.551549
373 0.590859 -0.484029
373 0.377393 0.564409
373 0.845780 -0.720374
373 0.825160 -0.579456
373 0.110887 0.609425
373 0.567286 -1.081968
373 0.305613 1.283889
373 0.540835 -0.133688
373 0.717999 -0.989776
373 0.008508 -0.540682
373 0.513568 -0.174637
373 0.291732 0.703176
373 0.534011 -0.576958
373 0.109842 0.595725
373 0.817566 -1.072022
373 0.543668 -0.411977
373 0.211063 1.192111
373 0.769685 -0.915689
373 0.037782 0.086516
373 0.592823 -0.737434
373 0.501762 -0.147526
373 0.039645 0.172296
373 0.249705 1.175213
374 0.243093 0.434640
374 0.494265 -0.185775
374 0.334622 0.942251
374 0.622627 -0.584775
374 0.758809 -1.012701
374 0.348508 1.374697
374 0.143913 1.256790
374 0.355741 0.581996
374 0.758155 -0.515865
374 0.787082 -0.444320
374 0.785551 -1.012326
374 0.974572 -0.145466
374 0.824783 -0.906842
374 0.968573 -0.389681
374 0.626792 -0.878725
374 0.229348 1.387390
374 0.608196 -0.497438
374 0.197834 0.780506
374 0.085326 0.233006
374 0.301325 0.721019
374 0.362776 0.710124
374 0.708888 -0.692871
374 0.363077 0.500023
374 0.003148 0.290291
374 0.916941 -0.439418
374 0.589404 -0.489810
374 0.210758 1.277496
374 0.252288 1.252904
374 0.124140 0.281921
374 0.906547 -0.879223
375 0.262415 0.742245
375 0.532857 -0.460278
375 0.571644 -0.178758
375 0.771682 -1.329836
375 0.466087 0.246459
375 0.786638 -0.509098
375 0.069244 -0.113975
375 0.921343 -0.353701
375 0.185509 1.282543
375 0.836577 -0.863427
375 0.494632 -0.244405
375 0.104717 0.532721
375 0.359802 0.519748
375 0.918331 -0.470171
375 0.834714 -0.944667
375 0.722316 -1.138888
375 0.379846 0.825097
375 0.588791 -0.055662
375 0.232122 1.092044
375 0.647844 -0.397879
375 0.260940 1.471286
375 0.829007 -1.055288
375 0.704498 -0.876952
375 0.386090 0.528677
375 0.659482 -1.287228
375 0.325136 0.997346
375 0.155653 0.513735
375 0.235184 1.140961
375 0.271688 0.523966
375 0.226617 1.040524
376 0.081954 0.359699
376 0.062822 0.503572
376 0.814660 -0.594174
376 0.151946 1.047052
376 0.824002 -0.691027
376 0.265266 1.313721
376 0.541272 -0.113917
376 0.261917 0.354243
376 0.050084 0.742179
376 0.542279 -0.513832
376 0.367120 0.835322
376 0.435110 0.450815
376 0.601559 -0.581483
376 0.313661 0.589252
376 0.563805 -0.971856
376 0.657773 -1.137462
376 0.089545 0.781282
376 0.350097 0.374674
376 0.089947 0.271463
376 0.006934 0.168965
376 0.051230 0.008131
376 0.592215 -0.710439
376 0.084305 0.529826
376 0.868502 -0.650588
376 0.759444 -1.312408
376 0.008818 0.097661
376 0.573245 -0.324483
376 0.010252 -0.317590
376 0.109195 0.697971
376 0.988249 -0.288740
377 0.386495 0.272895
377 0.674595 -0.853230
377 0.509589 -0.129697
377 0.718732 -1.223471
377 0.726862 -0.952895
377 0.031055 0.256617
377 0.901712 -0.792016
377 0.824215 -1.048873
377 0.271068 1.056236
377 0.484525 -0.209244
377 0.308150 0.752783
377 0.906642 -0.393339
377 0.382819 0.664378
377 0.396053 0.464504
377 0.911912 -0.796566
377 0.600694 -0.895270
377 0.137870 0.722386
377 0.626017 -0.103866
377 0.794448 -0.791520
377 0.337841 0.451659
377 0.527006 0.043297
377 0.626842 -0.942907
377 0.510417 -0.066861
377 0.999125 -0.182159
377 0.506793 0.564159
377 0.643373 -1.124081
377 0.793589 -0.868645
377 0.136583 0.551055
377 0.043910 0.494058
377 0.972990 -0.080860
378 0.319400 0.930270
378 0.703234 -0.933004
378 0.557220 -0.762078
378 0.843211 -0.699272
378 0.775901 -0.668842
378 0.284136 1.099286
378 0.149455 0.738244
378 0.807657 -0.128383
378 0.032793 -0.072785
378 0.679039 -0.670204
378 0.475914 0.223740
378 0.075299 1.059359
378 0.688561 -0.810386
378 0.482874 0.287744
378 0.860101 -0.618392
378 0.208632 0.648913
378 0.002300 -0.246216
378 0.130487 0.648359
378 0.269610 1.279634
378 0.652244 -0.747296
378 0.362643 0.697801
378 0.118247 1.088136
378 0.981573 -0.710248
378 0.108227 0.240057
378 0.355120 0.040711
378 0.876604 -0.337450
378 0.652615 -0.847584
378 0.319798 1.195254
378 0.970347 -0.218018
378 0.501099 0.300053
379 0.782504 -1.372205
379 0.650061 -0.909400
379 0.787719 -0.805020
379 0.154986 1.365720
379 0.971703 -0.763764
379 0.211333 1.079002
379 0.266780 0.714785
379 0.512330 0.074927
379 0.005196 0.208988
379 0.442448 0.283833
379 0.195725 1.131894
379 0.749018 -0.658012
379 0.757753 -1.048185
379 0.615735 -1.065916
379 0.421685 0.900120
379 0.310234 1.177843
379 0.827462 -0.714750
379 0.507094 -0.251846
379 0.496467 0.317829
379 0.113433 1.266622
379 0.218383 0.943940
379 0.360489 0.796898
379 0.698853 -1.268362
379 0.845271 -1.041985
379 0.992860 -0.367216
379 0.427432 0.479569
379 0.453204 0.187574
379 0.766061 -0.883073
379 0.321227 0.633947
379 0.540518 -0.302108
380 0.201615 0.747229
380 0.456931 0.407404
380 0.969646 0.284327
380 0.290867 1.036357
380 0.272008 1.226469
380 0.130784 0.200148
380 0.481180 0.297112
380 0.288530 1.126010
380 0.687124 -1.320836
380 0.135125 0.461330
380 0.247312 1.181058
380 0.061851 0.288100
380 0.041471 0.591212
380 0.814143 -0.826661
380 0.905878 -0.540575
380 0.763889 -1.047329
380 0.865163 -0.661627
380 0.086596 0.758528
380 0.898134 -0.437073
380 0.466040 0.084860
380 0.768644 -0.621316
380 0.615757 -0.467565
380 0.349870 0.925068
380 0.264799 1.023189
380 0.118130 0.825951
380 0.412651 -0.027815
380 0.494103 0.109438
380 0.983115 0.386163
380 0.037290 0.298161
380 0.590149 -0.511575
381 0.814115 -1.349881
381 0.916766 -0.686164
381 0.513096 -0.440967
381 0.122061 1.012655
381 0.978517 -0.132576
381 0.395029 0.785872
381 0.318995 1.047758
381 0.119991 0.622474
381 0.012630 0.375710
381 0.603673 -0.470655
381 0.612431 -0.744638
381 0.234241 0.489929
381 0.161987 1.007148
381 0.528009 -0.553469
381 0.435407 0.508885
381 0.303654 0.967378
381 0.218233 0.572035
381 0.859306 -0.695767
381 0.983828 -0.044041
381 0.355582 0.846394
381 0.698131 -0.903263
381 0.865547 -0.943549
381 0.026937 0.345925
381 0.908065 -0.752350
381 0.499149 -0.317030
381 0.556749 -0.146668
381 0.539873 0.033010
381 0.242927 1.180872
381 0.782241 -1.041709
381 0.732338 -1.575689
382 0.708299 -0.755345
382 0.723006 -0.560552
382 0.615901 -0.264276
382 0.977677 -0.159695
382 0.299806 0.668117
382 0.782988 -1.226728
382 0.415078 0.599441
382 0.155420 0.875896
382 0.739372 -0.920393
382 0.829402 -1.038644
382 0.863599 -0.324732
382 0.921878 -0.913183
382 0.744912 -1.176629
382 0.527619 -0.495795
382 0.938695 -0.438425
382 0.209566 1.341871
382 0.077310 0.380547
382 0.431626 0.446958
382 0.582219 -0.294649
382 0.679989 -1.005394
382 0.815422 -0.801910
382 0.026757 0.242553
382 0.802046 -1.286248
382 0.600129 -0.727734
382 0.952948 -0.184975
382 0.347897 1.201369
382 0.616978 -0.286207
382 0.766548 -0.365953
382 0.516395 0.042804
382 0.155908 0.706278
383 0.629655 -1.265669
383 0.136543 0.769417
383 0.707648 -0.594605
383 0.902996 -0.335218
383 0.521681 0.213085
383 0.952106 -0.053250
383 0.438095 0.133147
383 0.857567 -0.550242
383 0.773648 -0.961131
383 0.088430 0.314550
383 0.912653 -0.467875
383 0.910428 -0.550454
383 0.351416 1.228554
383 0.793439 -1.117447
383 0.224637 0.818844
383 0.030393 -0.019785
383 0.207937 1.534333
383 0.483988 -0.092368
383 0.057768 0.744098
383 0.160006 0.534932
383 0.950438 -0.154411
383 0.493841 0.117442
383 0.823101 -0.526351
383 0.206623 1.289602
383 0.088522 0.552528
383 0.780548 -1.142759
383 0.348834 1.300791
383 0.459804 0.058796
383 0.992129 -0.729752
383 0.316531 0.356323
384 0.849660 -0.656150
384 0.681384 -0.739181
384 0.861790 -0.872176
384 0.742688 -0.775331
384 0.674400 -0.463051
384 0.134699 0.722258
384 0.482828 0.200587
384 0.433093 0.345761
384 0.540695 -0.290811
384 0.391143 0.682744
384 0.620437 -0.175568
384 0.392456 0.900042
384 0.557618 -0.106612
384 0.394875 0.477403
384 0.901767 -0.848218
384 0.373416 0.830971
384 0.730933 -0.619708
384 0.613735 -0.138308
384 0.385524 -0.076950
384 0.807631 -0.201236
384 0.927567 -0.314464
384 0.760484 -0.725152
384 0.948588 -0.839425
384 0.436307 0.318528
384 0.913740 -0.268985
384 0.876223 -1.054077
384 0.762387 -1.863466
384 0.835201 -0.759448
384 0.730134 -1.007154
384 0.512308 0.355142
385 0.392875 0.506049
385 0.278897 0.297732
385 0.538805 -0.309072
385 0.069681 0.482994
385 0.041914 0.305572
385 0.452237 0.345403
385 0.218079 0.828017
385 0.007217 -0.051791
385 0.679370 -1.241039
385 0.816156 -1.513829
385 0.147879 0.769173
385 0.563902 -0.614369
385 0.983985 0.223495
385 0.268756 0.338469
385 0.730815 -0.905438
385 0.162103 1.487779
385 0.932093 -0.468698
385 0.000434 0.001900
385 0.294730 1.088669
385 0.976433 0.003818
385 0.670690 -1.000940
385 0.211846 0.668913
385 0.791366 -0.770597
385 0.898086 -1.169892
385 0.487271 0.329561
385 0.156024 0.713139
385 0.258593 0.999468
385 0.943114 -0.507545
385 0.161103 1.277285
385 0.311907 1.000003
386 0.915747 -0.369810
386 0.784538 -0.754396
386 0.401927 0.005599
386 0.854866 -1.128837
386 0.464182 0.389619
386 0.684575 -0.853266
386 0.333135 1.159727
386 0.194714 0.477065
386 0.313470 0.778983
386 0.875164 -0.795293
386 0.989771 -0.014257
386 0.263917 1.006943
386 0.165363 1.002625
386 0.071083 0.397529
386 0.753820 -0.588011
386 0.528000 0.332338
386 0.556100 -0.680603
386 0.045206 0.293770
386 0.081057 0.726961
386 0.914623 -0.335481
386 0.576731 -0.586006
386 0.219207 1.057801
386 0.207461 0.489456
386 0.240903 0.992624
386 0.063758 -0.048118
386 0.049763 0.459996
386 0.719985 -1.317057
386 0.263757 1.045177
386 0.384465 0.759588
386 0.537363 -0.209849
387 0.298002 0.986802
387 0.264367 1.260979
387 0.236223 0.760698
387 0.788619 -1.346608
387 0.251298 0.866796
387 0.150965 0.757816
387 0.851826 -0.739491
387 0.382941 0.166241
387 0.184034 1.058946
387 0.751208 -1.268243
387 0.657174 -1.028907
387 0.945300 0.015148
387 0.877796 -1.349537
387 0.694315 -0.842664
387 0.160991 0.943267
387 0.483181 -0.140157
387 0.118789 0.544878
387 0.549398 0.060895
387 0.916784 0.089513
387 0.003823 0.343436
387 0.876015 -0.136822
387 0.539318 -0.451937
387 0.151250 0.339581
387 0.855866 -0.802596
387 0.536896 0.011702
387 0.448166 -0.236468
387 0.499718 -0.276166
387 0.147372 0.554581
387 0.112738 0.757554
387 0.661556 -0.781242
388 0.799373 -1.311826
388 0.027260 0.123927
388 0.623942 -0.713735
388 0.158380 0.923133
388 0.862839 -0.663584
388 0.390687 0.417737
388 0.812122 -0.695692
388 0.723820 -0.829585
388 0.877835 -0.911773
388 0.516860 -0.448545
388 0.486113 -0.107302
388 0.037431 -0.208473
388 0.533814 -0.148463
388 0.521976 0.217425
388 0.606395 -0.193344
388 0.131022 0.406545
388 0.539968 -0.012453
388 0.454032 0.310175
388 0.595976 -1.285927
388 0.660550 -0.945894
388 0.361423 0.631677
388 0.504053 0.337782
388 0.395098 0.351135
388 0.765490 -0.826348
388 0.796424 -0.989886
388 0.292941 0.530079
388 0.259546 0.832546
388 0.678323 -0.440801
388 0.774016 -1.040648
388 0.010865 0.339977
389 0.848400 -0.477829
389 0.430407 0.373784
389 0.979953 -0.143598
389 0.462118 0.365285
389 0.349142 1.103420
389 0.387921 0.521858
389 0.874617 -0.827702
389 0.267755 0.876164
389 0.222103 1.309130
389 0.960547 -0.265798
389 0.734269 -1.082449
389 0.763781 -0.878985
389 0.740290 -0.448763
389 0.682907 -0.890169
389 0.091248 0.461597
389 0.753679 -0.416833
389 0.248922 1.398918
389 0.132405 1.094678
389 0.983003 -0.256798
389 0.027864 -0.005768
389 0.031636 -0.352777
389 0.309913 1.219454
389 0.844202 -0.806789
389 0.977944 -0.678404
389 0.118528 1.038329
389 0.395440 0.509516
389 0.734302 -1.059364
389 0.645528 -1.246076
389 0.233377 1.142210
389 0.329206 1.029230
390 0.502852 0.178472
390 0.048698 0.160621
390 0.239908 0.957874
390 0.615077 -0.502495
390 0.422392 0.659025
390 0.690699 -0.925159
390 0.839227 -0.738736
390 0.059535 0.473882
390 0.938613 -0.403881
390 0.042403 0.081716
390 0.981669 0.107854
390 0.637632 -0.673405
390 0.043300 -0.355576
390 0.393629 0.371941
390 0.258208 0.854469
390 0.798572 -1.014130
390 0.225455 1.349315
390 0.826213 0.073176
390 0.312341 0.186614
390 0.989144 0.023162
390 0.270409 1.012665
390 0.684961 -0.971804
390 0.800194 -0.787798
390 0.216459 1.022813
390 0.075756 0.349786
390 0.551247 -0.307689
390 0.677079 -0.729891
390 0.817276 -0.773540
390 0.272764 1.046378
390 0.872286 -0.894096
391 0.616384 -0.455619
391 0.794437 -0.513676
391 0.457039 0.064314
391 0.190408 1.185961
391 0.406635 0.222765
391 0.768324 -0.780602
391 0.108621 1.123982
391 0.560199 -0.219772
391 0.702213 -0.456717
391 0.415833 0.324910
391 0.601262 -0.634452
391 0.883477 -0.943165
391 0.212813 0.983264
391 0.135083 0.831359
391 0.060848 0.380886
391 0.726213 -1.131094
391 0.900531 -0.732298
391 0.690394 -0.827133
391 0.976453 -0.195198
391 0.708111 -1.311104
391 0.288495 0.401706
391 0.255589 0.820737
391 0.666669 -1.280715
391 0.675812 -1.143981
391 0.523812 -0.276051
391 0.526889 -0.211976
391 0.416641 0.300336
391 0.349921 1.466669
391 0.634053 -1.124492
391 0.747517 -0.637115
392 0.262781 1.569519
392 0.916694 -0.765176
392 0.422004 0.029034
392 0.272035 1.075946
392 0.997340 -0.037069
392 0.102209 1.044815
392 0.611543 -0.759020
392 0.788075 -1.082508
392 0.786739 -0.872907
392 0.441842 0.417195
392 0.043961 0.341728
392 0.841027 -0.759267
392 0.802737 -0.896216
392 0.237381 0.871913
392 0.340527 1.092351
392 0.512592 -0.187007
392 0.114144 0.898572
392 0.820565 -0.486982
392 0.922100 -0.673412
392 0.308194 1.655238
392 0.924029 -0.673199
392 0.800870 -1.160971
392 0.727825 -0.828312
392 0.969154 -0.060133
392 0.324650 0.913547
392 0.915643 -0.260086
392 0.098404 0.655430
392 0.478014 0.757425
392 0.552011 -0.336978
392 0.122811 0.440965
393 0.452326 0.249734
393 0.913714 -0.868262
393 0.276134 0.569120
393 0.400935 0.607466
393 0.707521 -0.557145
393 0.827020 -0.855232
393 0.349120 1.384694
393 0.631077 -0.782817
393 0.624186 -0.694115
393 0.303208 0.647334
393 0.118621 0.574033
393 0.682517 -1.268429
393 0.268068 0.529962
393 0.318282 0.557490
393 0.572355 -0.413539
393 0.160809 0.626029
393 0.241498 0.848612
393 0.446079 0.455314
393 0.878483 -1.156102
393 0.772256 -0.965928
393 0.317597 1.165575
393 0.302069 1.227327
393 0.987345 0.075540
393 0.653384 -0.836987
393 0.685534 -1.106204
393 0.055124 0.314765
393 0.104973 1.108810
393 0.294454 1.043166
393 0.842011 -0.869554
393 0.910669 -0.363163
394 0.878589 -0.512320
394 0.516577 -0.287972
394 0.012791 0.320614
394 0.693204 -1.016760
394 0.063157 0.439907
394 0.481102 -0.675092
394 0.192080 0.833306
394 0.241983 1.377794
394 0.979815 0.081918
394 0.113479 0.920078
394 0.757707 -0.982832
394 0.637445 -0.257300
394 0.195043 1.027503
394 0.935338 -0.593228
394 0.201416 1.210311
394 0.515585 0.179014
394 0.790522 -0.778885
394 0.763571 -1.117247
394 0.319708 0.990048
394 0.839272 -0.428771
394 0.962097 -0.092644
394 0.474020 -0.280814
394 0.652315 -1.006111
394 0.364514 0.549547
394 0.354083 0.567377
394 0.469716 -0.444251
394 0.197133 1.512509
394 0.689402 -1.191272
394 0.165575 0.621391
394 0.005181 -0.549965
395 0.080774 0.869809
395 0.506814 0.370730
395 0.034638 0.340545
395 0.772253 -0.963185
395 0.211018 1.354830
395 0.903388 -0.903451
395 0.476095 0.017385
395 0.457264 0.778559
395 0.360352 0.446720
395 0.516361 -0.112955
395 0.338028 1.040302
395 0.359925 0.795625
395 0.195613 1.287003
395 0.345214 1.284026
395 0.811715 -0.781856
395 0.245691 1.416652
395 0.821268 -1.180008
395 0.861313 -0.812491
395 0.666334 -0.143422
395 0.030684 0.774480
395 0.561034 -0.757236
395 0.833149 -0.870433
395 0.365783 0.787669
395 0.282822 1.103768
395 0.321377 1.283323
395 0.423076 1.016474
395 0.070169 0.437966
395 0.237685 1.333604
395 0.646935 -0.603090
395 0.472484 0.165687
396 0.124142 0.559372
396 0.312557 0.804747
396 0.796365 -0.341368
396 0.275147 1.452910
396 0.740070 -1.262888
396 0.471792 0.616932
396 0.884409 -1.000659
396 0.359149 0.643693
396 0.934571 -0.495691
396 0.407435 0.526088
396 0.726236 -0.802946
396 0.195195 0.973236
396 0.530789 -0.007833
396 0.310135 0.808912
396 0.012727 0.192145
396 0.437274 0.407686
396 0.172496 0.467256
396 0.958585 -0.112387
396 0.808589 -0.904187
396 0.739525 -1.212008
396 0.453332 0.161587
396 0.259105 0.878268
396 0.324363 0.819341
396 0.204364 1.486859
396 0.551889 0.306795
396 0.811276 -1.744606
396 0.187411 1.070117
396 0.004547 0.315054
396 0.125607 0.644973
396 0.460932 0.521440
397 0.221871 0.331334
397 0.831128 -0.678281
397 0.389665 0.506419
397 0.624078 -0.550184
397 0.677727 -0.943504
397 0.515241 -0.353755
397 0.165585 0.841167
397 0.697456 -1.078437
397 0.247242 1.092164
397 0.265365 0.729542
397 0.126791 0.377590
397 0.619942 -0.464658
397 0.117406 1.005226
397 0.345217 1.000331
397 0.889522 -0.834366
397 0.453066 0.068618
397 0.894505 -0.820110
397 0.492717 0.312863
397 0.178834 0.654168
397 0.758916 -0.733219
397 0.353447 0.987167
397 0.966411 0.161833
397 0.262129 1.316043
397 0.822147 -0.736203
397 0.493860 -0.402037
397 0.842132 -0.654035
397 0.183036 0.947427
397 0.633668 -0.856528
397 0.113186 1.061385
397 0.805516 -0.985179
398 0.408723 0.988544
398 0.237167 1.567923
398 0.557985 -0.343594
398 0.322789 0.791528
398 0.591364 -0.396766
398 0.478021 0.066194
398 0.928915 -0.954067
398 0.670017 -0.630570
398 0.682594 -0.981967
398 0.486467 -0.355277
398 0.303145 0.792280
398 0.313963 0.856824
398 0.503992 -0.021527
398 0.191911 0.941283
398 0.132427 1.150027
398 0.372365 0.332154
398 0.130475 0.685367
398 0.230762 0.729014
398 0.535024 0.158561
398 0.790095 -1.136871
398 0.224772 0.884314
398 0.791664 -0.651021
398 0.015542 0.494928
398 0.997023 0.423081
398 0.516939 -0.599164
398 0.475887 0.295800
398 0.650556 -0.730030
398 0.475176 0.139975
398 0.408022 0.566247
398 0.370983 1.110458
399 0.715500 -0.789938
399 0.914240 -0.908815
399 0.405279 1.272356
399 0.240413 0.690020
399 0.026318 -0.160340
399 0.495158 0.217959
399 0.039728 0.634619
399 0.004275 -0.070254
399 0.604708 -0.932898
399 0.164826 0.583471
399 0.559779 -0.675838
399 0.573523 -0.353247
399 0.723839 -1.007517
399 0.383129 0.797836
399 0.705156 -0.851105
399 0.365965 0.993379
399 0.097787 0.453497
399 0.309990 0.708338
399 0.007567 0.094417
399 0.462461 0.217185
399 0.740311 -0.922262
399 0.784748 -1.189775
399 0.232097 1.186345
399 0.105643 0.262583
399 0.185430 0.786709
399 0.983713 0.236557
399 0.312103 0.585437
399 0.429284 0.744916
399 0.075627 0.034765
399 0.789330 -1.445189
400 0.368467 0.980077
400 0.757506 -0.607548
400 0.301338 0.763039
400 0.715182 -0.967227
400 0.822423 -1.230111
400 0.360178 0.731081
400 0.477812 0.602243
400 0.322229 1.222340
400 0.423164 0.504740
400 0.580747 -1.293832
400 0.349640 0.613608
400 0.464133 0.254178
400 0.496224 -0.041049
400 0.024504 0.163186
400 0.163649 0.929167
400 0.541374 -0.417149
400 0.002651 0.014395
400 0.704194 -1.003701
400 0.905465 -0.770625
400 0.754569 -0.445687
400 0.314151 0.776922
400 0.449841 -0.366296
400 0.650717 -0.276676
400 0.680437 -1.159875
400 0.977497 0.129052
400 0.492981 -0.160178
400 0.249535 1.170779
400 0.362192 0.747218
400 0.922443 -0.168147
400 0.632710 -0.804628
401 0.913377 0.030129
401 0.470692 0.083099
401 0.167202 0.943445
401 0.732880 -1.361785
401 0.045885 -0.097076
401 0.113916 0.442306
401 0.941006 -0.169373
401 0.517622 -0.265457
401 0.266376 0.893974
401 0.480409 -0.100573
401 0.578178 -0.121952
401 0.638915 -0.505593
401 0.348222 0.670287
401 0.387403 0.855146
401 0.549763 -0.381173
401 0.626665 -0.815728
401 0.921356 -0.489181
401 0.392276 0.819310
401 0.874687 -0.976155
401 0.993218 0.108120
401 0.339003 1.597013
401 0.027284 0.225531
401 0.604371 -0.599065
401 0.903648 -0.594341
401 0.053389 0.472660
401 0.197150 0.462249
401 0.676150 -0.383940
401 0.809653 -0.636221
401 0.086640 0.324530
401 0.363738 0.764796
402 0.655148 -0.965723
402 0.783448 -1.098115
402 0.757644 -1.542157
402 0.908086 -0.910236
402 0.469916 0.138870
402 0.534173 -0.885327
402 0.874077 -1.313547
402 0.282331 0.879153
402 0.245920 0.961172
402 0.009124 -0.036713
402 0.738481 -1.711354
402 0.687586 -0.458367
402 0.276720 0.555071
402 0.129915 0.483157
402 0.042531 -0.114470
402 0.487863 0.465895
402 0.193482 1.064034
402 0.793397 -1.105028
402 0.950034 -0.471912
402 0.776859 -0.931915
402 0.851595 -1.177051
402 0.990792 0.056400
402 0.740810 -1.162927
402 0.567324 -0.254613
402 0.810011 -0.784034
402 0.563852 -0.568599
402 0.432515 -0.204385
402 0.032505 0.128770
402 0.642980 -1.217156
402 0.897518 -0.576739
403 0.906465 -0.871652
403 0.692055 -0.420825
403 0.586598 -0.718251
403 0.237332 1.344675
403 0.785513 -1.429123
403 0.872788 -0.592064
403 0.501547 0.106534
403 0.292461 1.226647
403 0.380553 1.129903
403 0.416251 0.258171
403 0.305915 1.095149
403 0.712189 -1.381881
403 0.342174 0.423555
403 0.821217 -1.075045
403 0.463691 0.348960
403 0.628960 -0.221420
403 0.947952 0.236456
403 0.446054 0.226034
403 0.170346 0.969013
403 0.549922 -0.025651
403 0.496676 0.250502
403 0.782583 -1.029954
403 0.860199 -0.746882
403 0.712620 -1.005600
403 0.971455 -0.240908
403 0.269195 0.890313
403 0.239196 0.961799
403 0.291287 0.844797
403 0.670907 -1.219664
403 0.232541 1.252763
404 0.672652 -1.210629
404 0.338309 0.893214
404 0.999910 -0.486081
404 0.784555 -0.924860
404 0.640960 -0.587443
404 0.687452 -1.308151
404 0.996084 0.015172
404 0.010782 -0.295972
404 0.022825 0.555548
404 0.785028 -0.913885
404 0.209392 0.775607
404 0.685167 -1.289612
404 0.503340 0.095758
404 0.318670 1.315734
404 0.231340 0.761684
404 0.776746 -1.117806
404 0.170982 0.653620
404 0.158721 1.306643
404 0.441933 -0.215785
404 0.119277 1.066906
404 0.641512 -0.889693
404 0.991971 -0.071912
404 0.747913 -1.102104
404 0.603235 -0.532226
404 0.394638 0.395761
404 0.987990 0.242123
404 0.879943 -0.355108
404 0.820591 -1.198263
404 0.230007 1.192360
404 0.123581 0.593825
405 0.880522 -0.587755
405 0.981861 -0.459220
405 0.961083 0.086116
405 0.854253 -0.565952
405 0.413572 0.821223
405 0.271272 1.002190
405 0.319497 0.883709
405 0.653138 -0.875076
405 0.341861 1.521706
405 0.434889 0.235056
405 0.079736 0.124428
405 0.771012 -1.103275
405 0.111469 0.484572
405 0.337027 1.232145
405 0.590434 -0.944925
405 0.531175 -0.363014
405 0.893131 -0.564989
405 0.658688 -0.459395
405 0.789045 -0.756119
405 0.303446 1.429849
405 0.132257 0.842342
405 0.743330 -1.060208
405 0.153579 1.078696
405 0.834166 -1.273545
405 0.943017 -0.863397
405 0.282928 1.271553
405 0.761005 -0.934440
405 0.437338 0.672823
405 0.298997 0.697273
405 0.431143 0.804703
406 0.814440 -0.824003
406 0.002027 -0.170624
406 0.888030 -0.332837
406 0.818609 -0.891624
406 0.970140 -0.414317
406 0.035538 0.428126
406 0.437635 0.496876
406 0.169132 0.731205
406 0.373990 0.930609
406 0.359791 0.960083
406 0.597561 -0.214772
406 0.437430 0.596131
406 0.965573 -0.278811
406 0.277774 0.477653
406 0.418750 0.544613
406 0.700655 -0.849779
406 0.276543 1.001484
406 0.723811 -1.889755
406 0.708712 -0.762891
406 0.712238 -1.245600
406 0.675076 -0.685508
406 0.817460 -0.401300
406 0.994932 -0.107679
406 0.055336 0.472271
406 0.497147 0.027761
406 0.813081 -0.764801
406 0.000047 0.031330
406 0.545153 -0.435010
406 0.659798 -1.115131
406 0.191743 1.410891
407 0.517415 0.085702
407 0.192023 0.681317
407 0.270952 0.624516
407 0.119665 0.826221
407 0.357395 0.985567
407 0.405970 0.712726
407 0.403718 0.608205
407 0.724887 -1.084790
407 0.483361 0.167650
407 0.693005 -0.822772
407 0.033140 0.338513
407 0.436589 1.170109
407 0.089798 0.258513
407 0.462102 1.203674
407 0.615200 -1.039298
407 0.796739 -0.841487
407 0.550219 -0.668779
407 0.379502 0.778697
407 0.264462 1.290511
407 0.957443 -0.254445
407 0.198285 1.239597
407 0.042416 0.136261
407 0.125879 0.096044
407 0.997505 0.172337
407 0.906120 -0.547058
407 0.320258 0.760252
407 0.003849 -0.098986
407 0.767206 -0.872187
407 0.300536 0.705650
407 0.022149 0.251293
408 0.366078 1.007645
408 0.872421 -0.072572
408 0.354436 0.445606
408 0.392846 0.422926
408 0.267522 0.842004
408 0.421603 0.721159
408 0.797512 -1.031346
408 0.830891 -0.779921
408 0.421059 0.512465
408 0.396861 0.604149
408 0.195065 0.973239
408 0.975602 0.156271
408 0.310995 0.636280
408 0.342643 0.790778
408 0.429856 0.062012
408 0.080434 0.552106
408 0.328538 0.822037
408 0.930585 -0.101679
408 0.074432 0.449360
408 0.240485 0.865062
408 0.217751 0.905528
408 0.235070 1.512630
408 0.954616 -0.752333
408 0.708555 -1.154541
408 0.919792 -0.472098
408 0.857611 -0.970924
408 0.624746 -0.558773
408 0.559809 -0.383952
408 0.509100 0.019650
408 0.689533 -0.893344
409 0.760063 -0.898545
409 0.835538 -1.650636
409 0.412651 0.856435
409 0.493891 0.344248
409 0.052373 0.729973
409 0.174636 0.608961
409 0.056477 0.636069
409 0.731368 -0.687531
409 0.799864 -1.146595
409 0.108667 0.947737
409 0.921596 -0.334030
409 0.839527 -1.355321
409 0.576285 -0.285825
409 0.978288 -0.366159
409 0.882468 -1.175942
409 0.222642 1.095228
409 0.954036 -0.304404
409 0.442959 0.771917
409 0.154866 0.881122
409 0.200090 1.184786
409 0.684195 -0.763090
409 0.987558 0.228194
409 0.445272 0.071209
409 0.573135 -0.383956
409 0.300240 0.908369
409 0.845458 -0.629356
409 0.115156 0.738791
409 0.582247 -0.678291
409 0.586220 -0.617007
409 0.001140 0.501712
410 0.869222 -0.403570
410 0.820786 -0.971279
410 0.617505 -0.666634
410 0.348123 0.522635
410 0.363711 0.674259
410 0.615097 -0.014309
410 0.656552 -1.102637
410 0.394587 0.746270
410 0.397517 0.463985
410 0.176780 0.231857
410 0.000288 0.169498
410 0.461492 0.072765
410 0.830841 -0.778036
410 0.766541 -0.697688
410 0.993940 0.032315
410 0.669406 -0.776012
410 0.233913 0.734514
410 0.677349 -0.685562
410 0.828479 -0.937776
410 0.640997 -1.374020
410 0.481724 0.362751
410 0.618512 -0.337809
410 0.025803 0.605750
410 0.265113 1.646742
410 0.157737 1.068685
410 0.413415 0.671777
410 0.893037 -0.295144
410 0.187949 0.658858
410 0.070985 -0.070222
410 0.776922 -1.128830
411 0.851731 -0.475106
411 0.666545 -1.198174
411 0.413760 0.266276
411 0.934169 -0.172192
411 0.901445 -0.770700
411 0.828475 -0.671005
411 0.891127 -0.128755
411 0.916611 -0.936919
411 0.746357 -1.106818
411 0.200336 0.892226
411 0.538547 -0.397749
411 0.615994 -0.848376
411 0.773373 -1.136872
411 0.495147 0.025911
411 0.512871 -0.031318
411 0.995565 0.258161
411 0.452205 0.288274
411 0.130010 1.064463
411 0.709684 -1.145627
411 0.362542 0.399827
411 0.248539 0.908532
411 0.628462 -0.583572
411 0.954368 -0.024664
411 0.312809 1.361205
411 0.372271 0.806186
411 0.465490 0.441045
411 0.687994 -0.514430
411 0.395949 0.374411
411 0.425090 0.390446
411 0.700905 -0.121525
412 0.318210 0.879421
412 0.329407 0.550157
412 0.359600 0.741820
412 0.348059 0.598572
412 0.062503 0.563912
412 0.309574 1.253365
412 0.647381 -0.495796
412 0.901973 -0.583636
412 0.041665 0.595609
412 0.016628 -0.202005
412 0.592399 -0.013633
412 0.699674 -1.258397
412 0.608239 -1.237893
412 0.973043 0.241066
412 0.228868 0.778158
412 0.481245 0.152592
412 0.915902 -0.813397
412 0.617497 0.036081
412 0.577122 0.080716
412 0.932842 0.054409
412 0.338903 0.874509
412 0.157176 1.128897
412 0.129231 0.709736
412 0.821872 -0.563095
412 0.856948 -0.905776
412 0.233878 1.470285
412 0.457071 0.128208
412 0.584852 -0.612427
412 0.139034 0.626672
412 0.848811 -0.755651
413 0.802807 -0.572962
413 0.054825 -0.051091
413 0.779407 -0.959359
413 0.433056 0.583122
413 0.941429 -0.323809
413 0.382696 1.433332
413 0.984598 0.123521
413 0.556522 -0.408422
413 0.989993 0.117966
413 0.631886 -0.674046
413 0.346336 0.835645
413 0.803409 -0.871084
413 0.486960 -0.048386
413 0.308808 0.996378
413 0.478335 -0.015945
413 0.871913 -1.289549
413 0.732307 -0.651767
413 0.173769 0.717834
413 0.838598 -0.806600
413 0.431419 0.189571
413 0.082868 0.278398
413 0.147172 0.486749
413 0.066164 0.688337
413 0.676588 -0.538575
413 0.257565 1.006651
413 0.096349 0.408076
413 0.365670 0.239401
413 0.866966 -0.503255
413 0.628728 -0.926442
413 0.486227 -0.248751
414 0.627130 -1.077370
414 0.774015 -1.080481
414 0.319440 1.365145
414 0.308817 0.972585
414 0.896819 -1.143365
414 0.099406 0.870258
414 0.157356 1.389087
414 0.410955 0.455828
414 0.798391 -1.223257
414 0.454992 0.538319
414 0.270566 1.580942
414 0.420295 0.734748
414 0.445460 -0.150887
414 0.727025 -0.763194
414 0.868750 -0.613060
414 0.321251 0.615063
414 0.708540 -0.579615
414 0.701388 -0.822211
414 0.766948 -0.599848
414 0.575261 -0.773892
414 0.014698 0.211855
414 0.655867 -1.098660
414 0.612298 -0.574180
414 0.611519 -0.201583
414 0.281299 0.552800
414 0.097885 0.166285
414 0.189353 1.214914
414 0.216205 0.973304
414 0.173610 1.238385
414 0.244537 0.757226
415 0.755577 -1.080788
415 0.330123 1.039105
415 0.509892 -0.066980
415 0.217140 1.154698
415 0.620239 -0.809043
415 0.402587 0.337678
415 0.228133 1.118634
415 0.021093 -0.015978
415 0.925324 -0.014538
415 0.078821 0.495545
415 0.329309 0.466299
415 0.190454 0.755182
415 0.494127 -0.262900
415 0.194945 1.262639
415 0.736211 -0.764187
415 0.224819 0.969197
415 0.185457 1.005913
415 0.216885 0.952128
415 0.297563 1.213797
415 0.641831 -0.621847
415 0.209628 1.177993
415 0.696850 -1.002309
415 0.430171 0.235340
415 0.197009 1.144600
415 0.240045 1.463446
415 0.527334 0.160903
415 0.378629 1.165299
415 0.513723 -0.037510
415 0.812580 -1.214685
415 0.045831 0.019647
416 0.833952 -0.297299
416 0.573936 -0.562968
416 0.729985 -0.895014
416 0.969409 -0.504152
416 0.997509 -0.362552
416 0.504822 -0.022374
416 0.156613 0.735310
416 0.619559 -0.758037
416 0.643853 -1.229440
416 0.572145 -0.459981
416 0.422049 0.935214
416 0.581560 -0.746232
416 0.534040 0.056976
416 0.944693 -1.379863
416 0.837600 -1.093014
416 0.393689 0.046277
416 0.570867 -0.059838
416 0.566053 -0.139577
416 0.510718 -0.377593
416 0.058066 0.443580
416 0.712594 -0.611996
416 0.731271 -0.585926
416 0.484185 -0.022531
416 0.901573 -1.242418
416 0.983922 -0.370410
416 0.812913 -0.693040
416 0.927863 0.191779
416 0.487503 0.062145
416 0.914241 -0.695185
416 0.935027 0.322815
417 0.859389 -0.436912
417 0.664243 -0.591247
417 0.895157 -0.595359
417 0.834374 -0.976881
417 0.129262 0.703472
417 0.960471 -0.580625
417 0.454296 0.219727
417 0.982553 -0.196615
417 0.187007 0.686224
417 0.793318 -1.485546
417 0.304892 0.558030
417 0.044805 -0.667217
417 0.994040 -0.129800
417 0.303535 1.052108
417 0.080519 -0.320160
417 0.860497 -0.697504
417 0.432020 0.377517
417 0.576452 -0.815129
417 0.984844 -0.224448
417 0.480709 0.436153
417 0.067099 0.116957
417 0.691186 -0.908839
417 0.710599 -0.865534
417 0.194208 0.692522
417 0.545412 0.021006
417 0.369221 0.853463
417 0.049922 0.232975
417 0.311602 1.634995
417 0.909533 -0.234531
417 0.300247 0.444727
418 0.158753 1.512179
418 0.998650 -0.081916
418 0.092493 0.686971
418 0.895303 0.213117
418 0.491516 0.054705
418 0.222705 1.125790
418 0.112799 0.279669
418 0.699420 -0.362174
418 0.754450 -1.213502
418 0.673441 -0.805944
418 0.419871 0.554535
418 0.172574 0.909584
418 0.789538 -1.099595
418 0.871230 -0.651257
418 0.391871 1.155527
418 0.841218 -0.155924
418 0.635600 -0.805143
418 0.526978 -0.303538
418 0.610605 -0.882979
418 0.107751 1.432313
418 0.125399 0.747528
418 0.726704 -0.654794
418 0.969947 0.021290
418 0.507804 0.613505
418 0.054001 0.258514
418 0.068073 0.082675
418 0.467365 0.761455
418 0.657665 -0.565383
418 0.154877 0.963530
418 0.033035 0.666635
419 0.800398 -0.170057
419 0.591482 -0.618447
419 0.920699 -0.229364
419 0.716513 -0.842774
419 0.777637 -0.992616
419 0.458416 0.413635
419 0.173449 1.294293
419 0.912185 -0.323723
419 0.659196 -0.792876
419 0.909475 -0.382814
419 0.617522 -0.098605
419 0.454481 0.157078
419 0.134739 0.192860
419 0.397705 0.270440
419 0.597553 -0.881917
419 0.930764 -0.685813
419 0.829308 -1.132466
419 0.513142 -0.089558
419 0.447991 0.395223
419 0.033273 0.278545
419 0.351188 0.585522
419 0.981318 0.181055
419 0.741025 -0.838074
419 0.524749 0.319516
419 0.862300 -0.507195
419 0.023056 0.039498
419 0.957624 0.128526
419 0.699669 -0.868335
419 0.013314 0.322951
419 0.705532 -0.745092
420 0.632316 -0.678854
420 0.642794 -0.616877
420 0.013110 0.027786
420 0.339060 0.698750
420 0.244289 1.660132
420 0.829122 -1.042009
420 0.275436 0.681444
420 0.317296 1.419177
420 0.537787 0.019545
420 0.547399 0.034980
420 0.810974 -0.868746
420 0.387928 0.234603
420 0.281164 1.006276
420 0.608243 -1.082987
420 0.728281 -0.918011
420 0.992598 0.149526
420 0.618299 -0.354090
420 0.490734 0.030473
420 0.133068 0.966455
420 0.986923 -0.353226
420 0.684992 -0.627745
420 0.165017 1.063171
420 0.459677 0.010576
420 0.560302 -0.210781
420 0.216877 1.305338
420 0.732481 -0.970354
420 0.650338 -1.057016
420 0.233747 1.048117
420 0.989756 0.101417
420 0.948669 -0.565968
421 0.822117 -0.511916
421 0.165307 0.739467
421 0.798453 -0.725706
421 0.587147 -0.288997
421 0.289370 1.094921
421 0.314259 1.422710
421 0.370629 0.508309
421 0.591080 -0.668007
421 0.979627 -0.360747
421 0.318273 1.126900
421 0.941868 -0.438933
421 0.205147 0.751826
421 0.112958 1.150578
421 0.532114 0.342441
421 0.976481 -0.245846
421 0.484864 -0.315262
421 0.799915 -0.392166
421 0.472546 0.312861
421 0.850002 -0.682794
421 0.812741 -0.891799
421 0.686192 -1.160800
421 0.615411 -0.787230
421 0.518143 0.089568
421 0.956759 -0.402630
421 0.557380 -0.222873
421 0.337138 0.857836
421 0.882217 -0.991392
421 0.660035 -0.358106
421 0.558173 -0.179217
421 0.682171 -0.811355
422 0.793446 -1.299604
422 0.362160 0.029574
422 0.901368 -0.528542
422 0.463112 0.113402
422 0.261231 0.897273
422 0.899756 -0.280368
422 0.152951 0.786156
422 0.995944 0.543046
422 0.613252 -0.824965
422 0.915347 -0.798446
422 0.178836 0.524397
422 0.389111 0.858542
422 0.873251 -0.369389
422 0.837101 -1.032266
422 0.871851 -1.040152
422 0.280459 1.440825
422 0.617618 -1.108681
422 0.389599 0.942432
422 0.320774 0.731450
422 0.520128 -0.007000
422 0.715053 -0.652913
422 0.518518 0.026788
422 0.230498 0.903925
422 0.807493 -0.516631
422 0.977789 -0.052375
422 0.362879 1.863612
422 0.849253 -1.323314
422 0.863863 -1.270795
422 0.260521 1.296094
422 0.705307 -0.970356
423 0.173459 1.333094
423 0.947785 0.194741
423 0.759033 -1.265910
423 0.433406 -0.010975
423 0.110171 0.890990
423 0.139437 0.689514
423 0.709788 -1.019785
423 0.203081 0.620359
423 0.347874 0.991965
423 0.957009 -0.146207
423 0.581198 -0.534985
423 0.808347 -1.350052
423 0.103881 0.970083
423 0.330386 0.951846
423 0.895607 -0.274536
423 0.810463 -1.559605
423 0.723450 -0.969071
423 0.587405 -0.737058
423 0.268940 1.003772
423 0.585481 -0.228675
423 0.050760 0.424539
423 0.202294 0.960849
423 0.518265 -0.110678
423 0.001977 -0.455506
423 0.232227 0.721801
423 0.152248 1.153625
423 0.345513 0.673604
423 0.858353 -0.434942
423 0.947419 -0.076487
423 0.165058 1.124690
424 0.485936 0.077669
424 0.662816 -1.038124
424 0.263110 1.219321
424 0.541701 -0.065997
424 0.467996 0.590323
424 0.302196 0.971597
424 0.062312 -0.506287
424 0.510191 -0.193251
424 0.009755 0.530832
424 0.389830 0.540747
424 0.370655 0.150885
424 0.633753 -0.610108
424 0.987429 0.078314
424 0.858001 -0.996617
424 0.975084 -0.229939
424 0.950937 -0.557601
424 0.074113 0.605787
424 0.281947 0.996901
424 0.296988 0.607002
424 0.071021 0.428709
424 0.846651 -1.041114
424 0.895329 -0.172952
424 0.604974 -0.344669
424 0.890991 -0.669298
424 0.714369 -0.950725
424 0.440554 0.669019
424 0.149864 0.756433
424 0.958497 -0.030310
424 0.692279 -0.491736
424 0.354184 0.646023
425 0.492315 0.324188
425 0.441950 0.095947
425 0.654574 -0.549130
425 0.304440 1.038843
425 0.892631 -0.806959
425 0.421249 0.427040
425 0.341661 0.980072
425 0.922945 -0.667312
425 0.358143 0.868456
425 0.083073 0.932263
425 0.155336 1.117482
425 0.714295 -0.950345
425 0.562326 -0.311428
425 0.534617 -0.377214
425 0.081991 0.339710
425 0.164076 0.396614
425 0.396214 0.682193
425 0.448006 0.525659
425 0.376582 0.678790
425 0.502744 -0.280439
425 0.733548 -0.974824
425 0.635704 -0.350501
425 0.611285 -0.374232
425 0.557779 -0.363955
425 0.200928 1.567072
425 0.604636 0.198514
425 0.158456 0.695048
425 0.712915 -1.046741
425 0.452288 0.503316
425 0.581461 -0.763668
426 0.172990 0.667073
426 0.754937 -1.371964
426 0.302088 0.574468
426 0.166711 1.331483
426 0.431376 0.374912
426 0.247516 1.530753
426 0.369299 0.464972
426 0.824014 -0.746464
426 0.333897 0.932375
426 0.174859 1.154510
426 0.232453 1.070293
426 0.034357 0.509725
426 0.901129 -0.415771
426 0.696968 -1.272378
426 0.463361 0.447996
426 0.560865 -0.404101
426 0.254091 0.766654
426 0.403688 0.777075
426 0.319836 1.181734
426 0.824543 -1.037375
426 0.743425 -1.104316
426 0.283880 0.561291
426 0.762248 -1.538459
426 0.093934 0.483837
426 0.202570 1.193538
426 0.106379 0.447752
426 0.238246 1.425612
426 0.226194 0.927312
426 0.900555 -0.645266
426 0.327390 0.797363
427 0.932767 -0.352678
427 0.823150 -1.319420
427 0.637661 -0.754270
427 0.068754 0.797481
427 0.294924 1.243642
427 0.253628 1.006641
427 0.257025 1.767751
427 0.672102 -1.055800
427 0.876138 -0.728033
427 0.681630 -1.344295
427 0.388760 0.522318
427 0.969236 0.344252
427 0.862582 -0.869714
427 0.685418 -1.377145
427 0.397466 0.862192
427 0.683827 -0.798041
427 0.407995 0.795614
427 0.155187 0.738625
427 0.618835 -0.981329
427 0.698102 -1.002391
427 0.349304 0.978034
427 0.929308 -0.451409
427 0.854260 -0.676611
427 0.582853 -0.658427
427 0.060236 0.497030
427 0.017216 0.107055
427 0.639886 -0.981820
427 0.813806 -0.878723
427 0.500353 -0.118225
427 0.023488 0.332193
428 0.690760 -0.745948
428 0.700121 -0.667899
428 0.115045 0.629052
428 0.219216 0.862456
428 0.563873 0.099399
428 0.686533 -1.756800
428 0.156790 0.852178
428 0.456382 0.399642
428 0.562035 0.182122
428 0.049704 -0.190925
428 0.223756 0.860395
428 0.918896 -0.895105
428 0.879982 -1.224115
428 0.322483 0.836717
428 0.867977 -0.487682
428 0.632552 -0.378060
428 0.981622 -0.274777
428 0.966219 -0.010705
428 0.616938 -0.729711
428 0.467839 0.367671
428 0.142281 1.125911
428 0.530351 -0.247814
428 0.398299 0.919492
428 0.645607 -1.156395
428 0.089491 0.730076
428 0.834918 -0.550903
428 0.967114 0.073904
428 0.209363 0.612073
428 0.632784 -0.802573
428 0.801938 -0.856570
429 0.537385 -0.013095
429 0.271060 0.788904
429 0.112359 0.582404
429 0.065857 0.564445
429 0.714449 -1.055976
429 0.247341 1.782616
429 0.658797 -0.765594
429 0.815509 -1.289050
429 0.499986 -0.251701
429 0.133053 0.459983
429 0.614548 -0.906686
429 0.071608 0.595990
429 0.817144 -1.244276
429 0.761540 -1.096734
429 0.402083 0.919969
429 0.269095 0.836879
429 0.709554 -0.766437
429 0.567210 -0.914743
429 0.145092 0.679325
429 0.759187 -1.264118
429 0.333975 0.953933
429 0.893847 -0.929046
429 0.829468 -0.257014
429 0.275813 0.495061
429 0.255254 1.340190
429 0.397890 0.861944
429 0.804483 -0.849017
429 0.130654 0.748106
429 0.316051 1.471600
429 0.659108 -0.100022
430 0.394226 0.506909
430 0.013134 -0.049486
430 0.020019 -0.006425
430 0.687515 -0.837592
430 0.660786 -0.529719
430 0.160352 1.524355
430 0.866225 -0.993953
430 0.662623 -0.657689
430 0.154055 0.986429
430 0.287613 0.873280
430 0.973663 -0.472530
430 0.407746 0.630340
430 0.236772 1.632512
430 0.524130 -0.070321
430 0.205552 0.725086
430 0.791717 -1.013024
430 0.794302 -1.303560
430 0.800843 -0.943853
430 0.617269 -0.466918
430 0.694045 -1.146611
430 0.321403 -0.075645
430 0.878888 -0.606560
430 0.144162 0.636450
430 0.254487 0.774402
430 0.992687 -0.273723
430 0.960397 -0.126199
430 0.507621 -0.170235
430 0.499108 0.284740
430 0.116820 0.955584
430 0.659650 -0.924337
431 0.838296 -0.793251
431 0.259416 1.154704
431 0.772607 -0.680036
431 0.988122 0.194392
431 0.954021 -0.161785
431 0.605740 -0.197668
431 0.151739 0.794915
431 0.119342 0.837351
431 0.266821 0.941392
431 0.601313 -0.288274
431 0.386226 0.445287
431 0.699021 -1.453994
431 0.787778 -0.775483
431 0.180422 0.599910
431 0.905294 -0.896327
431 0.060573 0.750949
431 0.264928 1.285488
431 0.814800 -1.021003
431 0.183732 0.000923
431 0.220138 1.142421
431 0.975656 0.046392
431 0.912364 -0.368182
431 0.812759 -0.781999
431 0.173801 0.833145
431 0.255138 0.876338
431 0.235168 0.663812
431 0.189124 0.718518
431 0.970447 -0.088179
431 0.166028 0.965391
431 0.746713 -0.762839
432 0.482749 0.109358
432 0.853328 -0.798235
432 0.158876 0.569033
432 0.573619 -0.365585
432 0.931927 -0.508641
432 0.445854 0.307767
432 0.579916 -0.133899
432 0.069999 0.577371
432 0.349183 0.640782
432 0.041398 0.212516
432 0.572376 0.040590
432 0.590474 -0.630555
432 0.950840 -0.292027
432 0.638406 -0.564847
432 0.002983 0.083299
432 0.833234 -0.978181
432 0.329656 0.654319
432 0.714272 -0.977938
432 0.264029 1.193524
432 0.760225 -0.601667
432 0.927491 -0.879598
432 0.079319 1.006835
432 0.544362 -0.361662
432 0.540402 0.026312
432 0.286438 0.752646
432 0.341674 0.355392
432 0.676161 -1.288178
432 0.292611 0.865086
432 0.030627 0.348479
432 0.769186 -0.983385
433 0.142017 0.680035
433 0.350707 1.252011
433 0.000135 0.515231
433 0.028229 -0.103339
433 0.606421 -0.938292
433 0.876002 -0.792970
433 0.305910 1.068287
433 0.401896 0.424007
433 0.209876 1.104054
433 0.142800 1.366696
433 0.884098 -1.087361
433 0.572120 -0.571497
433 0.704875 -1.376171
433 0.881891 -0.926811
433 0.588393 -0.615679
433 0.180284 0.687422
433 0.713317 -0.817562
433 0.747806 -0.954618
433 0.413949 0.604422
433 0.616814 -0.761828
433 0.484550 0.032541
433 0.332999 0.761865
433 0.672416 -0.958116
433 0.247452 1.125575
433 0.327471 0.306804
433 0.405689 0.644881
433 0.614620 -0.920139
433 0.852204 -0.902457
433 0.614917 -1.129379
433 0.726081 -1.096330
434 0.563253 -0.532503
434 0.064734 1.214418
434 0.690626 -0.793792
434 0.148942 0.914388
434 0.596612 -0.274972
434 0.472633 -0.210869
434 0.875054 -0.970670
434 0.232244 0.920129
434 0.171207 1.177334
434 0.551171 -0.705423
434 0.460243 0.227005
434 0.161298 0.786013
434 0.613712 -1.127536
434 0.905817 -0.710508
434 0.740254 -0.835450
434 0.209557 0.522906
434 0.238406 1.420748
434 0.557561 -0.213421
434 0.677517 -0.794273
434 0.978995 -0.129136
434 0.104820 0.284315
434 0.546345 -0.482005
434 0.987374 0.029310
434 0.110897 0.446259
434 0.972569 -0.114879
434 0.462178 -0.034252
434 0.717390 -0.843653
434 0.425271 0.610294
434 0.841044 -1.329101
434 0.908518 -0.523474
435 0.323452 0.545765
435 0.485593 -0.140315
435 0.944644 -1.006954
435 0.108422 1.115095
435 0.793822 -1.387647
435 0.722955 -1.388168
435 0.306438 1.361734
435 0.773754 -0.872614
435 0.574874 -0.417063
435 0.171360 0.982472
435 0.285740 1.261062
435 0.328340 0.911245
435 0.323029 0.433499
435 0.746365 -0.779782
435 0.660295 -0.718616
435 0.819855 -0.553748
435 0.510796 -0.442510
435 0.350532 0.588246
435 0.067751 0.530579
435 0.794392 -1.244705
435 0.074769 -0.253156
435 0.301465 1.007372
435 0.668884 -0.604404
435 0.764170 -1.034719
435 0.068513 0.581746
435 0.607618 -0.504809
435 0.137139 0.762079
435 0.757240 -0.958177
435 0.729853 -0.587257
435 0.748058 -1.289201
436 0.853190 -0.609826
436 0.442088 0.211438
436 0.182124 0.784172
436 0.994338 -0.083563
436 0.358976 0.624012
436 0.205504 1.282717
436 0.103309 0.227140
436 0.123854 0.690852
436 0.943043 -0.323444
436 0.946660 -0.366294
436 0.507933 0.240666
436 0.692135 -1.385816
436 0.832642 -0.697815
436 0.557455 -0.726694
436 0.666981 -1.019645
436 0.966974 -0.610330
436 0.172536 0.784245
436 0.138784 0.592155
436 0.753032 -0.508337
436 0.703328 -0.884901
436 0.185952 1.052050
436 0.302415 0.614008
436 0.685255 -0.696367
436 0.494365 0.526864
436 0.893475 -0.359477
436 0.837155 -1.247376
436 0.487120 -0.058402
436 0.666864 -0.834099
436 0.643461 -0.957341
436 0.092079 1.306705
437 0.350290 0.639499
437 0.626847 -1.105209
437 0.416168 0.334122
437 0.390959 0.411787
437 0.475202 0.150937
437 0.407814 0.578648
437 0.025869 -0.159530
437 0.741995 -0.668494
437 0.584339 -0.553331
437 0.137580 1.211463
437 0.261308 1.069802
437 0.611035 -0.621688
437 0.518017 -0.260255
437 0.723421 -0.801636
437 0.489232 0.077676
437 0.844636 -0.570824
437 0.077455 0.949079
437 0.613188 -0.870786
437 0.371551 0.906304
437 0.306843 1.112430
437 0.943642 -0.209321
437 0.863807 -0.885005
437 0.183716 0.790631
437 0.057437 0.177940
437 0.867255 -0.921782
437 0.169297 0.622133
437 0.928250 -0.467051
437 0.277320 0.757958
437 0.411654 0.657717
437 0.044984 0.295980
438 0.762683 -1.156509
438 0.015858 -0.224485
438 0.880417 -0.676168
438 0.529426 -0.281840
438 0.930086 -0.184730
438 0.771857 -0.746270
438 0.894344 -0.793203
438 0.743818 -1.431232
438 0.576617 -0.822168
438 0.173060 0.200670
438 0.727647 -1.072491
438 0.592307 -0.551551
438 0.454658 -0.061796
438 0.558591 -0.738976
438 0.232256 0.988967
438 0.404427 0.375470
438 0.124198 0.639654
438 0.409770 0.426881
438 0.466932 0.280897
438 0.857772 -0.948944
438 0.527180 -0.316570
438 0.908869 -1.106355
438 0.967918 -0.215316
438 0.048988 0.329569
438 0.597143 -0.626481
438 0.299234 1.526084
438 0.851326 -0.755260
438 0.494078 -0.009742
438 0.078085 0.620920
438 0.215007 1.609785
439 0.640523 -0.913959
439 0.701060 -1.046182
439 0.413364 0.178115
439 0.442360 -0.029780
439 0.123545 1.253858
439 0.469419 0.179335
439 0.961328 -0.225424
439 0.113698 0.411997
439 0.567968 -0.357201
439 0.018391 -0.335842
439 0.325374 0.657816
439 0.761144 -1.357482
439 0.567161 -0.021708
439 0.081132 -0.007593
439 0.451831 -0.055712
439 0.079076 -0.137620
439 0.373529 0.446606
439 0.768954 -1.130773
439 0.258250 1.291991
439 0.453389 0.222096
439 0.500339 -0.125307
439 0.853276 -0.706776
439 0.121503 0.558531
439 0.550419 0.411455
439 0.030790 0.014954
439 0.093337 0.677525
439 0.220723 1.231065
439 0.719714 -1.167863
439 0.041109 0.305044
439 0.945069 -0.488583
440 0.410919 0.541626
440 0.006952 -0.144031
440 0.758577 -0.983145
440 0.438573 -0.006819
440 0.222849 1.128268
440 0.666262 -1.069040
440 0.447668 0.135905
440 0.313730 1.074809
440 0.230811 0.870546
440 0.059142 0.257800
440 0.503022 0.331302
440 0.375444 0.413174
440 0.040329 0.400208
440 0.812407 -0.639247
440 0.808284 -0.583622
440 0.490026 0.715586
440 0.838900 -1.040652
440 0.481006 -0.141318
440 0.168903 1.118129
440 0.517598 0.171725
440 0.312567 0.686498
440 0.452365 0.440295
440 0.970670 0.634017
440 0.355531 0.819506
440 0.215890 1.254171
440 0.128552 1.195730
440 0.883928 0.084773
440 0.014938 0.167433
440 0.907454 -0.173356
440 0.061772 0.141905
441 0.502199 -0.002254
441 0.042916 -0.131005
441 0.234317 1.382611
441 0.212701 0.994501
441 0.935272 -0.354248
441 0.419150 0.735145
441 0.947673 -0.698313
441 0.859585 -0.956681
441 0.450806 0.355210
441 0.024860 -0.373031
441 0.972951 -0.665528
441 0.010071 -0.183140
441 0.856130 -1.128084
441 0.413232 0.415413
441 0.301309 1.105213
441 0.408301 0.769776
441 0.356909 1.325568
441 0.689119 -0.934512
441 0.572723 -0.394890
441 0.256905 0.991595
441 0.527501 -0.075856
441 0.404950 0.681853
441 0.920646 -0.201556
441 0.892378 -0.350378
441 0.617346 -0.516487
441 0.965368 0.237165
441 0.375127 0.714569
441 0.087970 0.341545
441 0.047652 0.160541
441 0.833445 -0.897424
442 0.574007 -0.422466
442 0.540645 -0.526973
442 0.470315 0.392455
442 0.678481 -0.711510
442 0.798131 -1.093522
442 0.220684 1.140884
442 0.713976 -1.182677
442 0.243855 0.810178
442 0.031792 0.430963
442 0.074680 0.581356
442 0.046542 0.218696
442 0.280174 0.877782
442 0.127173 0.769128
442 0.085204 -0.040476
442 0.147587 0.572683
442 0.038198 -0.141823
442 0.343552 0.835717
442 0.822816 -0.570567
442 0.553779 -0.188360
442 0.064967 0.243506
442 0.374923 0.495469
442 0.429835 0.200559
442 0.172411 1.483390
442 0.373012 0.736303
442 0.336755 0.915002
442 0.493808 -0.594445
442 0.697292 -1.299943
442 0.478837 0.119327
442 0.073954 0.298677
442 0.055229 0.380007
443 0.427363 0.569097
443 0.672411 -0.715512
443 0.809744 -0.855761
443 0.700482 -0.615517
443 0.896299 -1.325044
443 0.234746 0.634430
443 0.661385 -0.538718
443 0.889831 -0.188067
443 0.308500 0.562620
443 0.799452 -1.497705
443 0.940216 -0.316608
443 0.643877 -0.640187
443 0.164265 0.902595
443 0.260860 0.979784
443 0.679980 -1.460331
443 0.866175 -0.857710
443 0.023757 0.080944
443 0.326331 0.722706
443 0.233570 0.419055
443 0.422061 0.645787
443 0.768478 -0.733539
443 0.502806 -0.256020
443 0.518291 -0.170463
443 0.609026 -0.781770
443 0.515674 -0.244480
443 0.688261 -0.777750
443 0.107037 0.778167
443 0.022801 0.465206
443 0.826790 -0.569666
443 0.478908 0.080596
444 0.590843 -0.397119
444 0.085741 0.040821
444 0.433717 0.287486
444 0.890175 -0.711806
444 0.361641 0.635179
444 0.381006 0.897429
444 0.357557 0.715156
444 0.362749 0.789189
444 0.404759 0.416450
444 0.773364 -0.669797
444 0.455063 0.620383
444 0.607086 -0.715711
444 0.442420 1.209120
444 0.873834 -0.942211
444 0.178749 1.203612
444 0.122902 0.412426
444 0.407726 0.779742
444 0.974288 0.047648
444 0.699796 -1.254182
444 0.616270 -0.706457
444 0.390335 1.196125
444 0.295152 0.715736
444 0.956578 -0.148896
444 0.426920 0.543856
444 0.711085 -0.982941
444 0.810438 -1.448099
444 0.657523 -0.587299
444 0.232606 0.997519
444 0.287984 1.302810
444 0.022983 0.213432
445 0.889675 -0.553867
445 0.147564 0.770076
445 0.829695 -0.941286
445 0.688163 -0.827120
445 0.069573 -0.407688
445 0.542215 -0.261448
445 0.961754 -0.169964
445 0.922809 -0.512969
445 0.146298 0.335856
445 0.173183 0.840816
445 0.153634 0.362117
445 0.756174 -0.467120
445 0.160754 0.769652
445 0.064581 -0.224078
445 0.390332 0.573861
445 0.966889 0.062077
445 0.308260 0.986569
445 0.724236 -1.261083
445 0.143961 0.582663
445 0.621146 -0.775832
445 0.581166 -0.620059
445 0.904173 -0.944242
445 0.716557 -0.998284
445 0.120785 0.288013
445 0.404800 0.847836
445 0.000556 0.324827
445 0.240997 0.697444
445 0.971326 -0.394184
445 0.455741 0.147614
445 0.867578 -0.748758
446 0.642020 -1.005123
446 0.411562 0.179362
446 0.036118 0.208216
446 0.366528 0.989195
446 0.508133 -0.075594
446 0.950142 -0.463013
446 0.727496 -1.651891
446 0.107927 0.427588
446 0.301422 1.113798
446 0.521684 -0.538405
446 0.451115 0.687114
446 0.005123 -0.142909
446 0.935100 -0.338455
446 0.904040 -0.686805
446 0.923745 -0.813900
446 0.428555 0.566066
446 0.833376 -1.045297
446 0.708537 -1.216166
446 0.511745 -0.786573
446 0.077132 0.856692
446 0.167852 0.871570
446 0.238233 1.329239
446 0.895911 -0.422318
446 0.665368 -0.529988
446 0.983031 -0.275661
446 0.566432 -0.817126
446 0.084705 0.736251
446 0.477763 0.178324
446 0.111784 0.506113
446 0.901363 -0.358020
447 0.150766 0.563657
447 0.935787 -0.194988
447 0.340352 0.752080
447 0.685048 -0.849451
447 0.625308 -0.375870
447 0.095873 0.058931
447 0.721620 -0.386841
447 0.311819 0.881936
447 0.381181 0.197131
447 0.096524 0.362125
447 0.810084 -0.898890
447 0.860272 -0.977345
447 0.134267 0.132691
447 0.812612 -0.894570
447 0.898000 -0.814432
447 0.097294 0.769289
447 0.997428 -0.336676
447 0.004550 0.707046
447 0.842406 -0.682044
447 0.558291 -0.299080
447 0.957284 -0.078247
447 0.338100 0.304211
447 0.360848 0.618019
447 0.840378 -0.308147
447 0.710686 -1.065686
447 0.600518 -0.609265
447 0.644385 -0.927729
447 0.682638 -0.472408
447 0.047842 0.222701
447 0.117783 0.298778
448 0.991754 -0.170879
448 0.847993 -0.633139
448 0.887133 -0.825102
448 0.854883 -0.884811
448 0.932886 -0.466257
448 0.064495 0.230574
448 0.908628 -0.562902
448 0.248603 0.923594
448 0.359173 0.561516
448 0.370570 0.684330
448 0.232434 1.040495
448 0.438426 0.047343
448 0.505520 0.090561
448 0.148664 0.655951
448 0.359519 0.831898
448 0.348146 0.616218
448 0.674670 -0.574916
448 0.580784 -0.199229
448 0.716109 -1.292230
448 0.783944 -0.819844
448 0.667006 -0.433208
448 0.241244 0.714034
448 0.502120 -0.274004
448 0.466575 0.428994
448 0.074050 0.056512
448 0.894482 -0.848731
448 0.091435 0.239020
448 0.976443 0.076770
448 0.031746 -0.009584
448 0.729679 -1.077241
449 0.178785 0.844281
449 0.366530 0.543848
449 0.591903 -0.220405
449 0.497086 -0.030303
449 0.736797 -1.369386
449 0.548809 0.004428
449 0.805515 -1.157679
449 0.103938 0.868170
449 0.439094 -0.380872
449 0.016063 -0.009845
449 0.120807 1.036226
449 0.331507 0.873244
449 0.901513 -0.400627
449 0.380155 0.413256
449 0.273467 1.093461
449 0.670789 -0.877557
449 0.703471 -0.884569
449 0.481329 0.728831
449 0.288519 1.362233
449 0.301810 1.185078
449 0.185546 1.160498
449 0.362589 0.487294
449 0.168253 0.729599
449 0.642923 -1.241863
449 0.894690 -0.995322
449 0.254253 0.733683
449 0.242215 0.990067
449 0.898153 -0.964638
449 0.568033 -0.426316
449 0.729775 -1.038146
450 0.185998 0.589924
450 0.582045 -0.825501
450 0.991502 -0.083191
450 0.969280 -0.356892
450 0.613799 -0.429253
450 0.886279 -0.741286
450 0.815153 -0.826459
450 0.950669 -0.559603
450 0.873096 -0.722413
450 0.899832 -0.193976
450 0.229547 0.947316
450 0.158019 0.671703
450 0.043972 0.013640
450 0.659306 -0.847614
450 0.933506 0.017048
450 0.993850 -0.447710
450 0.852343 -0.815254
450 0.831010 -1.387392
450 0.518883 -0.241493
450 0.451958 0.376124
450 0.640316 -1.245892
450 0.022707 0.008749
450 0.794324 -0.874315
450 0.657484 -0.796410
450 0.170049 0.978143
450 0.635697 -1.045378
450 0.599469 -0.498053
450 0.788000 -1.151634
450 0.837478 -0.638505
450 0.253419 0.306574
451 0.642789 -0.872232
451 0.008194 0.185706
451 0.448411 0.701233
451 0.268049 0.734988
451 0.512423 -0.151448
451 0.951084 -0.490276
451 0.320447 1.041920
451 0.160782 0.277521
451 0.825896 -0.457448
451 0.990583 0.101005
451 0.780071 -0.805221
451 0.138392 0.055040
451 0.550695 -0.625208
451 0.405190 1.008235
451 0.633433 -0.796784
451 0.668612 -1.389291
451 0.807090 -0.869864
451 0.240087 1.201808
451 0.964679 -0.060666
451 0.214689 0.930367
451 0.124098 1.043757
451 0.828871 -1.090305
451 0.463249 0.390892
451 0.490230 0.101852
451 0.318735 0.868256
451 0.046413 0.173808
451 0.193601 0.834789
451 0.761634 -0.987653
451 0.224406 0.899282
451 0.992666 0.173856
452 0.289183 0.596744
452 0.733489 -0.880460
452 0.047067 -0.347677
452 0.852844 -1.151632
452 0.461346 0.300133
452 0.015944 -0.272480
452 0.133362 1.133001
452 0.945440 -0.322249
452 0.537007 0.109191
452 0.768545 -0.885844
452 0.882777 -0.675302
452 0.320305 0.605040
452 0.546917 -0.011793
452 0.650324 -0.677835
452 0.841585 -0.213555
452 0.420089 0.729782
452 0.951753 -0.417745
452 0.607121 -0.536554
452 0.873872 -0.585458
452 0.083358 0.849022
452 0.463342 0.624857
452 0.179169 0.854000
452 0.911883 -0.890456
452 0.234987 0.439403
452 0.712980 -1.314935
452 0.062869 0.207294
452 0.200845 1.403984
452 0.319852 1.361073
452 0.781873 -0.691966
452 0.251167 1.369093
453 0.166016 0.747611
453 0.453562 0.458668
453 0.821732 -1.361238
453 0.988788 0.117446
453 0.960342 -0.433447
453 0.962179 -0.238810
453 0.019011 0.051704
453 0.515772 0.080993
453 0.200131 0.944999
453 0.615284 -0.230520
453 0.945837 -0.036957
453 0.876651 -0.938330
453 0.866582 -0.333909
453 0.365718 0.842940
453 0.501171 0.043606
453 0.281944 1.234388
453 0.553854 -0.644301
453 0.303388 0.530432
453 0.808731 -0.925199
453 0.464419 0.039812
453 0.700399 -0.329712
453 0.872667 -0.946692
453 0.299749 0.963617
453 0.622092 -0.636478
453 0.845813 -0.454816
453 0.950733 -0.603004
453 0.163067 0.370875
453 0.681420 -0.490260
453 0.435219 0.420041
453 0.285523 1.218117
454 0.673163 -0.879396
454 0.462706 0.815745
454 0.433753 0.414879
454 0.419509 0.580751
454 0.486033 0.654343
454 0.346645 0.611819
454 0.256414 0.770165
454 0.316051 0.774206
454 0.477767 -0.019135
454 0.382141 0.128376
454 0.585538 -0.470550
454 0.631141 -0.668776
454 0.996144 -0.079985
454 0.615169 -0.587869
454 0.734633 -0.917910
454 0.098032 0.182890
454 0.760449 -0.911254
454 0.508903 0.111641
454 0.866558 -1.222732
454 0.970909 0.257165
454 0.230366 0.621661
454 0.928675 -0.774768
454 0.671641 -0.820640
454 0.739114 -0.837252
454 0.472361 0.406090
454 0.354794 0.959247
454 0.800034 -1.106901
454 0.021972 0.170183
454 0.540596 -0.347315
454 0.073830 0.499705
455 0.003382 -0.069480
455 0.032016 0.298480
455 0.521524 -0.181796
455 0.090822 0.858966
455 0.798374 -1.550590
455 0.516188 -0.010644
455 0.245353 0.623101
455 0.838657 -0.731608
455 0.509638 -0.104482
455 0.350799 0.362547
455 0.567951 -0.312801
455 0.672609 -0.816831
455 0.558804 -0.430492
455 0.932785 -0.441250
455 0.353974 0.842544
455 0.409949 0.889561
455 0.858854 -0.869379
455 0.637488 -0.456446
455 0.966267 -0.221604
455 0.792165 -0.576391
455 0.512928 -0.151684
455 0.634718 -0.948837
455 0.406084 0.227132
455 0.127646 0.708618
455 0.407111 0.313115
455 0.281486 1.401842
455 0.678080 -1.160988
455 0.669197 -1.080873
455 0.937368 -0.209125
455 0.079457 0.834501
456 0.313702 0.697096
456 0.590562 -0.230071
456 0.256445 0.916133
456 0.129613 1.105634
456 0.852256 -1.139691
456 0.981220 -0.223719
456 0.069746 0.455620
456 0.121321 0.933772
456 0.588607 -0.185328
456 0.086311 0.354621
456 0.631165 -0.435936
456 0.719486 -1.486245
456 0.414629 0.772443
456 0.756243 -1.401550
456 0.113629 0.788819
456 0.301236 1.287383
456 0.807639 -0.668966
456 0.088348 0.035280
456 0.285086 0.841630
456 0.621163 -0.474775
456 0.247392 1.206354
456 0.480876 0.202650
456 0.837192 -1.514133
456 0.269666 1.351790
456 0.435851 0.805114
456 0.018252 0.163554
456 0.708369 -0.897411
456 0.355059 0.940845
456 0.860054 -0.332166
456 0.088562 0.603340
457 0.142473 0.649381
457 0.829337 -0.560819
457 0.753702 -0.921168
457 0.500029 0.306290
457 0.233464 0.957878
457 0.810876 -0.927439
457 0.124518 0.854686
457 0.418035 0.439371
457 0.817323 -1.099279
457 0.801441 -1.395156
457 0.629892 -0.907880
457 0.007742 0.299483
457 0.333122 1.244890
457 0.853198 -1.028991
457 0.721366 -1.503980
457 0.810595 -0.650410
457 0.062981 0.406265
457 0.940769 -0.767739
457 0.229050 0.058112
457 0.332293 0.580252
457 0.840583 -0.981243
457 0.406219 0.210236
457 0.643077 -0.575119
457 0.552364 -0.566877
457 0.866076 -0.741901
457 0.156124 1.543075
457 0.097791 0.611739
457 0.632354 -0.773668
457 0.844642 -0.856222
457 0.923102 -0.263881
458 0.912067 -0.245363
458 0.688351 -0.866813
458 0.548563 -0.161159
458 0.682084 -1.695397
458 0.511861 -0.412178
458 0.058384 0.206938
458 0.660441 -0.643706
458 0.005217 -0.250070
458 0.220346 1.747093
458 0.155979 0.751530
458 0.340122 0.539117
458 0.908316 -0.600787
458 0.079702 0.194826
458 0.357406 0.425496
458 0.759562 -0.694902
458 0.863092 -0.604014
458 0.736129 -0.841361
458 0.965212 0.166181
458 0.695917 -0.796816
458 0.744801 -1.319689
458 0.422068 0.682921
458 0.302053 0.609005
458 0.461875 0.093848
458 0.767917 -1.007385
458 0.650263 -0.854141
458 0.771899 -1.527904
458 0.627587 -1.008786
458 0.733101 -1.001121
458 0.155669 0.646230
458 0.323659 1.232679
459 0.099403 0.605174
459 0.683823 -0.748583
459 0.526101 0.554294
459 0.589917 -0.688885
459 0.889353 -1.007951
459 0.249569 1.058136
459 0.013160 0.188242
459 0.208562 1.227780
459 0.915126 -0.669873
459 0.211423 0.721736
459 0.674511 -1.349498
459 0.789686 -1.379320
459 0.813210 -1.046951
459 0.010437 0.030556
459 0.009402 0.678583
459 0.989010 -0.576772
459 0.527427 -0.070856
459 0.063703 0.171877
459 0.026809 0.234510
459 0.810771 -1.093952
459 0.904955 -0.251701
459 0.524492 0.155473
459 0.371714 0.687624
459 0.702357 -0.523794
459 0.022388 0.368239
459 0.898916 -0.175515
459 0.256091 0.986327
459 0.190909 1.217403
459 0.310792 0.697453
459 0.063728 0.128901
460 0.600697 -0.563251
460 0.972811 0.301659
460 0.152902 0.001350
460 0.347125 0.636250
460 0.421016 0.017781
460 0.984699 -0.506802
460 0.084194 0.800397
460 0.111651 0.485817
460 0.435370 -0.305098
460 0.169244 0.826476
460 0.684830 -0.306572
460 0.360678 0.225785
460 0.846207 -0.662911
460 0.748611 -0.529651
460 0.470807 0.167573
460 0.844979 -0.248753
460 0.100819 0.393997
460 0.581099 -0.054011
460 0.605133 -0.250586
460 0.246021 0.989928
460 0.049621 -0.139408
460 0.535199 -0.519882
460 0.513677 -0.789086
460 0.653612 -0.643901
460 0.212929 1.115285
460 0.179643 0.927636
460 0.977916 -0.175128
460 0.113688 1.062386
460 0.999409 0.085623
460 0.719977 -1.148653
461 0.643646 -0.767261
461 0.202084 1.192761
461 0.306042 0.713808
461 0.533051 0.120189
461 0.881827 -0.506607
461 0.796753 -0.956485
461 0.302048 1.406372
461 0.688486 -1.314533
461 0.001657 -0.127645
461 0.332641 0.663517
461 0.839595 -0.738261
461 0.151201 1.168154
461 0.353395 0.501388
461 0.001043 0.998205
461 0.023133 -0.053991
461 0.146019 0.902268
461 0.101863 0.598021
461 0.489729 0.078335
461 0.900004 -0.825487
461 0.084642 0.827366
461 0.869837 -0.985846
461 0.668158 -1.401351
461 0.168895 0.536341
461 0.289736 1.402588
461 0.194183 1.314272
461 0.789298 -1.571841
461 0.725100 -0.743668
461 0.304409 0.347552
461 0.054334 0.326631
461 0.168741 0.510142
462 0.153472 1.118433
462 0.060809 0.455217
462 0.948149 -0.441395
462 0.965367 -0.670243
462 0.891750 -0.341243
462 0.988881 0.040125
462 0.830664 -0.047590
462 0.932181 -0.442113
462 0.197631 1.036963
462 0.256884 1.096716
462 0.862066 -0.566947
462 0.479464 -0.161388
462 0.716972 -1.001710
462 0.561909 -0.130953
462 0.305639 0.839685
462 0.284835 1.213199
462 0.748180 -0.970920
462 0.532095 -0.079734
462 0.359386 1.118309
462 0.617040 -0.739077
462 0.419938 0.046542
462 0.475075 0.076068
462 0.677910 -1.146824
462 0.457965 -0.376668
462 0.949941 -0.341376
462 0.485193 0.152612
462 0.961823 0.068648
462 0.847688 -1.159263
462 0.890927 -0.606366
462 0.763275 -0.658096
463 0.296579 1.239800
463 0.403153 0.310226
463 0.592640 -0.169509
463 0.964165 -0.382656
463 0.261929 1.035592
463 0.328404 1.004509
463 0.023952 -0.335135
463 0.372552 0.778994
463 0.675077 -0.786258
463 0.963061 0.111990
463 0.740190 -1.285952
463 0.117997 0.430210
463 0.890039 -0.439373
463 0.838679 -0.425028
463 0.189022 0.749747
463 0.934343 -0.771495
463 0.714099 -1.069685
463 0.782817 -1.282813
463 0.459140 0.373256
463 0.200684 0.628425
463 0.799105 -0.660907
463 0.477443 0.205042
463 0.967430 0.098014
463 0.153335 0.094161
463 0.355404 0.261153
463 0.735547 -0.608078
463 0.572282 -0.654563
463 0.433275 -0.032844
463 0.701611 -1.014944
463 0.733351 -0.921830
464 0.388095 0.904693
464 0.783072 -1.042336
464 0.942374 -1.080805
464 0.154778 0.737509
464 0.487753 -0.097444
464 0.501726 0.448090
464 0.380303 0.656579
464 0.539956 -0.372116
464 0.925022 -0.629820
464 0.438529 0.474426
464 0.137780 0.778607
464 0.665450 -1.099160
464 0.031375 0.275064
464 0.940115 -0.534628
464 0.939888 -1.146459
464 0.092143 0.747551
464 0.550887 -0.142356
464 0.797390 -0.896074
464 0.464578 0.087987
464 0.478772 0.111369
464 0.970200 0.059638
464 0.230508 0.802966
464 0.526310 0.093334
464 0.114968 0.218708
464 0.302440 0.996656
464 0.850904 -0.797937
464 0.716449 -0.677056
464 0.612004 -0.922753
464 0.113889 0.413114
464 0.850699 -1.224778
465 0.556865 -0.397277
465 0.532348 -0.144297
465 0.362470 0.190806
465 0.021026 0.808586
465 0.915124 -0.632527
465 0.794937 -0.764896
465 0.134858 0.625163
465 0.122080 0.562690
465 0.308101 0.863003
465 0.763139 -1.370130
465 0.503165 -0.763949
465 0.654210 -0.476373
465 0.006194 0.202621
465 0.923705 -0.735984
465 0.165686 0.998501
465 0.318901 1.154925
465 0.947151 -0.533900
465 0.732894 -0.870675
465 0.511067 0.232563
465 0.862916 -1.190211
465 0.061262 0.535511
465 0.076293 0.570529
465 0.155161 1.391784
465 0.264571 1.162923
465 0.709030 -1.090313
465 0.532418 -0.290837
465 0.426045 1.055151
465 0.782588 -1.085565
465 0.317161 1.088123
465 0.085457 0.439999
466 0.424949 0.443947
466 0.682471 -0.545916
466 0.752409 -0.393451
466 0.413898 0.641841
466 0.571858 -0.086891
466 0.745508 -1.275694
466 0.889242 -0.799929
466 0.639899 -1.175844
466 0.690863 -1.086435
466 0.098675 0.750601
466 0.420450 0.542916
466 0.888959 -0.124320
466 0.160720 1.463157
466 0.309959 0.888919
466 0.677964 -1.103210
466 0.902074 -0.229182
466 0.059040 0.741779
466 0.870492 -0.594475
466 0.220323 1.194333
466 0.860856 -0.602329
466 0.889236 -0.937744
466 0.775482 -1.352781
466 0.923817 -0.475874
466 0.961158 -0.301910
466 0.925186 -0.369865
466 0.513129 -0.121766
466 0.463677 -0.284730
466 0.105206 -0.019727
466 0.216091 1.198618
466 0.652365 -1.016500
467 0.763392 -1.305120
467 0.160064 0.445180
467 0.071472 0.538711
467 0.225508 0.944698
467 0.852328 -0.795133
467 0.515847 -0.384085
467 0.806903 -0.891155
467 0.369582 0.304641
467 0.590443 -0.564665
467 0.594733 -0.311620
467 0.626728 -0.824373
467 0.470151 0.319541
467 0.239240 0.404656
467 0.428485 -0.182752
467 0.974758 -0.059756
467 0.272112 1.304470
467 0.724828 -1.058989
467 0.944729 0.303224
467 0.566256 -0.837396
467 0.489336 -0.137041
467 0.120838 0.730402
467 0.753267 -0.860477
467 0.911491 -0.703064
467 0.980685 -0.438843
467 0.201658 1.140302
467 0.920055 -0.441476
467 0.370268 0.624429
467 0.619153 -0.531011
467 0.223651 0.945422
467 0.248390 0.958026
468 0.271488 0.921466
468 0.670420 -0.838682
468 0.294177 0.716114
468 0.310363 0.978916
468 0.376619 0.372749
468 0.980201 0.095664
468 0.460098 0.464112
468 0.377375 0.694739
468 0.470023 -0.007670
468 0.719204 -0.887997
468 0.883691 -0.933754
468 0.990802 -0.047400
468 0.486064 0.041905
468 0.460143 1.036792
468 0.330312 0.507246
468 0.779093 -1.783533
468 0.655586 -1.020419
468 0.363365 0.242208
468 0.518542 -0.334246
468 0.205821 0.572438
468 0.693994 -1.210070
468 0.252124 0.680438
468 0.349546 1.099576
468 0.068119 0.400495
468 0.219870 1.304770
468 0.194883 0.952775
468 0.735307 -0.717164
468 0.694468 -1.030386
468 0.538144 0.240989
468 0.387057 0.792855
469 0.550336 -0.090283
469 0.457648 0.017005
469 0.629328 -1.647329
469 0.511801 -0.145137
469 0.641545 -0.845955
469 0.802637 -1.293062
469 0.462419 -0.218475
469 0.415021 0.336516
469 0.558666 -0.394779
469 0.904754 -0.534735
469 0.422982 -0.220342
469 0.847750 -1.343309
469 0.617163 -0.332578
469 0.012397 0.020932
469 0.476203 0.148237
469 0.210535 0.569437
469 0.150366 0.809047
469 0.234438 0.882522
469 0.712419 -1.157811
469 0.627383 -1.156164
469 0.536853 -0.490037
469 0.495269 0.621329
469 0.389178 0.536554
469 0.886568 -0.417004
469 0.932454 -0.470696
469 0.764438 -1.089523
469 0.288225 0.780496
469 0.913864 -0.111482
469 0.819135 -0.795205
469 0.124026 0.465885
470 0.176206 0.652385
470 0.922642 -0.245456
470 0.620918 -0.576346
470 0.534937 -0.403974
470 0.671413 -0.837184
470 0.288109 0.654067
470 0.025411 0.773875
470 0.442051 0.528418
470 0.743346 -0.763273
470 0.918650 -0.076124
470 0.430104 0.730062
470 0.263648 1.005784
470 0.131296 0.679027
470 0.935494 -0.007810
470 0.230945 1.000802
470 0.911071 -0.754837
470 0.183756 1.504613
470 0.018133 -0.167093
470 0.224220 0.466499
470 0.492790 0.343122
470 0.348705 0.594399
470 0.907721 -0.417334
470 0.545085 0.265662
470 0.117769 0.261810
470 0.625332 -0.720855
470 0.388947 1.087531
470 0.678941 -0.697409
470 0.786177 -1.028224
470 0.985551 0.626156
470 0.576646 -0.491777
471 0.400618 0.505099
471 0.731463 -1.369370
471 0.207392 1.273594
471 0.091432 0.798800
471 0.087382 -0.071336
471 0.582805 -0.429193
471 0.888869 -0.541836
471 0.222758 0.888867
471 0.760048 -0.368828
471 0.037624 0.830823
471 0.353340 0.683252
471 0.653717 -0.889367
471 0.826251 -0.989493
471 0.943192 -0.532805
471 0.632570 -1.016157
471 0.462674 0.384438
471 0.060636 0.960272
471 0.275648 1.452068
471 0.923112 -0.227776
471 0.582897 -1.219755
471 0.342677 0.275830
471 0.248817 1.319221
471 0.113657 1.140771
471 0.751605 -0.833829
471 0.412376 0.431488
471 0.936549 0.017495
471 0.454392 0.508737
471 0.818377 -0.567889
471 0.130238 0.173019
471 0.150908 0.915358
472 0.481471 0.126144
472 0.279653 1.014758
472 0.417931 0.783764
472 0.381611 1.201791
472 0.390023 0.644640
472 0.489693 0.584094
472 0.455284 0.326655
472 0.102469 1.020914
472 0.290170 1.027848
472 0.129109 0.577399
472 0.602096 -0.021760
472 0.422815 0.289814
472 0.671926 -1.078514
472 0.087603 0.146239
472 0.344909 1.207582
472 0.180352 1.356800
472 0.092088 0.658795
472 0.773447 -1.284330
472 0.130937 0.730951
472 0.174915 0.799978
472 0.366778 0.433537
472 0.292763 0.817453
472 0.919819 -0.331031
472 0.988646 -0.252827
472 0.422401 0.556001
472 0.201135 0.420339
472 0.498112 0.515619
472 0.495669 -0.090212
472 0.466039 0.472845
472 0.020336 0.184034
473 0.926844 -0.102482
473 0.193885 0.932973
473 0.857713 -0.910957
473 0.904300 -1.171181
473 0.626687 -0.485733
473 0.967524 -0.634931
473 0.410587 0.781076
473 0.699283 -0.427256
473 0.010098 -0.321438
473 0.274680 1.338509
473 0.566369 -0.397396
473 0.875934 -1.331207
473 0.952926 -0.652928
473 0.579433 -0.425163
473 0.855871 -0.666436
473 0.799232 -1.426743
473 0.773674 -0.979446
473 0.111459 0.891526
473 0.478639 0.433385
473 0.486259 -0.037624
473 0.787458 -0.840891
473 0.586108 -0.193288
473 0.819853 -0.649484
473 0.956451 -0.002796
473 0.554664 -0.302698
473 0.791711 -0.994209
473 0.560560 -0.289760
473 0.625703 -0.939352
473 0.476006 0.483815
473 0.959595 -0.710273
474 0.181370 0.980627
474 0.753158 -1.463562
474 0.651405 -0.514790
474 0.727237 -0.733661
474 0.353884 0.196370
474 0.879576 -1.085683
474 0.446256 0.040392
474 0.134114 0.970925
474 0.767474 -1.219312
474 0.529538 -0.064126
474 0.593411 -0.608330
474 0.385121 0.682094
474 0.710720 -0.820917
474 0.035568 0.303325
474 0.491176 0.049724
474 0.427159 0.539989
474 0.746478 -0.934664
474 0.265869 0.932133
474 0.233711 0.865397
474 0.319832 1.469408
474 0.480544 -0.010868
474 0.209877 1.378490
474 0.684207 -1.121303
474 0.331611 1.114437
474 0.421527 1.008450
474 0.557593 -0.455276
474 0.376875 0.498508
474 0.701227 -1.082180
474 0.656195 -0.837089
474 0.756835 -0.902517
475 0.253603 0.948767
475 0.413766 0.583840
475 0.362190 0.519365
475 0.514406 -0.487512
475 0.412028 0.441377
475 0.726067 -0.597811
475 0.052231 0.111728
475 0.994728 0.450639
475 0.843059 -1.005736
475 0.334967 0.540380
475 0.396802 0.680012
475 0.963707 -0.022345
475 0.935804 -0.336079
475 0.393174 0.667220
475 0.059616 0.846767
475 0.987966 -0.047063
475 0.653753 -0.963775
475 0.693002 -1.276445
475 0.274595 1.370173
475 0.818704 -1.035966
475 0.557482 -0.451799
475 0.470242 0.501449
475 0.741202 -0.382228
475 0.371899 0.796147
475 0.429405 0.388061
475 0.652327 -0.819219
475 0.639586 -0.905516
475 0.971186 -0.286811
475 0.562851 -0.489869
475 0.320985 1.175392
476 0.391025 0.116297
476 0.371272 0.944256
476 0.767416 -1.428300
476 0.671483 -0.716050
476 0.872202 -0.817852
476 0.504262 -0.257954
476 0.288699 0.670967
476 0.504250 0.035185
476 0.215502 0.750353
476 0.060531 0.369730
476 0.499683 0.122413
476 0.413605 0.700364
476 0.032229 0.481416
476 0.721274 -0.934337
476 0.644351 -1.102677
476 0.073802 0.586990
476 0.710024 -0.771759
476 0.082822 0.442749
476 0.517657 -0.197083
476 0.622247 0.047783
476 0.498986 -0.381541
476 0.747406 -0.851765
476 0.385567 0.972447
476 0.212956 0.870655
476 0.486408 0.034742
476 0.342237 0.716274
476 0.151276 0.813771
476 0.471083 0.450538
476 0.201430 0.894333
476 0.470296 1.118731
477 0.528708 -0.019286
477 0.865190 -1.019390
477 0.821943 -0.623997
477 0.897557 -1.136631
477 0.969516 -0.226853
477 0.713028 -1.526879
477 0.162398 0.705150
477 0.036413 0.140636
477 0.151407 0.634473
477 0.201100 0.803104
477 0.061390 0.667583
477 0.453452 0.940656
477 0.783878 -0.875639
477 0.004252 -0.231301
477 0.803626 -0.924546
477 0.925307 -0.558550
477 0.151986 1.083106
477 0.021346 0.220078
477 0.479365 -0.344048
477 0.868530 -0.405879
477 0.736831 -0.706527
477 0.034699 0.664806
477 0.673264 -1.040935
477 0.817745 -0.820477
477 0.271050 0.635834
477 0.653413 -0.836809
477 0.493949 0.157106
477 0.205629 0.770572
477 0.901509 -0.477384
477 0.223008 1.036053
478 0.536302 -0.836923
478 0.704393 -0.590062
478 0.675127 -0.885391
478 0.760674 -0.926745
478 0.851475 -0.398042
478 0.739392 -1.794222
478 0.180139 1.149636
478 0.846579 -0.436715
478 0.332023 0.663527
478 0.665976 -1.282032
478 0.990970 0.435270
478 0.294642 0.434001
478 0.270211 1.117543
478 0.182163 1.217464
478 0.984078 0.019105
478 0.426936 0.612511
478 0.783865 -1.056953
478 0.049240 0.443285
478 0.180424 0.693418
478 0.063184 0.212970
478 0.815635 -0.905499
478 0.106553 0.158637
478 0.923162 -0.291140
478 0.663757 -1.600963
478 0.909538 -0.429431
478 0.408859 0.678929
478 0.525658 -0.398872
478 0.027572 -0.197813
478 0.465906 0.090134
478 0.590717 -0.347722
479 0.230812 0.869534
479 0.095961 0.276741
479 0.010663 -0.088885
479 0.018828 0.332395
479 0.398625 0.855310
479 0.054277 0.537116
479 0.394558 0.415761
479 0.437410 0.185486
479 0.445386 0.923394
479 0.191655 0.683957
479 0.498715 0.433029
479 0.392317 0.747511
479 0.989527 -0.285536
479 0.045369 -0.074129
479 0.053879 0.125424
479 0.824530 -0.767054
479 0.266019 0.722051
479 0.183786 1.381023
479 0.874485 -0.771748
479 0.532729 0.005937
479 0.615790 -0.479112
479 0.007961 0.536568
479 0.260751 0.866328
479 0.259203 1.030153
479 0.760892 -1.418077
479 0.385552 0.689650
479 0.577435 -0.125567
479 0.931904 -0.349085
479 0.984677 0.597673
479 0.127329 0.873293
480 0.960145 0.336441
480 0.658460 -1.114534
480 0.820639 -0.701329
480 0.562814 -0.763792
480 0.619485 -0.478679
480 0.880998 -1.195693
480 0.261969 0.633111
480 0.694525 -1.324652
480 0.899309 -0.515653
480 0.936292 -0.283326
480 0.444048 1.079502
480 0.856712 -0.810903
480 0.503860 0.207514
480 0.257886 1.047034
480 0.250959 1.206651
480 0.451767 0.341541
480 0.257889 1.328657
480 0.029979 -0.128553
480 0.105547 -0.118623
480 0.849220 -0.686667
480 0.882509 -1.214495
480 0.873044 -0.322223
480 0.553712 -0.495550
480 0.935217 -0.707365
480 0.499093 0.815857
480 0.462545 0.227637
480 0.474382 0.097236
480 0.254112 1.224059
480 0.613503 -0.409590
480 0.448951 0.657016
481 0.601685 -0.415837
481 0.543264 -1.095125
481 0.946941 -0.328125
481 0.324328 1.160944
481 0.377632 0.809166
481 0.595682 -0.504075
481 0.596367 -0.300512
481 0.787441 -0.930664
481 0.794516 -0.600051
481 0.010871 0.116778
481 0.764199 -0.971368
481 0.717869 -0.711966
481 0.585770 -0.632777
481 0.316987 0.583553
481 0.907056 -0.550212
481 0.738220 -0.820150
481 0.257287 1.276561
481 0.305220 1.219681
481 0.710456 -0.989886
481 0.917654 -0.546027
481 0.490541 -0.118238
481 0.879200 -0.613241
481 0.382114 0.182465
481 0.395164 0.618922
481 0.685941 -0.065183
481 0.050538 -0.138931
481 0.138922 0.813228
481 0.728425 -0.877475
481 0.242085 1.150703
481 0.175079 0.601239
482 0.840363 -0.787592
482 0.588904 -0.709817
482 0.702124 -1.359215
482 0.462858 -0.227818
482 0.218371 1.077212
482 0.049980 0.546860
482 0.653705 -1.089547
482 0.669213 -0.797335
482 0.665264 -0.913849
482 0.562407 -0.166666
482 0.342401 1.095972
482 0.242037 0.318885
482 0.065705 0.710849
482 0.148009 0.877259
482 0.628298 -0.881014
482 0.768071 -1.144599
482 0.907623 -0.538853
482 0.083917 0.352047
482 0.814026 -1.201268
482 0.597420 -0.786932
482 0.301316 0.636420
482 0.725793 -0.584485
482 0.989354 -0.050069
482 0.379418 1.363063
482 0.627438 -0.606532
482 0.260833 1.174357
482 0.205028 0.641861
482 0.149131 0.740334
482 0.032154 0.222463
482 0.723810 -1.177666
483 0.170151 0.636575
483 0.652480 -1.116394
483 0.148231 1.163459
483 0.724835 -0.496213
483 0.388913 0.105218
483 0.839583 -0.671091
483 0.088412 0.785055
483 0.460523 -0.118003
483 0.167217 0.726224
483 0.868863 -0.906953
483 0.125248 1.278492
483 0.485195 0.588622
483 0.105251 0.337801
483 0.797712 -1.393174
483 0.282040 1.211698
483 0.594059 -0.394000
483 0.170144 1.249939
483 0.351606 0.485323
483 0.113697 0.872212
483 0.550831 -0.533507
483 0.003453 0.208644
483 0.993071 -0.054655
483 0.416279 1.072294
483 0.629447 -0.592368
483 0.286781 0.879216
483 0.253248 1.041172
483 0.846135 -0.853207
483 0.758183 -1.345009
483 0.643292 -0.206065
483 0.752305 -0.520279
484 0.907673 -0.668166
484 0.951730 0.133447
484 0.859679 -0.214421
484 0.095168 0.385883
484 0.529245 -0.492467
484 0.381512 0.569234
484 0.097068 0.447110
484 0.564209 0.068245
484 0.212825 0.662244
484 0.581737 -0.268561
484 0.817389 -0.495339
484 0.393838 0.864425
484 0.949829 -0.179105
484 0.766469 -1.043315
484 0.804282 -0.387706
484 0.112291 0.574874
484 0.941873 -0.072672
484 0.034529 0.167635
484 0.843895 -1.383473
484 0.029651 0.104332
484 0.162457 0.805615
484 0.315345 0.873873
484 0.737761 -1.195137
484 0.899420 -0.402996
484 0.666499 -0.644371
484 0.727769 -1.082006
484 0.289773 0.874672
484 0.975377 -0.469304
484 0.407734 0.624101
484 0.912914 -0.106904
485 0.234805 1.454689
485 0.446287 0.991920
485 0.466082 0.334889
485 0.525921 -0.732176
485 0.592855 -0.407787
485 0.587905 -0.302079
485 0.367252 0.670124
485 0.900679 -0.519792
485 0.511657 -0.218203
485 0.832116 -0.909933
485 0.557379 -0.047516
485 0.370613 1.143033
485 0.738648 -1.378670
485 0.176960 0.743133
485 0.969680 -0.665890
485 0.572303 0.112672
485 0.104166 0.869990
485 0.421358 -0.126043
485 0.712538 -0.991786
485 0.068110 0.329965
485 0.261380 0.770663
485 0.924374 -0.146607
485 0.356203 1.089516
485 0.159163 0.922333
485 0.098383 0.387038
485 0.619063 -0.870216
485 0.558133 -0.344015
485 0.647742 -0.937736
485 0.958037 -0.262365
485 0.060118 0.536240
486 0.864515 -1.283259
486 0.709196 -1.198046
486 0.005239 0.362315
486 0.959672 0.199846
486 0.159268 0.971013
486 0.000262 0.346200
486 0.427272 0.577812
486 0.140782 1.062563
486 0.570148 -0.383083
486 0.311430 1.070417
486 0.185178 0.551665
486 0.985345 0.124691
486 0.332729 0.492212
486 0.414733 0.726788
486 0.294240 0.829920
486 0.836987 -0.743323
486 0.196784 0.658780
486 0.127658 0.567732
486 0.881458 -0.567450
486 0.183360 1.139912
486 0.857938 -0.450569
486 0.578178 -0.816711
486 0.823372 -1.345944
486 0.070158 0.134086
486 0.963621 -0.546274
486 0.299763 1.421565
486 0.058627 0.762152
486 0.764886 -1.294614
486 0.178454 1.413741
486 0.351112 1.189041
487 0.596372 -1.080509
487 0.219161 0.823690
487 0.959339 -0.215510
487 0.512135 -0.108191
487 0.750719 -1.045338
487 0.125784 0.372674
487 0.616925 -0.965098
487 0.865180 -0.895867
487 0.022991 -0.026207
487 0.539986 0.080820
487 0.246762 1.078968
487 0.478389 -0.024399
487 0.815995 -0.586750
487 0.690071 -0.796056
487 0.754499 -1.406864
487 0.211683 -0.001343
487 0.832520 -1.266440
487 0.613992 -0.478068
487 0.069302 0.689253
487 0.862709 -1.257620
487 0.055755 0.540792
487 0.028771 0.366010
487 0.833747 -0.446210
487 0.013024 0.366857
487 0.088434 0.933058
487 0.016953 0.252827
487 0.880279 -0.546793
487 0.044695 0.175968
487 0.372680 0.963417
487 0.216992 0.578849
488 0.506526 -0.176652
488 0.155512 0.779189
488 0.735232 -1.169562
488 0.233790 1.007320
488 0.187667 1.309351
488 0.267591 0.675342
488 0.578276 -0.213478
488 0.292589 1.028982
488 0.040813 0.365875
488 0.387497 0.640249
488 0.234388 0.779972
488 0.511447 0.061595
488 0.459562 0.407009
488 0.078083 0.231024
488 0.245314 0.598012
488 0.281484 1.006089
488 0.484737 0.322172
488 0.822219 -0.597276
488 0.218603 1.341601
488 0.158187 0.949586
488 0.001022 -0.072545
488 0.606503 -0.620989
488 0.325640 0.516221
488 0.670155 -1.081570
488 0.690142 -0.946079
488 0.044704 0.197210
488 0.418412 0.518078
488 0.967983 -0.612268
488 0.275144 0.642106
488 0.529550 0.048072
489 0.421099 0.253508
489 0.682316 -1.061600
489 0.885102 -0.546126
489 0.689967 -1.128909
489 0.094205 0.568043
489 0.338061 1.100403
489 0.750063 -0.661608
489 0.907751 -0.339929
489 0.633827 -0.609657
489 0.596155 -0.610561
489 0.379220 0.517434
489 0.478052 0.299172
489 0.432228 0.097801
489 0.055176 0.375520
489 0.021853 -0.185828
489 0.617404 -0.684949
489 0.509839 -0.377893
489 0.244891 0.879316
489 0.892751 -0.826797
489 0.206595 0.724074
489 0.700499 -0.978227
489 0.788363 -1.698230
489 0.840227 -1.384307
489 0.839530 -0.604793
489 0.794182 -0.917472
489 0.457800 0.045043
489 0.623912 -0.410083
489 0.857711 -0.971353
489 0.420289 0.306252
489 0.670855 -1.113898
490 0.858319 -0.831543
490 0.401995 0.404553
490 0.546166 0.389303
490 0.025373 -0.093176
490 0.491429 -0.632004
490 0.409269 0.298607
490 0.534560 -0.176057
490 0.375273 0.592835
490 0.075442 0.762037
490 0.043960 0.567367
490 0.949797 -0.405747
490 0.603819 -1.111694
490 0.643396 -1.168884
490 0.915419 -0.516435
490 0.550862 -0.783513
490 0.615553 -0.774250
490 0.523039 0.282140
490 0.175974 0.996619
490 0.311511 0.939940
490 0.884340 -0.976649
490 0.443864 0.399964
490 0.204150 0.881232
490 0.828040 -0.810581
490 0.087305 0.739582
490 0.639530 -0.499192
490 0.700124 -0.912631
490 0.303768 1.097051
490 0.166885 0.713116
490 0.448293 0.658972
490 0.755032 -1.265637
491 0.767666 -0.936615
491 0.610326 -0.995377
491 0.668808 -0.690532
491 0.600549 -0.652905
491 0.646830 -0.540596
491 0.219237 1.411441
491 0.976702 -0.666467
491 0.756639 -1.137474
491 0.234244 0.632266
491 0.513648 0.561831
491 0.789217 -1.101888
491 0.911160 -0.924192
491 0.383844 1.338842
491 0.483730 -0.115774
491 0.309883 0.443489
491 0.376579 0.352535
491 0.227709 1.033165
491 0.029912 0.200561
491 0.416331 0.251026
491 0.470579 0.038295
491 0.779897 -0.966484
491 0.522622 0.255516
491 0.326397 0.986970
491 0.463243 0.059955
491 0.796133 -1.026811
491 0.480951 0.350316
491 0.555183 0.164200
491 0.172999 0.553846
491 0.007635 0.382188
491 0.929677 -0.521450
492 0.965828 0.152857
492 0.863996 -0.594019
492 0.323805 0.335905
492 0.727265 -1.194914
492 0.075964 0.686674
492 0.136207 0.285957
492 0.459613 0.025167
492 0.459625 1.049427
492 0.505751 -0.135450
492 0.475197 0.480020
492 0.641379 -0.325866
492 0.954345 -0.555487
492 0.172689 0.964231
492 0.357462 1.398224
492 0.074265 0.587731
492 0.199983 1.660679
492 0.987305 -0.270747
492 0.039557 0.785120
492 0.213678 0.979073
492 0.426504 0.347305
492 0.292669 1.156288
492 0.545223 -0.313775
492 0.990447 -0.085360
492 0.703933 -0.812844
492 0.405860 0.015284
492 0.682937 -1.152126
492 0.872257 -0.502397
492 0.229003 1.288769
492 0.716929 -0.871321
492 0.613950 -0.573589
493 0.150856 0.511758
493 0.469036 -0.007318
493 0.321495 1.099309
493 0.929483 -0.476922
493 0.632682 -1.212981
493 0.184927 0.821508
493 0.992339 0.475816
493 0.694175 -0.320247
493 0.134675 0.557635
493 0.799552 -1.225914
493 0.557558 -0.491222
493 0.400261 1.127027
493 0.196317 1.196280
493 0.277928 1.423869
493 0.167258 1.167481
493 0.803355 -1.340141
493 0.272975 0.704944
493 0.469962 -0.021235
493 0.967914 -0.356830
493 0.994557 -0.237683
493 0.791268 -1.135160
493 0.798911 -0.761002
493 0.944847 -0.298904
493 0.796823 -0.591102
493 0.450951 0.378878
493 0.060311 0.167057
493 0.208370 1.022524
493 0.444549 -0.111992
493 0.265410 0.301765
493 0.329183 1.071733
494 0.583643 -0.398733
494 0.147077 0.863479
494 0.685843 -0.581781
494 0.214694 0.811488
494 0.451992 0.368528
494 0.033350 0.941846
494 0.797861 -0.967410
494 0.627107 -0.717060
494 0.208773 0.587621
494 0.601752 -0.810616
494 0.437007 0.353631
494 0.826268 -0.727326
494 0.983720 0.092640
494 0.124520 0.802855
494 0.490107 0.303351
494 0.258023 0.698927
494 0.749682 -0.853323
494 0.034463 0.218857
494 0.544575 -0.238958
494 0.857095 -0.890714
494 0.389286 0.354964
494 0.837897 -1.215880
494 0.146890 0.893581
494 0.918326 -0.341590
494 0.791452 -1.005144
494 0.391098 0.627647
494 0.130628 0.515600
494 0.520423 0.022951
494 0.670426 -0.859406
494 0.128927 0.614651
495 0.344354 1.231354
495 0.820270 -0.376365
495 0.983531 0.202166
495 0.877921 -0.433362
495 0.948412 0.211041
495 0.641850 -1.092119
495 0.482817 -0.210098
495 0.514722 -0.216685
495 0.458492 0.347213
495 0.154870 0.738835
495 0.305762 0.633250
495 0.090374 0.539507
495 0.088560 0.499853
495 0.311834 1.177869
495 0.666126 -0.850959
495 0.613710 -1.226579
495 0.559463 -0.249345
495 0.748932 -0.525442
495 0.422692 0.475544
495 0.442102 0.651901
495 0.518018 -0.264508
495 0.066591 0.576024
495 0.581692 -0.714420
495 0.750239 -1.073949
495 0.263642 0.924740
495 0.854814 -0.647864
495 0.266216 0.747567
495 0.513214 -0.522393
495 0.874474 -0.568405
495 0.738129 -0.867462
496 0.666880 -0.604353
496 0.217084 0.763339
496 0.261452 1.313336
496 0.891558 -0.219613
496 0.917582 -0.409480
496 0.806979 -0.567857
496 0.122065 0.285571
496 0.818532 -1.076170
496 0.019228 0.177343
496 0.596554 -0.503164
496 0.675262 -0.462984
496 0.426403 0.146467
496 0.479213 -0.030852
496 0.741849 -1.024184
496 0.894877 -0.769105
496 0.189338 0.615449
496 0.138485 0.621444
496 0.629992 -0.802592
496 0.230760 1.426965
496 0.194225 0.633150
496 0.203491 1.202161
496 0.196839 1.326372
496 0.477118 -0.010502
496 0.964390 -0.143914
496 0.828070 -0.709303
496 0.543336 -0.145632
496 0.081165 0.512800
496 0.672931 -1.088679
496 0.451142 0.500919
496 0.778360 -1.096503
497 0.753245 -0.534156
497 0.770050 -0.582195
497 0.043509 0.956900
497 0.617322 -0.537014
497 0.242840 1.192417
497 0.632875 -0.787701
497 0.726379 -1.094139
497 0.222743 1.246946
497 0.260760 1.406309
497 0.611574 -0.409018
497 0.582263 -0.746107
497 0.886167 -0.538308
497 0.510368 -0.296146
497 0.799767 -1.048857
497 0.732007 -0.502748
497 0.665700 -1.222847
497 0.191773 1.584429
497 0.276360 1.151175
497 0.566769 -0.547161
497 0.065944 0.423047
497 0.045049 0.073800
497 0.049817 0.143849
497 0.921308 -0.452549
497 0.688879 -1.025836
497 0.836762 -1.134946
497 0.963417 -0.294263
497 0.700969 -1.347305
497 0.515321 -0.477662
497 0.479018 -0.253163
497 0.746027 -0.498291
498 0.729018 -1.057418
498 0.870737 -0.723864
498 0.125878 0.352881
498 0.540501 -0.235440
498 0.483533 -0.146097
498 0.664000 -0.962387
498 0.237989 1.113387
498 0.127326 0.574376
498 0.973444 -0.253209
498 0.465682 0.460032
498 0.232020 0.727047
498 0.128656 0.528636
498 0.593598 -0.931154
498 0.147762 0.553814
498 0.183043 0.951538
498 0.952153 -0.104286
498 0.029166 -0.059621
498 0.186830 1.105205
498 0.671219 -0.848406
498 0.216894 0.563663
498 0.181940 0.962318
498 0.556500 0.010715
498 0.695956 -1.510540
498 0.430633 1.023740
498 0.781288 -1.163894
498 0.815210 -1.411961
498 0.623084 -0.657017
498 0.577819 -0.220374
498 0.816305 -0.998597
498 0.015030 0.187775
499 0.355500 0.689071
499 0.318529 0.780039
499 0.243432 0.343092
499 0.108178 0.164262
499 0.003180 -0.381999
499 0.774712 -0.820978
499 0.456916 0.171253
499 0.161944 0.690540
499 0.082177 0.299071
499 0.278438 0.750385
499 0.354374 1.069597
499 0.461418 0.268052
499 0.101054 0.890526
499 0.979923 -0.783827
499 0.268746 1.152891
499 0.441296 0.215404
499 0.709015 -1.051468
499 0.310190 1.335184
499 0.082497 0.378487
499 0.376540 0.847799
499 0.552873 -0.631516
499 0.841754 -0.827539
499 0.367926 0.260453
499 0.889521 -0.656934
499 0.546075 -0.169850
499 0.717487 -0.647293
499 0.030166 -0.056963
499 0.895727 -0.767979
499 0.213447 0.780505
499 0.325869 0.812312
